time_s,shoulder_pan.pos,shoulder_lift.pos,elbow_flex.pos,wrist_flex.pos,wrist_roll.pos,gripper.pos,eflesh_on_motor.m0.bx,eflesh_on_motor.m0.by,eflesh_on_motor.m0.bz,eflesh_on_motor.m1.bx,eflesh_on_motor.m1.by,eflesh_on_motor.m1.bz,eflesh_on_motor.m2.bx,eflesh_on_motor.m2.by,eflesh_on_motor.m2.bz,eflesh_on_motor.m3.bx,eflesh_on_motor.m3.by,eflesh_on_motor.m3.bz,eflesh_on_motor.m4.bx,eflesh_on_motor.m4.by,eflesh_on_motor.m4.bz,eflesh_not_motor.m0.bx,eflesh_not_motor.m0.by,eflesh_not_motor.m0.bz,eflesh_not_motor.m1.bx,eflesh_not_motor.m1.by,eflesh_not_motor.m1.bz,eflesh_not_motor.m2.bx,eflesh_not_motor.m2.by,eflesh_not_motor.m2.bz,eflesh_not_motor.m3.bx,eflesh_not_motor.m3.by,eflesh_not_motor.m3.bz,eflesh_not_motor.m4.bx,eflesh_not_motor.m4.by,eflesh_not_motor.m4.bz,policy_cmd.shoulder_pan.pos,policy_cmd.shoulder_lift.pos,policy_cmd.elbow_flex.pos,policy_cmd.wrist_flex.pos,policy_cmd.wrist_roll.pos,policy_cmd.gripper.pos,sent_cmd.shoulder_pan.pos,sent_cmd.shoulder_lift.pos,sent_cmd.elbow_flex.pos,sent_cmd.wrist_flex.pos,sent_cmd.wrist_roll.pos,sent_cmd.gripper.pos,eflesh_on_motor_total,eflesh_not_motor_total,eflesh_combined_total,eflesh_asymmetry
0.0,-2.3905847738138988,-97.13080168776371,97.94826048171274,69.89247311827958,-2.4746027611357135,15.207373271889402,0.1435546875,-2.25634765625,4.3369140625,-3.697265625,-0.76800537109375,-2.244140625,0.911865234375,-1.53515625,0.8525390625,0.384521484375,-1.05712890625,-2.32177734375,1.248046875,1.727935791015625,1.39404296875,-0.7199859619140625,1.9683837890625,3.40740966796875,3.5537109375,-0.335968017578125,-3.4075927734375,-1.77587890625,1.8232421875,2.556396484375,-2.20806884765625,-3.5537109375,11.151458740234375,5.810546875,-3.984039306640625,2.710357666015625,-2.1556739807128906,-96.98762512207031,98.0743179321289,71.41759490966797,-3.257206439971924,11.704696655273438,-2.1556739807128906,-96.98762512207031,98.0743179321289,71.41759490966797,-3.257206439971924,11.704696655273438,16.389035974894128,32.00176578076999,48.39080175566412,-15.612729805875865
0.018148344999644905,-2.3905847738138988,-97.13080168776371,97.94826048171274,69.89247311827958,-2.4746027611357135,15.207373271889402,0.1435546875,-2.25634765625,0.46484375,1.1025390625,-0.76800537109375,-2.244140625,-1.48828125,3.2646484375,-3.01953125,-2.015380859375,-1.05712890625,1.55029296875,3.6484375,-0.67205810546875,5.26611328125,-0.7199859619140625,-2.8316650390625,3.40740966796875,1.1533203125,2.06402587890625,0.4644775390625,0.62408447265625,-0.5771484375,2.556396484375,-4.60809326171875,-5.9541015625,-0.46453857421875,1.0107421875,0.815948486328125,6.58233642578125,-2.157712936401367,-97.00410461425781,98.06804656982422,71.41911315917969,-3.2802228927612305,11.711921691894531,-2.157712936401367,-97.00410461425781,98.06804656982422,71.41911315917969,-3.2802228927612305,11.711921691894531,18.808552534620212,23.844764843704592,42.6533173783248,-5.03621230908438
0.0528365619975375,-2.3905847738138988,-97.13080168776371,97.94826048171274,69.89247311827958,-2.4746027611357135,15.207373271889402,-2.25634765625,2.54345703125,4.3369140625,-6.09765625,-0.76800537109375,1.6279296875,-3.88818359375,-3.93505859375,4.724609375,0.384521484375,1.3427734375,1.55029296875,6.0478515625,-0.67205810546875,1.39404296875,-3.1199874877929688,-2.8316650390625,7.279388427734375,3.5537109375,-0.335968017578125,0.4644775390625,-1.77587890625,-0.5771484375,-5.187744140625,-2.20806884765625,-1.1533203125,7.27947998046875,-1.3896484375,-1.58404541015625,2.710357666015625,-2.1562423706054688,-97.04256439208984,98.09868621826172,71.41026306152344,-3.2997288703918457,11.726579666137695,-2.1562423706054688,-97.04256439208984,98.09868621826172,71.41026306152344,-3.2997288703918457,11.726579666137695,27.472943505536165,28.65111778588199,56.12406129141816,-1.178174280345825
0.08144920899940189,-2.3905847738138988,-97.13080168776371,97.94826048171274,69.89247311827958,-2.6308934618390225,14.483212639894669,2.54345703125,9.74365234375,4.3369140625,-1.2978515625,4.03204345703125,1.6279296875,-6.288330078125,-3.93505859375,-3.01953125,-2.015380859375,-3.45703125,5.42236328125,-1.1513671875,1.727935791015625,9.137939453125,1.6800155639648438,1.9683837890625,7.279388427734375,-18.0458984375,-2.7359619140625,-7.279541015625,0.62408447265625,-2.9775390625,6.428466796875,0.19195556640625,-13.1533203125,-8.208526611328125,-6.189453125,3.2159423828125,10.454345703125,-2.157729148864746,-97.025634765625,98.08995056152344,71.40967559814453,-3.309581756591797,11.737869262695312,-2.157729148864746,-97.025634765625,98.08995056152344,71.40967559814453,-3.309581756591797,11.737869262695312,39.62118625916965,62.5612369328551,102.18242319202474,-22.940050673685455
0.11764448099711444,-2.3905847738138988,-97.21518987341773,97.94826048171274,69.89247311827958,-2.682990362073454,13.16655694535879,4.943603515625,7.34326171875,-3.4071044921875,5.90234375,-5.5679931640625,1.6279296875,-1.48828125,-1.53515625,-3.01953125,0.384521484375,-8.25732421875,-2.32177734375,-1.1513671875,-0.67205810546875,-2.47802734375,-3.1199874877929688,1.9683837890625,-0.464599609375,-32.4462890625,-2.7359619140625,-18.8955078125,-11.37591552734375,-7.77734375,6.428466796875,4.991943359375,-25.1533203125,-8.208526611328125,1.0107421875,-3.984039306640625,6.58233642578125,-2.172915458679199,-97.01856994628906,98.08023071289062,71.40006256103516,-3.296082019805908,11.780487060546875,-2.172915458679199,-97.01856994628906,98.08023071289062,71.40006256103516,-3.296082019805908,11.780487060546875,32.86112565120098,91.25693714918803,124.11806280038901,-58.395811497987054
0.14573402099995292,-2.3905847738138988,-97.21518987341773,97.94826048171274,69.89247311827958,-2.7350872623078857,12.639894667544437,-2.25634765625,9.74365234375,0.46484375,-3.697265625,1.63201904296875,9.3720703125,-3.88818359375,3.2646484375,-3.01953125,2.784423828125,-10.6572265625,-6.19384765625,-1.1513671875,-0.67205810546875,5.26611328125,1.6800155639648438,-2.8316650390625,-0.464599609375,-39.646484375,-2.7359619140625,-15.0235595703125,-8.97589111328125,-7.77734375,-1.315673828125,2.5919189453125,-27.5537109375,-8.208526611328125,1.0107421875,-6.384063720703125,10.454345703125,-2.1807689666748047,-96.99711608886719,98.04136657714844,71.39415740966797,-3.292693614959717,11.798486709594727,-2.1807689666748047,-96.99711608886719,98.04136657714844,71.39415740966797,-3.292693614959717,11.798486709594727,44.19490047902554,98.91825284064123,143.11315331966676,-54.72335236161569
0.18204748000061954,-2.3905847738138988,-97.21518987341773,97.94826048171274,69.89247311827958,-2.7350872623078857,12.442396313364055,0.1435546875,9.74365234375,8.2088623046875,1.1025390625,1.63201904296875,1.6279296875,-3.88818359375,8.06494140625,-6.8916015625,-2.015380859375,-13.05712890625,5.42236328125,-5.9521484375,-0.67205810546875,5.26611328125,-3.1199874877929688,1.9683837890625,3.40740966796875,-39.646484375,-0.335968017578125,-18.8955078125,-6.57586669921875,-10.1767578125,-5.187744140625,2.5919189453125,-32.353515625,-12.080535888671875,-1.3896484375,-1.58404541015625,10.454345703125,-2.179576873779297,-97.05265808105469,98.08415985107422,71.38790893554688,-3.319430351257324,11.78955078125,-2.179576873779297,-97.05265808105469,98.08415985107422,71.38790893554688,-3.319430351257324,11.78955078125,48.85204953843478,107.4196184665748,156.2716680050096,-58.56756892814003
0.21425541799908387,-2.3905847738138988,-97.21518987341773,97.94826048171274,69.89247311827958,-2.7350872623078857,12.244897959183673,9.74365234375,9.74365234375,4.3369140625,-1.2978515625,1.63201904296875,13.244140625,-3.88818359375,8.06494140625,-6.8916015625,0.384521484375,-8.25732421875,-2.32177734375,1.248046875,6.527923583984375,5.26611328125,-0.7199859619140625,-2.8316650390625,-0.464599609375,-39.646484375,-0.335968017578125,-15.0235595703125,-8.97589111328125,-7.77734375,-1.315673828125,4.991943359375,-34.75390625,-19.82452392578125,3.4111328125,-1.58404541015625,14.32635498046875,-2.187403678894043,-97.03036499023438,98.06138610839844,71.3846664428711,-3.3234996795654297,11.810556411743164,-2.187403678894043,-97.03036499023438,98.06138610839844,71.3846664428711,-3.3234996795654297,11.810556411743164,56.2174616385979,112.43917586945794,168.65663750805584,-56.221714230860044
0.25282539399995585,-2.3905847738138988,-97.21518987341773,97.94826048171274,69.89247311827958,-2.7350872623078857,12.113232389730086,4.943603515625,7.34326171875,8.2088623046875,1.1025390625,-0.76800537109375,-2.244140625,-3.88818359375,5.66455078125,-3.01953125,-2.015380859375,-5.85693359375,1.55029296875,-3.5517578125,1.727935791015625,13.010009765625,-0.7199859619140625,4.368408203125,-0.464599609375,-34.8466796875,-0.335968017578125,-15.0235595703125,-6.57586669921875,-5.376953125,-1.315673828125,4.991943359375,-22.75390625,-8.208526611328125,1.0107421875,-1.58404541015625,10.454345703125,-2.1787519454956055,-97.0443115234375,98.06983947753906,71.38119506835938,-3.3151121139526367,11.81141471862793,-2.1787519454956055,-97.0443115234375,98.06983947753906,71.38119506835938,-3.3151121139526367,11.81141471862793,42.17451773598292,86.31692207036954,128.49143980635245,-44.142404334386626
0.2900875539999106,-2.3905847738138988,-97.21518987341773,97.94826048171274,69.89247311827958,-2.7350872623078857,12.113232389730086,7.343505859375,9.74365234375,8.2088623046875,1.1025390625,-5.5679931640625,9.3720703125,-8.688232421875,8.06494140625,0.8525390625,-4.41552734375,-8.25732421875,-6.19384765625,1.248046875,4.1279296875,13.010009765625,-5.519981384277344,-2.8316650390625,-0.464599609375,-42.0458984375,-0.335968017578125,-22.767578125,-6.57586669921875,-12.5771484375,10.30029296875,2.5919189453125,-29.9541015625,-12.080535888671875,-3.7890625,-3.984039306640625,6.58233642578125,-2.201223373413086,-97.05894470214844,98.07227325439453,71.37863159179688,-3.331352710723877,11.816484451293945,-2.201223373413086,-97.05894470214844,98.07227325439453,71.37863159179688,-3.331352710723877,11.816484451293945,62.480542862671875,112.55199293719068,175.03253579986256,-50.0714500745188
0.3168829269998241,-2.3905847738138988,-97.21518987341773,97.94826048171274,69.89247311827958,-2.7350872623078857,12.047399605003292,9.74365234375,14.54345703125,8.2088623046875,1.1025390625,4.03204345703125,5.5,-8.688232421875,5.66455078125,-3.01953125,-2.015380859375,-13.05712890625,-10.065673828125,3.6484375,6.527923583984375,5.26611328125,4.08001708984375,4.368408203125,-4.33660888671875,-18.0458984375,-0.335968017578125,-11.1514892578125,-1.77587890625,-10.1767578125,-9.0595703125,4.991943359375,-15.5537109375,-8.208526611328125,8.2109375,-1.58404541015625,2.710357666015625,-2.1890745162963867,-97.08892822265625,98.10480499267578,71.37997436523438,-3.3485913276672363,11.824857711791992,-2.1890745162963867,-97.08892822265625,98.10480499267578,71.37997436523438,-3.3485913276672363,11.824857711791992,62.80103748641817,69.41345360612577,132.21449109254394,-6.6124161197076035
0.3514988259994425,-2.3905847738138988,-97.21518987341773,97.94826048171274,69.89247311827958,-2.7350872623078857,11.981566820276496,7.343505859375,14.54345703125,8.2088623046875,-1.2978515625,-3.16796875,5.5,-3.88818359375,8.06494140625,4.724609375,-4.41552734375,-5.85693359375,-6.19384765625,3.6484375,-0.67205810546875,-2.47802734375,-3.1199874877929688,-0.431640625,-4.33660888671875,-20.4462890625,2.06402587890625,-7.279541015625,-6.57586669921875,-2.9775390625,-1.315673828125,4.991943359375,-17.9541015625,-0.46453857421875,3.4111328125,-3.984039306640625,2.710357666015625,-2.2270002365112305,-97.05645751953125,98.05257415771484,71.36980438232422,-3.3232789039611816,11.850202560424805,-2.2270002365112305,-97.05645751953125,98.05257415771484,71.36980438232422,-3.3232789039611816,11.850202560424805,48.90688434699878,59.04338251842932,107.95026686542809,-10.136498171430539
0.38603674799742294,-2.3905847738138988,-97.21518987341773,97.94826048171274,69.89247311827958,-2.7350872623078857,11.981566820276496,9.74365234375,9.74365234375,8.2088623046875,-1.2978515625,-0.76800537109375,9.3720703125,-3.88818359375,5.66455078125,4.724609375,-2.015380859375,-10.6572265625,-2.32177734375,-3.5517578125,1.727935791015625,13.010009765625,-0.7199859619140625,1.9683837890625,-4.33660888671875,-20.4462890625,-0.335968017578125,-7.279541015625,-8.97589111328125,-7.77734375,-5.187744140625,4.991943359375,-20.353515625,-4.3365478515625,3.4111328125,-3.984039306640625,2.710357666015625,-2.1977930068969727,-97.10981750488281,98.12161254882812,71.36314392089844,-3.342031478881836,11.873748779296875,-2.1977930068969727,-97.10981750488281,98.12161254882812,71.36314392089844,-3.342031478881836,11.873748779296875,58.55853455863159,66.78732361869419,125.34585817732578,-8.228789060062596
0.4246597089986608,-2.3905847738138988,-97.21518987341773,97.94826048171274,69.89247311827958,-2.7350872623078857,11.981566820276496,2.54345703125,9.74365234375,12.0809326171875,-1.2978515625,4.03204345703125,9.3720703125,0.911865234375,3.2646484375,-3.01953125,-2.015380859375,-10.6572265625,1.55029296875,3.6484375,-0.67205810546875,9.137939453125,-3.1199874877929688,4.368408203125,-8.208587646484375,-18.0458984375,2.06402587890625,-11.1514892578125,-6.57586669921875,-10.1767578125,-1.315673828125,2.5919189453125,-15.5537109375,-4.3365478515625,1.0107421875,-3.984039306640625,2.710357666015625,-2.2106761932373047,-97.07772827148438,98.08853149414062,71.36650085449219,-3.346181869506836,11.852415084838867,-2.2106761932373047,-97.07772827148438,98.08853149414062,71.36650085449219,-3.346181869506836,11.852415084838867,51.37053308255652,64.58644027055983,115.95697335311635,-13.215907188003314
0.45851179999954184,-2.3905847738138988,-97.21518987341773,97.94826048171274,69.89247311827958,-2.7350872623078857,11.981566820276496,4.943603515625,9.74365234375,8.2088623046875,1.1025390625,4.03204345703125,9.3720703125,-6.288330078125,3.2646484375,-3.01953125,-4.41552734375,-5.85693359375,-6.19384765625,1.248046875,-3.07208251953125,5.26611328125,-0.7199859619140625,-0.431640625,-4.33660888671875,-22.8466796875,-2.7359619140625,-15.0235595703125,-4.1759033203125,-5.376953125,-5.187744140625,4.991943359375,-13.1533203125,-0.46453857421875,8.2109375,-1.58404541015625,-1.161651611328125,-2.206027030944824,-97.107666015625,98.12173461914062,71.36166381835938,-3.348842144012451,11.871011734008789,-2.206027030944824,-97.107666015625,98.12173461914062,71.36166381835938,-3.348842144012451,11.871011734008789,47.453345379513664,62.975742731241986,110.42908811075566,-15.522397351728323
0.48932844499722705,-2.3905847738138988,-97.21518987341773,97.94826048171274,69.89247311827958,-2.7350872623078857,11.981566820276496,7.343505859375,12.1435546875,8.2088623046875,3.5029296875,-0.76800537109375,13.244140625,0.911865234375,10.46484375,-3.01953125,-2.015380859375,-15.45703125,-2.32177734375,-1.1513671875,1.727935791015625,9.137939453125,-5.519981384277344,1.9683837890625,3.40740966796875,-20.4462890625,-0.335968017578125,-11.1514892578125,-6.57586669921875,-5.376953125,2.556396484375,4.991943359375,-17.9541015625,-4.3365478515625,1.0107421875,-1.58404541015625,6.58233642578125,-2.2014646530151367,-97.08444213867188,98.10731506347656,71.35945892333984,-3.347672462463379,11.867961883544922,-2.2014646530151367,-97.08444213867188,98.10731506347656,71.35945892333984,-3.347672462463379,11.867961883544922,66.17610286634604,64.9201108677869,131.09621373413296,1.2559919985591392
0.5213559479998366,-2.3905847738138988,-97.21518987341773,97.94826048171274,69.89247311827958,-2.7350872623078857,11.981566820276496,4.943603515625,7.34326171875,8.2088623046875,3.5029296875,1.63201904296875,5.5,-11.088134765625,8.06494140625,-6.8916015625,2.784423828125,-13.05712890625,-2.32177734375,1.248046875,-3.07208251953125,5.26611328125,-0.7199859619140625,-0.431640625,-8.208587646484375,-22.8466796875,4.46405029296875,-11.1514892578125,-1.77587890625,-7.77734375,-1.315673828125,4.991943359375,-15.5537109375,-4.3365478515625,3.4111328125,-1.58404541015625,2.710357666015625,-2.2195348739624023,-97.13565063476562,98.10181427001953,71.35676574707031,-3.3554043769836426,11.871763229370117,-2.2195348739624023,-97.13565063476562,98.10181427001953,71.35676574707031,-3.3554043769836426,11.871763229370117,53.91423959615673,63.68540931654524,117.59964891270198,-9.771169720388507
0.5513138669994078,-2.3905847738138988,-97.21518987341773,97.94826048171274,69.89247311827958,-2.7350872623078857,11.981566820276496,12.1435546875,14.54345703125,4.3369140625,1.1025390625,-0.76800537109375,1.6279296875,-6.288330078125,10.46484375,0.8525390625,2.784423828125,-10.6572265625,1.55029296875,-1.1513671875,4.1279296875,13.010009765625,-0.7199859619140625,1.9683837890625,-15.952606201171875,-20.4462890625,-0.335968017578125,-3.4075927734375,-1.77587890625,-7.77734375,-1.315673828125,4.991943359375,-15.5537109375,-8.208526611328125,3.4111328125,-1.58404541015625,2.710357666015625,-2.2446956634521484,-97.10519409179688,98.08609008789062,71.35296630859375,-3.356203079223633,11.888362884521484,-2.2446956634521484,-97.10519409179688,98.08609008789062,71.35296630859375,-3.356203079223633,11.888362884521484,58.60733246870922,67.82346783725481,126.43080030596403,-9.216135368545594
0.5860813609979232,-2.3905847738138988,-97.21518987341773,97.94826048171274,69.89247311827958,-2.7350872623078857,11.981566820276496,4.943603515625,12.1435546875,8.2088623046875,-3.697265625,-0.76800537109375,9.3720703125,-8.688232421875,5.66455078125,-6.8916015625,-4.41552734375,-15.45703125,-10.065673828125,-1.1513671875,1.727935791015625,5.26611328125,-0.7199859619140625,-0.431640625,-4.33660888671875,-25.24609375,2.06402587890625,-11.1514892578125,-6.57586669921875,-10.1767578125,-1.315673828125,2.5919189453125,-13.1533203125,-4.3365478515625,1.0107421875,-3.984039306640625,-1.161651611328125,-2.227907180786133,-97.09727478027344,98.1163101196289,71.35084533691406,-3.3588500022888184,11.913103103637695,-2.227907180786133,-97.09727478027344,98.1163101196289,71.35084533691406,-3.3588500022888184,11.913103103637695,62.65317218531776,62.64259641827594,125.2957686035937,0.010575767041814288
0.6238598489981086,-2.3905847738138988,-97.21518987341773,97.94826048171274,69.89247311827958,-2.7871841625423315,11.981566820276496,2.54345703125,14.54345703125,4.3369140625,1.1025390625,1.63201904296875,13.244140625,-1.48828125,10.46484375,8.5966796875,-2.015380859375,-8.25732421875,1.55029296875,1.248046875,1.727935791015625,5.26611328125,-3.1199874877929688,-0.431640625,-0.464599609375,-20.4462890625,4.46405029296875,-7.279541015625,-4.1759033203125,-12.5771484375,-12.931640625,7.39190673828125,-17.9541015625,-4.3365478515625,3.4111328125,-3.984039306640625,6.58233642578125,-2.2331151962280273,-97.11143493652344,98.10749816894531,71.33863067626953,-3.3621091842651367,11.913066864013672,-2.2331151962280273,-97.11143493652344,98.10749816894531,71.33863067626953,-3.3621091842651367,11.913066864013672,56.72349133851509,72.16884650168329,128.89233784019837,-15.445355163168202
0.6568764990006457,-2.3905847738138988,-97.21518987341773,97.94826048171274,69.89247311827958,-2.7871841625423315,11.981566820276496,9.74365234375,9.74365234375,8.2088623046875,-1.2978515625,-3.16796875,13.244140625,-8.688232421875,8.06494140625,0.8525390625,-4.41552734375,-13.05712890625,-2.32177734375,1.248046875,1.727935791015625,9.137939453125,-5.519981384277344,1.9683837890625,-0.464599609375,-22.8466796875,4.46405029296875,-11.1514892578125,-4.1759033203125,-10.1767578125,-1.315673828125,0.19195556640625,-17.9541015625,-12.080535888671875,3.4111328125,-3.984039306640625,-5.033660888671875,-2.237025260925293,-97.13622283935547,98.11702728271484,71.34272766113281,-3.3829827308654785,11.923749923706055,-2.237025260925293,-97.13622283935547,98.11702728271484,71.34272766113281,-3.3829827308654785,11.923749923706055,64.96492497756026,71.67970927220442,136.6446342497647,-6.714784294644161
0.6867293089999293,-2.3905847738138988,-97.21518987341773,97.94826048171274,69.89247311827958,-2.7871841625423315,11.981566820276496,4.943603515625,9.74365234375,8.2088623046875,1.1025390625,-3.16796875,9.3720703125,-8.688232421875,5.66455078125,-3.01953125,-2.015380859375,-13.05712890625,-2.32177734375,1.248046875,-0.67205810546875,13.010009765625,1.6800155639648438,1.9683837890625,-4.33660888671875,-18.0458984375,4.46405029296875,-11.1514892578125,-4.1759033203125,-7.77734375,-9.0595703125,2.5919189453125,-15.5537109375,-8.208526611328125,3.4111328125,0.815948486328125,-1.161651611328125,-2.2546157836914062,-97.12765502929688,98.12908172607422,71.33976745605469,-3.363180160522461,11.91213607788086,-2.2546157836914062,-97.12765502929688,98.12908172607422,71.33976745605469,-3.363180160522461,11.91213607788086,60.92393298205246,60.84883539383976,121.77276837589221,0.07509758821270651
0.722130271999049,-2.3905847738138988,-97.21518987341773,97.94826048171274,69.89247311827958,-2.7871841625423315,11.981566820276496,7.343505859375,14.54345703125,8.2088623046875,-3.697265625,-3.16796875,9.3720703125,-3.88818359375,8.06494140625,-3.01953125,2.784423828125,-8.25732421875,1.55029296875,1.248046875,1.727935791015625,9.137939453125,-3.1199874877929688,-0.431640625,3.40740966796875,-18.0458984375,2.06402587890625,-15.0235595703125,-1.77587890625,-10.1767578125,-5.187744140625,7.39190673828125,-13.1533203125,-8.208526611328125,-3.7890625,-3.984039306640625,2.710357666015625,-2.2361574172973633,-97.13594055175781,98.119140625,71.3448257446289,-3.3737339973449707,11.921070098876953,-2.2361574172973633,-97.13594055175781,98.119140625,71.3448257446289,-3.3737339973449707,11.921070098876953,56.48777588487255,63.07809374797032,119.56586963284286,-6.5903178630977735
0.7551825459995598,-2.3905847738138988,-97.21518987341773,97.94826048171274,69.89247311827958,-2.7871841625423315,11.981566820276496,9.74365234375,9.74365234375,4.3369140625,-3.697265625,-5.5679931640625,5.5,-6.288330078125,5.66455078125,-6.8916015625,0.384521484375,-8.25732421875,-6.19384765625,-1.1513671875,-0.67205810546875,5.26611328125,-3.1199874877929688,4.368408203125,-8.208587646484375,-18.0458984375,-2.7359619140625,-15.0235595703125,-13.77587890625,-10.1767578125,-1.315673828125,2.5919189453125,-13.1533203125,-12.080535888671875,5.810546875,-1.58404541015625,-5.033660888671875,-2.2407712936401367,-97.12054443359375,98.13748931884766,71.33354187011719,-3.3676795959472656,11.997360229492188,-2.2407712936401367,-97.12054443359375,98.13748931884766,71.33354187011719,-3.3676795959472656,11.997360229492188,49.777730967290175,76.52110481049654,126.2988357777867,-26.743373843206363
0.7906103189998248,-2.3905847738138988,-97.21518987341773,97.94826048171274,69.89247311827958,-2.7871841625423315,11.981566820276496,2.54345703125,9.74365234375,15.952880859375,-1.2978515625,1.63201904296875,13.244140625,-3.88818359375,5.66455078125,-3.01953125,-4.41552734375,-15.45703125,-2.32177734375,1.248046875,4.1279296875,9.137939453125,1.6800155639648438,4.368408203125,-4.33660888671875,-20.4462890625,2.06402587890625,-11.1514892578125,-4.1759033203125,-7.77734375,-1.315673828125,4.991943359375,-17.9541015625,-4.3365478515625,1.0107421875,-1.58404541015625,-1.161651611328125,-2.2450332641601562,-97.16603088378906,98.14210510253906,71.34117889404297,-3.3951330184936523,11.985227584838867,-2.2450332641601562,-97.16603088378906,98.14210510253906,71.34117889404297,-3.3951330184936523,11.985227584838867,66.12406813159473,60.02871320523711,126.15278133683184,6.095354926357615
0.8189545109999017,-2.3905847738138988,-97.21518987341773,97.94826048171274,69.89247311827958,-2.7871841625423315,11.981566820276496,7.343505859375,14.54345703125,4.3369140625,-1.2978515625,4.03204345703125,13.244140625,-8.688232421875,10.46484375,0.8525390625,-4.41552734375,-5.85693359375,1.55029296875,1.248046875,-0.67205810546875,1.39404296875,-0.7199859619140625,-0.431640625,-8.208587646484375,-22.8466796875,4.46405029296875,0.4644775390625,-1.77587890625,-5.376953125,-5.187744140625,4.991943359375,-15.5537109375,-4.3365478515625,8.2109375,3.2159423828125,2.710357666015625,-2.2455978393554688,-97.13278198242188,98.11782836914062,71.3327865600586,-3.390270233154297,11.991376876831055,-2.2455978393554688,-97.13278198242188,98.11782836914062,71.3327865600586,-3.390270233154297,11.991376876831055,53.87781478122141,65.34083307177185,119.21864785299326,-11.463018290550444
0.8522820239995781,-2.3905847738138988,-97.21518987341773,97.94826048171274,69.89247311827958,-2.7871841625423315,11.981566820276496,4.943603515625,9.74365234375,4.3369140625,3.5029296875,-3.16796875,13.244140625,-11.088134765625,8.06494140625,-3.01953125,-4.41552734375,-8.25732421875,-6.19384765625,1.248046875,-0.67205810546875,1.39404296875,-3.1199874877929688,-2.8316650390625,3.40740966796875,-20.4462890625,2.06402587890625,-18.8955078125,-6.57586669921875,-7.77734375,2.556396484375,-2.20806884765625,-17.9541015625,-4.3365478515625,1.0107421875,-6.384063720703125,-5.033660888671875,-2.2528457641601562,-97.13716125488281,98.14984130859375,71.33036804199219,-3.394315242767334,12.011116027832031,-2.2528457641601562,-97.13716125488281,98.14984130859375,71.33036804199219,-3.394315242767334,12.011116027832031,53.07092086003289,70.63063226366204,123.70155312369494,-17.559711403629144
0.8859065979995648,-2.3905847738138988,-97.21518987341773,97.94826048171274,69.89247311827958,-2.7871841625423315,11.981566820276496,7.343505859375,9.74365234375,8.2088623046875,1.1025390625,1.63201904296875,13.244140625,-3.88818359375,5.66455078125,0.8525390625,-6.8154296875,-13.05712890625,-2.32177734375,1.248046875,-0.67205810546875,1.39404296875,-0.7199859619140625,-0.431640625,-4.33660888671875,-20.4462890625,-0.335968017578125,-11.1514892578125,-8.97589111328125,-2.9775390625,-1.315673828125,0.19195556640625,-17.9541015625,-8.208526611328125,3.4111328125,0.815948486328125,-1.161651611328125,-2.263760566711426,-97.14202880859375,98.13729858398438,71.32113647460938,-3.3889479637145996,12.050886154174805,-2.263760566711426,-97.14202880859375,98.13729858398438,71.32113647460938,-3.3889479637145996,12.050886154174805,51.917394816427944,60.694341600887974,112.61173641731591,-8.77694678446003
0.9295196019993455,-2.3905847738138988,-97.21518987341773,97.94826048171274,69.89247311827958,-2.7871841625423315,11.981566820276496,7.343505859375,16.943359375,4.3369140625,3.5029296875,-0.76800537109375,9.3720703125,-3.88818359375,5.66455078125,-3.01953125,0.384521484375,-10.6572265625,1.55029296875,-1.1513671875,-0.67205810546875,5.26611328125,-5.519981384277344,1.9683837890625,-4.33660888671875,-22.8466796875,4.46405029296875,-11.1514892578125,-1.77587890625,-10.1767578125,-1.315673828125,4.991943359375,-15.5537109375,-8.208526611328125,3.4111328125,-1.58404541015625,-5.033660888671875,-2.2843379974365234,-97.14959716796875,98.12263488769531,71.3180160522461,-3.39939546585083,12.053638458251953,-2.2843379974365234,-97.14959716796875,98.12263488769531,71.3180160522461,-3.39939546585083,12.053638458251953,52.7168325127221,68.08149898466915,120.79833149739125,-15.364666471947054
0.9579991030004749,-2.3905847738138988,-97.21518987341773,97.94826048171274,69.89247311827958,-2.7871841625423315,11.981566820276496,2.54345703125,12.1435546875,8.2088623046875,1.1025390625,-0.76800537109375,9.3720703125,-6.288330078125,5.66455078125,-3.01953125,-4.41552734375,-5.85693359375,-2.32177734375,-8.3515625,1.727935791015625,9.137939453125,-5.519981384277344,1.9683837890625,-0.464599609375,-22.8466796875,2.06402587890625,-11.1514892578125,-6.57586669921875,-7.77734375,2.556396484375,0.19195556640625,-15.5537109375,-8.208526611328125,3.4111328125,-6.384063720703125,6.58233642578125,-2.2980575561523438,-97.07725524902344,98.09231567382812,71.31293487548828,-3.3835549354553223,12.16903305053711,-2.2980575561523438,-97.07725524902344,98.09231567382812,71.31293487548828,-3.3835549354553223,12.16903305053711,53.52375640082943,69.25763924947884,122.78139565030827,-15.733882848649415
0.9912193589989329,-2.3905847738138988,-97.21518987341773,97.94826048171274,69.89247311827958,-2.7871841625423315,11.981566820276496,4.943603515625,14.54345703125,8.2088623046875,3.5029296875,-3.16796875,13.244140625,-8.688232421875,10.46484375,-3.01953125,-4.41552734375,-10.6572265625,1.55029296875,1.248046875,4.1279296875,9.137939453125,-5.519981384277344,1.9683837890625,-4.33660888671875,-20.4462890625,-2.7359619140625,-18.8955078125,-8.97589111328125,-7.77734375,-5.187744140625,7.39190673828125,-13.1533203125,-8.208526611328125,3.4111328125,-1.58404541015625,-1.161651611328125,-2.285527229309082,-97.04466247558594,98.09796905517578,71.31282806396484,-3.3724160194396973,12.159297943115234,-2.285527229309082,-97.04466247558594,98.09796905517578,71.31282806396484,-3.3724160194396973,12.159297943115234,67.15406037794388,69.33795784442117,136.49201822236506,-2.1838974664772905
1.0195443999982672,-2.3905847738138988,-97.21518987341773,97.94826048171274,69.89247311827958,-2.7871841625423315,11.981566820276496,7.343505859375,12.1435546875,8.2088623046875,-3.697265625,-0.76800537109375,5.5,-8.688232421875,8.06494140625,-3.01953125,0.384521484375,-8.25732421875,1.55029296875,6.0478515625,4.1279296875,5.26611328125,-0.7199859619140625,1.9683837890625,-0.464599609375,-20.4462890625,2.06402587890625,-11.1514892578125,-6.57586669921875,-10.1767578125,-1.315673828125,2.5919189453125,-15.5537109375,-4.3365478515625,5.810546875,-1.58404541015625,2.710357666015625,-2.265085220336914,-97.08577728271484,98.14546203613281,71.30722045898438,-3.384305000305176,12.265295028686523,-2.265085220336914,-97.08577728271484,98.14546203613281,71.30722045898438,-3.384305000305176,12.265295028686523,52.72873024049308,60.673394006793195,113.40212424728628,-7.944663766300117
1.0525290589976066,-2.3905847738138988,-97.21518987341773,97.94826048171274,69.89247311827958,-2.7871841625423315,11.981566820276496,7.343505859375,7.34326171875,8.2088623046875,1.1025390625,-0.76800537109375,9.3720703125,-8.688232421875,10.46484375,-3.01953125,-2.015380859375,-13.05712890625,1.55029296875,1.248046875,-3.07208251953125,1.39404296875,4.08001708984375,-0.431640625,-8.208587646484375,-20.4462890625,2.06402587890625,-7.279541015625,-11.37591552734375,-7.77734375,-1.315673828125,4.991943359375,-17.9541015625,-4.3365478515625,-1.3896484375,0.815948486328125,-1.161651611328125,-2.272808074951172,-97.07441711425781,98.14717102050781,71.30944061279297,-3.4028820991516113,12.356569290161133,-2.272808074951172,-97.07441711425781,98.14717102050781,71.30944061279297,-3.4028820991516113,12.356569290161133,53.53755506845473,65.94089565900072,119.47845072745545,-12.403340590545987
1.0873268459981773,-2.3905847738138988,-97.21518987341773,97.94826048171274,69.89247311827958,-2.7871841625423315,11.981566820276496,7.343505859375,4.943359375,4.3369140625,3.5029296875,-3.16796875,9.3720703125,-6.288330078125,5.66455078125,0.8525390625,-2.015380859375,-8.25732421875,-6.19384765625,-1.1513671875,4.1279296875,5.26611328125,-0.7199859619140625,-0.431640625,-4.33660888671875,-18.0458984375,2.06402587890625,-7.279541015625,-8.97589111328125,-10.1767578125,-1.315673828125,4.991943359375,-15.5537109375,-4.3365478515625,5.810546875,-3.984039306640625,-8.905670166015625,-2.3024091720581055,-97.08082580566406,98.16976165771484,71.30765533447266,-3.426870822906494,12.441473007202148,-2.3024091720581055,-97.08082580566406,98.16976165771484,71.30765533447266,-3.426870822906494,12.441473007202148,46.16536777028498,65.8747169824292,112.0400847527142,-19.709349212144225
1.1240096910005377,-2.3905847738138988,-97.21518987341773,97.94826048171274,69.89247311827958,-2.7871841625423315,11.981566820276496,7.343505859375,7.34326171875,4.3369140625,1.1025390625,-5.5679931640625,13.244140625,-6.288330078125,5.66455078125,-6.8916015625,-4.41552734375,-10.6572265625,-10.065673828125,-1.1513671875,1.727935791015625,5.26611328125,-3.1199874877929688,4.368408203125,-8.208587646484375,-22.8466796875,6.864044189453125,-11.1514892578125,-11.37591552734375,-7.77734375,-9.0595703125,4.991943359375,-22.75390625,-4.3365478515625,8.2109375,-6.384063720703125,2.710357666015625,-2.2950363159179688,-97.04112243652344,98.16056060791016,71.29034423828125,-3.4322352409362793,12.685483932495117,-2.2950363159179688,-97.04112243652344,98.16056060791016,71.29034423828125,-3.4322352409362793,12.685483932495117,57.54845416781063,87.07636104724858,144.62481521505921,-29.52790687943795
1.1568374050002603,-2.3905847738138988,-97.21518987341773,97.94826048171274,69.89247311827958,-2.7871841625423315,11.981566820276496,7.343505859375,7.34326171875,8.2088623046875,-1.2978515625,1.63201904296875,9.3720703125,-8.688232421875,8.06494140625,4.724609375,-2.015380859375,-10.6572265625,-2.32177734375,6.0478515625,-3.07208251953125,5.26611328125,-0.7199859619140625,9.1683349609375,-0.464599609375,-22.8466796875,2.06402587890625,-11.1514892578125,-11.37591552734375,-12.5771484375,6.428466796875,7.39190673828125,-17.9541015625,-4.3365478515625,3.4111328125,-3.984039306640625,-1.161651611328125,-2.30429744720459,-97.0277328491211,98.14112091064453,71.29188537597656,-3.4252729415893555,12.765674591064453,-2.30429744720459,-97.0277328491211,98.14112091064453,71.29188537597656,-3.4252729415893555,12.765674591064453,55.27959209881419,78.11764142183789,133.3972335206521,-22.838049323023697
1.1913766340003349,-2.3905847738138988,-97.21518987341773,97.94826048171274,69.89247311827958,-2.7871841625423315,11.981566820276496,4.943603515625,9.74365234375,0.46484375,-3.697265625,8.83203125,9.3720703125,-8.688232421875,10.46484375,0.8525390625,-4.41552734375,-13.05712890625,-2.32177734375,1.248046875,1.727935791015625,1.39404296875,-5.519981384277344,1.9683837890625,-0.464599609375,-25.24609375,4.46405029296875,-18.8955078125,-8.97589111328125,-12.5771484375,-5.187744140625,4.991943359375,-15.5537109375,-8.208526611328125,5.810546875,-3.984039306640625,2.710357666015625,-2.2882890701293945,-97.01362609863281,98.16209411621094,71.28860473632812,-3.443378448486328,12.968622207641602,-2.2882890701293945,-97.01362609863281,98.16209411621094,71.28860473632812,-3.443378448486328,12.968622207641602,54.486761664124735,79.85681677724988,134.3435784413746,-25.37005511312514
1.2230263259989442,-2.3905847738138988,-97.21518987341773,97.94826048171274,69.89247311827958,-2.7871841625423315,12.179065174456879,4.943603515625,7.34326171875,8.2088623046875,1.1025390625,-3.16796875,1.6279296875,-6.288330078125,8.06494140625,-3.01953125,-2.015380859375,-10.6572265625,-6.19384765625,1.248046875,1.727935791015625,5.26611328125,-0.7199859619140625,1.9683837890625,-4.33660888671875,-20.4462890625,2.06402587890625,-11.1514892578125,-13.77587890625,-7.77734375,-1.315673828125,7.39190673828125,-22.75390625,-4.3365478515625,8.2109375,-3.984039306640625,6.58233642578125,-2.292965888977051,-97.00969696044922,98.17041015625,71.2861557006836,-3.458954334259033,13.885663986206055,-2.292965888977051,-97.00969696044922,98.17041015625,71.2861557006836,-3.458954334259033,13.885663986206055,44.635546137870136,79.63857268125386,124.274118819124,-35.003026543383726
1.2619728059980844,-2.3905847738138988,-97.21518987341773,97.94826048171274,69.89247311827958,-2.7871841625423315,12.442396313364055,9.74365234375,12.1435546875,8.2088623046875,1.1025390625,8.83203125,5.5,-3.88818359375,5.66455078125,-3.01953125,-2.015380859375,-5.85693359375,-6.19384765625,6.0478515625,-3.07208251953125,5.26611328125,-3.1199874877929688,4.368408203125,-0.464599609375,-22.8466796875,-0.335968017578125,-7.279541015625,-8.97589111328125,-7.77734375,-1.315673828125,4.991943359375,-22.75390625,-4.3365478515625,5.810546875,-6.384063720703125,2.710357666015625,-2.3021392822265625,-97.016357421875,98.16645812988281,71.29388427734375,-3.4450559616088867,15.447822570800781,-2.3021392822265625,-97.016357421875,98.16645812988281,71.29388427734375,-3.4450559616088867,15.447822570800781,52.9155846456744,74.06140311696531,126.97698776263971,-21.14581847129091
1.2977032529997814,-2.3905847738138988,-97.21518987341773,97.94826048171274,69.89247311827958,-2.7871841625423315,12.837393021724818,4.943603515625,7.34326171875,4.3369140625,-1.2978515625,1.63201904296875,5.5,-6.288330078125,8.06494140625,4.724609375,-4.41552734375,-3.45703125,-6.19384765625,8.4482421875,-0.67205810546875,5.26611328125,-0.7199859619140625,-0.431640625,-0.464599609375,-20.4462890625,-0.335968017578125,-15.0235595703125,-6.57586669921875,-2.9775390625,-1.315673828125,2.5919189453125,-20.353515625,-4.3365478515625,-1.3896484375,-3.984039306640625,6.58233642578125,-2.290238380432129,-97.05039978027344,98.17410278320312,71.302490234375,-3.3966708183288574,15.942073822021484,-2.290238380432129,-97.05039978027344,98.17410278320312,71.302490234375,-3.3966708183288574,15.942073822021484,45.33805439510245,62.461328770558474,107.79938316566093,-17.12327437545602
1.3228002249998099,-2.3905847738138988,-97.21518987341773,97.94826048171274,69.89247311827958,-2.7871841625423315,13.495720868992759,2.54345703125,7.34326171875,4.3369140625,1.1025390625,-3.16796875,1.6279296875,0.911865234375,3.2646484375,0.8525390625,5.1845703125,-3.45703125,1.55029296875,-3.5517578125,-3.07208251953125,1.39404296875,-3.1199874877929688,-2.8316650390625,-0.464599609375,-22.8466796875,-0.335968017578125,-11.1514892578125,-4.1759033203125,-7.77734375,-5.187744140625,2.5919189453125,-22.75390625,-8.208526611328125,3.4111328125,-1.58404541015625,2.710357666015625,-2.2985944747924805,-96.95173645019531,98.18209075927734,71.27772521972656,-3.427974224090576,17.2335205078125,-2.2985944747924805,-96.95173645019531,98.18209075927734,71.27772521972656,-3.427974224090576,17.2335205078125,27.44316920084804,68.86670910564959,96.30987830649764,-41.42353990480155
1.358189725997363,-2.3905847738138988,-97.21518987341773,97.94826048171274,69.89247311827958,-2.7871841625423315,14.483212639894669,2.54345703125,2.54345703125,12.0809326171875,-3.697265625,-3.16796875,5.5,-1.48828125,-1.53515625,0.8525390625,-2.015380859375,1.3427734375,-2.32177734375,8.4482421875,6.527923583984375,-2.47802734375,4.08001708984375,-0.431640625,7.279388427734375,-25.24609375,-5.135955810546875,-11.1514892578125,-6.57586669921875,-5.376953125,-1.315673828125,0.19195556640625,-22.75390625,-0.46453857421875,-3.7890625,-1.58404541015625,6.58233642578125,-2.2698965072631836,-96.89547729492188,98.15055847167969,71.28144836425781,-3.399794578552246,19.49116325378418,-2.2698965072631836,-96.89547729492188,98.15055847167969,71.28144836425781,-3.399794578552246,19.49116325378418,36.567529821118725,75.54259010719008,112.1101199283088,-38.975060286071354
1.3953823810006725,-2.3905847738138988,-97.21518987341773,97.94826048171274,69.89247311827958,-2.7871841625423315,15.273206056616196,4.943603515625,0.1435546875,8.2088623046875,-10.8974609375,-5.5679931640625,-6.11572265625,0.911865234375,3.2646484375,-3.01953125,0.384521484375,1.3427734375,-2.32177734375,-3.5517578125,-3.07208251953125,1.39404296875,1.6800155639648438,-0.431640625,-4.33660888671875,-22.8466796875,-0.335968017578125,-15.0235595703125,-1.77587890625,1.8232421875,-1.315673828125,2.5919189453125,-32.353515625,-4.3365478515625,-8.5888671875,-3.984039306640625,14.32635498046875,-2.2551097869873047,-96.97929382324219,98.20978546142578,71.2835464477539,-3.397256851196289,23.52808380126953,-2.2551097869873047,-96.97929382324219,98.20978546142578,71.2835464477539,-3.397256851196289,20.734035549703755,35.41180517579294,84.79936673785616,120.21117191364911,-49.38756156206322
1.4298446959983266,-2.3905847738138988,-97.21518987341773,97.94826048171274,69.89247311827958,-2.7871841625423315,16.589861751152075,0.1435546875,-9.45654296875,0.46484375,-8.4970703125,-5.5679931640625,-6.11572265625,3.311767578125,3.2646484375,0.8525390625,2.784423828125,1.3427734375,-2.32177734375,-8.3515625,1.727935791015625,1.39404296875,4.08001708984375,-5.231689453125,-0.464599609375,-34.8466796875,-5.135955810546875,-7.279541015625,-6.57586669921875,9.0224609375,-1.315673828125,-4.60809326171875,-27.5537109375,-12.080535888671875,-10.9892578125,-3.984039306640625,14.32635498046875,-2.23439884185791,-96.9327392578125,98.16635131835938,71.29253387451172,-3.3950514793395996,23.867650985717773,-2.23439884185791,-96.9327392578125,98.16635131835938,71.29253387451172,-3.3950514793395996,22.3798551678736,38.56231228541532,102.78659743778076,141.34890972319607,-64.22428515236544
1.4651955959998304,-2.3905847738138988,-97.21518987341773,97.94826048171274,69.89247311827958,-2.7871841625423315,18.301514154048718,-9.45654296875,-11.8564453125,0.46484375,-13.2978515625,-3.16796875,-9.98779296875,5.711669921875,0.86474609375,0.8525390625,0.384521484375,1.3427734375,5.42236328125,-5.9521484375,-0.67205810546875,-2.47802734375,8.880012512207031,-2.8316650390625,3.40740966796875,-25.24609375,-7.53594970703125,-7.279541015625,-1.77587890625,-0.5771484375,2.556396484375,-2.20806884765625,-22.75390625,-12.080535888671875,-25.3896484375,-1.58404541015625,22.070343017578125,-2.2263479232788086,-96.93569946289062,98.18145751953125,71.29902648925781,-3.355525493621826,28.685333251953125,-2.2263479232788086,-96.93569946289062,98.18145751953125,71.29902648925781,-3.355525493621826,23.828176431863067,50.0239315688968,99.95859984106731,149.9825314099641,-49.93466827217051
1.495354974998918,-2.3905847738138988,-97.21518987341773,97.94826048171274,69.89247311827958,-2.7871841625423315,19.486504279131005,-9.45654296875,-14.25634765625,-7.2791748046875,-10.8974609375,-3.16796875,-9.98779296875,5.711669921875,-1.53515625,4.724609375,0.384521484375,6.14306640625,1.55029296875,-3.5517578125,-0.67205810546875,5.26611328125,6.480018615722656,-5.231689453125,7.279388427734375,-37.24609375,-9.93597412109375,-11.1514892578125,-6.57586669921875,9.0224609375,2.556396484375,-9.4080810546875,-32.353515625,-8.208526611328125,-13.3896484375,-8.7840576171875,25.942352294921875,-2.2078914642333984,-96.99082946777344,98.23776245117188,71.34723663330078,-3.3514041900634766,31.816978454589844,-2.2078914642333984,-96.99082946777344,98.23776245117188,71.34723663330078,-3.3514041900634766,25.013166556945357,54.01408635306606,127.80984934852245,181.8239357015885,-73.79576299545639
1.5258052899989707,-2.3905847738138988,-97.21518987341773,97.94826048171274,69.89247311827958,-2.7871841625423315,20.934825543120475,-4.656494140625,-19.056640625,4.3369140625,-22.8974609375,-5.5679931640625,-2.244140625,5.711669921875,-3.93505859375,4.724609375,-2.015380859375,3.74267578125,5.42236328125,-8.3515625,-0.67205810546875,-2.47802734375,13.680015563964844,4.368408203125,7.279388427734375,-30.0458984375,-7.53594970703125,-7.279541015625,-8.97589111328125,9.0224609375,6.428466796875,-11.80804443359375,-25.1533203125,-12.080535888671875,-18.189453125,-11.184051513671875,22.070343017578125,-2.2003612518310547,-96.9205322265625,98.20176696777344,71.33982849121094,-3.3629884719848633,34.83685302734375,-2.2003612518310547,-96.9205322265625,98.20176696777344,71.33982849121094,-3.3629884719848633,26.329822251481236,67.78184023816638,123.18721246767471,190.96905270584108,-55.40537222950833
1.563113837997662,-2.3905847738138988,-97.21518987341773,97.94826048171274,69.89247311827958,-2.7871841625423315,22.51481237656353,9.74365234375,-26.25634765625,35.3128662109375,-102.09765625,-15.16796875,-48.7080078125,-1.48828125,8.06494140625,51.1884765625,-52.41552734375,-109.05712890625,-48.78564453125,-20.3515625,18.527923583984375,43.986083984375,16.08001708984375,-5.231689453125,-0.464599609375,-27.646484375,-9.93597412109375,-11.1514892578125,-1.77587890625,16.22265625,2.556396484375,-16.60809326171875,-29.9541015625,-15.952545166015625,-18.189453125,-8.7840576171875,29.8143310546875,-2.1530351638793945,-96.99342346191406,98.19400024414062,71.35289001464844,-3.3026366233825684,41.03738784790039,-2.1530351638793945,-96.99342346191406,98.19400024414062,71.35289001464844,-3.3026366233825684,27.975641869651085,393.39611389837785,138.65340108340462,532.0495149817825,254.74271281497323
1.6070429329993203,-2.3905847738138988,-97.21518987341773,97.94826048171274,69.89247311827958,-2.7871841625423315,23.963133640552993,14.54345703125,-45.45654296875,50.8009033203125,-157.2978515625,-31.96795654296875,-64.19580078125,-11.088134765625,8.06494140625,86.03662109375,-57.215576171875,-161.85693359375,-48.78564453125,-53.9521484375,28.1279296875,59.47412109375,13.680015563964844,-7.631591796875,3.40740966796875,-30.0458984375,-9.93597412109375,-7.279541015625,-4.1759033203125,11.4228515625,10.30029296875,-14.20806884765625,-27.5537109375,-15.952545166015625,-18.189453125,-11.184051513671875,29.8143310546875,-2.094475746154785,-97.07160949707031,98.25189208984375,71.38395690917969,-3.2964253425598145,47.8455810546875,-2.094475746154785,-97.07160949707031,98.25189208984375,71.38395690917969,-3.2964253425598145,29.55562870309414,593.2530270464885,135.97839501860585,729.2314220650943,457.2746320278826
1.6369439939990116,-2.3905847738138988,-97.21518987341773,97.94826048171274,69.89247311827958,-2.7871841625423315,25.082290980908496,12.1435546875,-59.8564453125,54.6729736328125,-178.8974609375,-36.76800537109375,-95.171875,-13.48828125,5.66455078125,97.65234375,-59.615478515625,-181.05712890625,-60.401611328125,-63.5517578125,25.727935791015625,78.833984375,18.480018615722656,-5.231689453125,7.279388427734375,-30.0458984375,-7.53594970703125,-11.1514892578125,-6.57586669921875,16.22265625,14.17236328125,-16.60809326171875,-37.1533203125,-19.82452392578125,-15.7890625,-8.7840576171875,29.8143310546875,-2.062859535217285,-97.31401824951172,98.36454010009766,71.4622802734375,-3.245570659637451,51.86960983276367,-2.062859535217285,-97.31401824951172,98.36454010009766,71.4622802734375,-3.245570659637451,30.74061882817643,691.0979055251878,156.11493010403854,847.2128356292263,534.9829754211493
1.66529298399837,-2.3905847738138988,-97.21518987341773,97.94826048171274,69.89247311827958,-2.7871841625423315,26.398946675444375,12.1435546875,-76.65673828125,70.1607666015625,-222.09765625,-51.16796875,-149.3798828125,-13.48828125,3.2646484375,113.140625,-54.8154296875,-219.45703125,-60.401611328125,-85.1513671875,23.32794189453125,98.194091796875,20.880020141601562,-7.631591796875,7.279388427734375,-25.24609375,-14.7359619140625,-11.1514892578125,-6.57586669921875,25.8232421875,14.17236328125,-21.4080810546875,-37.1533203125,-23.696533203125,-20.5888671875,-11.184051513671875,29.8143310546875,-2.075826644897461,-97.23992919921875,98.28750610351562,71.47010803222656,-3.2272682189941406,56.132041931152344,-2.075826644897461,-97.23992919921875,98.28750610351562,71.47010803222656,-3.2272682189941406,31.85977616853193,857.2938241292359,171.77228598727046,1029.0661101165063,685.5215381419654
1.7013676999995369,-2.3905847738138988,-97.21518987341773,97.94826048171274,69.89247311827958,-2.7871841625423315,27.913100724160632,9.74365234375,-115.056640625,70.1607666015625,-270.09765625,-63.16796875,-199.7158203125,-30.288330078125,10.46484375,128.62841796875,-47.615478515625,-267.45703125,-68.145751953125,-118.751953125,23.32794189453125,113.68212890625,18.480018615722656,-5.231689453125,7.279388427734375,-30.0458984375,-9.93597412109375,-7.279541015625,-4.1759033203125,25.8232421875,10.30029296875,-23.80804443359375,-29.9541015625,-19.82452392578125,-20.5888671875,-11.184051513671875,33.68634033203125,-2.0095701217651367,-97.28416442871094,98.37657928466797,71.47654724121094,-3.18412446975708,59.428306579589844,-2.0095701217651367,-97.28416442871094,98.37657928466797,71.47654724121094,-3.18412446975708,33.57142857142857,1055.5969178711498,165.25317467274397,1220.8500925438939,890.3437431984058
1.7381848689983599,-2.3905847738138988,-97.21518987341773,97.94826048171274,69.89247311827958,-2.7871841625423315,29.3614219881501,4.943603515625,-122.25634765625,66.2889404296875,-289.2978515625,-70.36798095703125,-215.2041015625,-27.88818359375,3.2646484375,132.50048828125,-42.8154296875,-269.85693359375,-68.145751953125,-118.751953125,18.527923583984375,133.0419921875,18.480018615722656,-2.8316650390625,11.151397705078125,-22.8466796875,-9.93597412109375,-3.4075927734375,-11.37591552734375,23.4228515625,14.17236328125,-26.20806884765625,-34.75390625,-19.82452392578125,-22.9892578125,-15.984039306640625,33.68634033203125,-2.0011396408081055,-97.42465209960938,98.43672943115234,71.49176025390625,-3.1974616050720215,64.49659729003906,-2.0011396408081055,-97.42465209960938,98.43672943115234,71.49176025390625,-3.1974616050720215,34.953917050691246,1102.8617722846075,168.194461584785,1271.0562338693924,934.6673106998225
1.7731890869981726,-2.3905847738138988,-97.21518987341773,97.94826048171274,69.89247311827958,-2.7871841625423315,30.546412113232392,9.74365234375,-127.056640625,66.2889404296875,-294.09765625,-75.16796875,-219.076171875,-25.48828125,3.2646484375,132.50048828125,-40.41552734375,-272.25732421875,-64.273681640625,-121.1513671875,16.1279296875,117.553955078125,23.280014038085938,-7.631591796875,11.151397705078125,-25.24609375,-9.93597412109375,-11.1514892578125,-4.1759033203125,23.4228515625,10.30029296875,-23.80804443359375,-32.353515625,-27.56854248046875,-22.9892578125,-15.984039306640625,29.8143310546875,-1.8922710418701172,-97.4180908203125,98.44893646240234,71.45851135253906,-3.147697925567627,70.93217468261719,-1.8922710418701172,-97.4180908203125,98.44893646240234,71.45851135253906,-3.147697925567627,36.27057274522712,1105.1833700663603,171.79755947734304,1276.9809295437035,933.3858105890173
1.8013583360007033,-2.3905847738138988,-97.21518987341773,97.94826048171274,69.89247311827958,-2.7871841625423315,31.994733377221856,7.343505859375,-131.8564453125,70.1607666015625,-303.697265625,-75.16796875,-230.69189453125,-27.88818359375,3.2646484375,140.24462890625,-40.41552734375,-272.25732421875,-68.145751953125,-137.9521484375,13.727935791015625,121.426025390625,28.08001708984375,-5.231689453125,11.151397705078125,-22.8466796875,-12.335968017578125,-3.4075927734375,-6.57586669921875,25.8232421875,6.428466796875,-26.20806884765625,-29.9541015625,-19.82452392578125,-18.189453125,-18.384063720703125,37.558349609375,-1.991434097290039,-97.58783721923828,98.4455337524414,71.520263671875,-3.090430736541748,73.55743408203125,-1.991434097290039,-97.58783721923828,98.4455337524414,71.520263671875,-3.090430736541748,37.38973008558262,1149.1294282790082,174.32760903619354,1323.4570373152017,974.8018192428146
1.834805990998575,-2.3905847738138988,-97.21518987341773,97.94826048171274,69.89247311827958,-2.7871841625423315,33.37722185648453,9.74365234375,-129.45654296875,70.1607666015625,-301.2978515625,-75.16796875,-226.81982421875,-27.88818359375,-1.53515625,140.24462890625,-42.8154296875,-274.6572265625,-60.401611328125,-128.3515625,11.32794189453125,121.426025390625,23.280014038085938,-2.8316650390625,11.151397705078125,-20.4462890625,-9.93597412109375,-7.279541015625,-6.57586669921875,25.8232421875,14.17236328125,-26.20806884765625,-34.75390625,-19.82452392578125,-22.9892578125,-18.384063720703125,37.558349609375,-1.9207916259765625,-97.61074829101562,98.5757827758789,71.54440307617188,-3.136530876159668,77.03935241699219,-1.9207916259765625,-97.61074829101562,98.5757827758789,71.54440307617188,-3.136530876159668,38.90388413429888,1136.6273859500402,175.56846712556649,1312.1958530756067,961.0589188244737
1.8688444559993513,-2.3905847738138988,-97.21518987341773,97.94826048171274,69.89247311827958,-2.7871841625423315,34.825543120473995,9.74365234375,-129.45654296875,74.0328369140625,-298.8974609375,-77.5679931640625,-230.69189453125,-27.88818359375,8.06494140625,136.37255859375,-50.015380859375,-262.6572265625,-56.52978515625,-123.5517578125,8.92791748046875,144.657958984375,30.480018615722656,-7.631591796875,7.279388427734375,-20.4462890625,-9.93597412109375,-3.4075927734375,-1.77587890625,25.8232421875,14.17236328125,-31.008056640625,-29.9541015625,-27.56854248046875,-22.9892578125,-20.7840576171875,45.302337646484375,-1.8979825973510742,-97.53582000732422,98.44818115234375,71.49440002441406,-3.0667314529418945,80.74036407470703,-1.8979825973510742,-97.53582000732422,98.44818115234375,71.49440002441406,-3.0667314529418945,40.35220539828835,1138.067201384736,190.81268576887905,1328.879887153615,947.254515615857
1.8998135879992333,-2.3905847738138988,-97.21518987341773,97.94826048171274,69.89247311827958,-2.7871841625423315,36.20803159973667,12.1435546875,-148.65673828125,89.5208740234375,-349.2978515625,-115.96798706054688,-284.89990234375,-61.48828125,-27.93505859375,128.62841796875,-40.41552734375,-286.6572265625,-75.8896484375,-140.3515625,4.1279296875,183.3779296875,25.680015563964844,-5.231689453125,15.023406982421875,-13.24609375,-7.53594970703125,-7.279541015625,-6.57586669921875,28.22265625,18.04443359375,-28.60809326171875,-32.353515625,-15.952545166015625,-27.7890625,-13.58404541015625,33.68634033203125,-1.9390802383422852,-97.71047973632812,98.60908508300781,71.5654296875,-3.1185808181762695,82.83758544921875,-1.9390802383422852,-97.71047973632812,98.60908508300781,71.5654296875,-3.1185808181762695,41.603028308097436,1314.9011921734389,173.00765792685021,1487.908850100289,1141.8935342465886
1.942085157999827,-2.3905847738138988,-97.21518987341773,97.94826048171274,69.89247311827958,-2.7871841625423315,37.59052007899934,16.943603515625,-151.056640625,97.2647705078125,-344.4970703125,-111.16799926757812,-284.89990234375,-63.88818359375,-37.53515625,124.75634765625,-40.41552734375,-281.85693359375,-75.8896484375,-142.751953125,4.1279296875,187.25,30.480018615722656,-2.8316650390625,11.151397705078125,-22.8466796875,-9.93597412109375,-15.0235595703125,-1.77587890625,33.0224609375,10.30029296875,-28.60809326171875,-32.353515625,-27.56854248046875,-20.5888671875,-15.984039306640625,41.430328369140625,-1.9194202423095703,-97.67073059082031,98.56343078613281,71.55149841308594,-3.0802597999572754,83.60713195800781,-1.9194202423095703,-97.67073059082031,98.56343078613281,71.55149841308594,-3.0802597999572754,43.38051349572087,1316.39269399654,196.4935657624839,1512.886259759024,1119.899128234056
1.9703062749977107,-2.3905847738138988,-97.21518987341773,97.94826048171274,69.89247311827958,-2.7871841625423315,38.97300855826201,16.943603515625,-163.056640625,93.3929443359375,-363.697265625,-120.76797485351562,-288.77197265625,-71.088134765625,-44.7353515625,136.37255859375,-35.615478515625,-277.05712890625,-75.8896484375,-133.1513671875,1.727935791015625,191.1220703125,32.88002014160156,-7.631591796875,18.8953857421875,-22.8466796875,-14.7359619140625,-7.279541015625,-1.77587890625,30.623046875,18.04443359375,-35.80804443359375,-34.75390625,-19.82452392578125,-25.3896484375,-15.984039306640625,45.302337646484375,-1.9787654876708984,-97.6728515625,98.59501647949219,71.61485290527344,-3.0702061653137207,83.83786010742188,-1.9787654876708984,-97.6728515625,98.59501647949219,71.61485290527344,-3.0702061653137207,44.49967083607637,1351.0776670421524,210.44610889469456,1561.523775936847,1140.6315581474578
2.0005487479975272,-2.3905847738138988,-97.21518987341773,97.94826048171274,69.89247311827958,-2.7871841625423315,40.026333113890715,14.54345703125,-153.45654296875,93.3929443359375,-358.8974609375,-123.16799926757812,-288.77197265625,-68.688232421875,-39.93505859375,128.62841796875,-38.015380859375,-284.25732421875,-75.8896484375,-149.9521484375,-0.67205810546875,198.865966796875,28.08001708984375,-5.231689453125,15.023406982421875,-25.24609375,-7.53594970703125,-7.279541015625,-6.57586669921875,28.22265625,10.30029296875,-31.008056640625,-32.353515625,-19.82452392578125,-22.9892578125,-15.984039306640625,41.430328369140625,-1.9645566940307617,-97.75596618652344,98.73355865478516,71.65556335449219,-3.082390308380127,83.75382995605469,-1.9645566940307617,-97.75596618652344,98.73355865478516,71.65556335449219,-3.082390308380127,45.42132982225149,1353.9736772809326,189.36933869919775,1543.3430159801303,1164.604338581735
2.0314533749988186,-2.3905847738138988,-97.21518987341773,97.94826048171274,69.89247311827958,-2.7871841625423315,41.474654377880185,16.943603515625,-158.25634765625,105.0089111328125,-363.697265625,-127.96798706054688,-292.64404296875,-73.48828125,-42.33544921875,124.75634765625,-35.615478515625,-277.05712890625,-79.76171875,-159.5517578125,1.727935791015625,210.48193359375,30.480018615722656,-2.8316650390625,15.023406982421875,-22.8466796875,-14.7359619140625,-11.1514892578125,-8.97589111328125,35.4228515625,10.30029296875,-31.008056640625,-32.353515625,-23.696533203125,-22.9892578125,-20.7840576171875,49.174346923828125,-2.041746139526367,-97.78324127197266,98.73120880126953,71.65892028808594,-3.110569953918457,83.62364196777344,-2.041746139526367,-97.78324127197266,98.73120880126953,71.65892028808594,-3.110569953918457,46.935483870967744,1380.1988705570404,210.26909106059608,1590.4679616176365,1169.9297794964443
2.0820577269987552,-2.3905847738138988,-97.21518987341773,97.94826048171274,69.89247311827958,-2.7871841625423315,43.05464121132324,21.74365234375,-165.45654296875,105.0089111328125,-366.09765625,-127.96798706054688,-296.51611328125,-71.088134765625,-42.33544921875,132.50048828125,-35.615478515625,-279.45703125,-79.76171875,-149.9521484375,-5.472076416015625,214.35400390625,30.480018615722656,-10.0316162109375,11.151397705078125,-27.646484375,-14.7359619140625,-7.279541015625,-1.77587890625,28.22265625,25.788330078125,-33.4080810546875,-37.1533203125,-15.952545166015625,-22.9892578125,-18.384063720703125,41.430328369140625,-2.039276123046875,-97.75286102294922,98.69320678710938,71.67254638671875,-3.0840725898742676,83.51643371582031,-2.039276123046875,-97.75286102294922,98.69320678710938,71.67254638671875,-3.0840725898742676,49.04213298222515,1396.0121962247779,207.67780704826086,1603.6900032730387,1188.334389176517
2.1014196180003637,-2.3905847738138988,-97.21518987341773,97.94826048171274,69.89247311827958,-2.7871841625423315,44.305464121132324,19.343505859375,-167.8564453125,101.1368408203125,-361.2978515625,-132.76797485351562,-308.1318359375,-73.48828125,-37.53515625,124.75634765625,-40.41552734375,-279.45703125,-72.017822265625,-164.3515625,-3.07208251953125,218.22607421875,28.08001708984375,-10.0316162109375,11.151397705078125,-30.0458984375,-17.135955810546875,-18.8955078125,0.62408447265625,30.623046875,10.30029296875,-33.4080810546875,-41.9541015625,-31.440521240234375,-30.189453125,-23.184051513671875,49.174346923828125,-2.0395498275756836,-97.740966796875,98.70012664794922,71.68070983886719,-3.054051399230957,83.53559875488281,-2.0395498275756836,-97.740966796875,98.70012664794922,71.68070983886719,-3.054051399230957,49.70046082949309,1404.1748450013174,227.91624044001233,1632.0910854413298,1176.258604561305
2.138033182000072,-2.3905847738138988,-97.21518987341773,98.12667261373772,69.89247311827958,-2.7871841625423315,45.29295589203423,19.343505859375,-175.056640625,101.1368408203125,-368.4970703125,-132.76797485351562,-304.259765625,-71.088134765625,-35.13525390625,124.75634765625,-40.41552734375,-279.45703125,-75.8896484375,-164.3515625,-5.472076416015625,214.35400390625,32.88002014160156,-5.231689453125,18.8953857421875,-30.0458984375,-12.335968017578125,-11.1514892578125,-1.77587890625,33.0224609375,10.30029296875,-31.008056640625,-44.353515625,-23.696533203125,-30.189453125,-23.184051513671875,45.302337646484375,-2.04476261138916,-97.76107025146484,98.74124908447266,71.69840240478516,-3.0463342666625977,83.33324432373047,-2.04476261138916,-97.76107025146484,98.74124908447266,71.69840240478516,-3.0463342666625977,50.81961816984859,1409.4447988721963,225.50919397939856,1634.9539928515949,1183.9356048927978
2.1696770759990613,-2.3905847738138988,-97.21518987341773,98.2158786797502,69.89247311827958,-2.7871841625423315,46.60961158657011,19.343505859375,-175.056640625,105.0089111328125,-373.2978515625,-135.16799926757812,-304.259765625,-71.088134765625,-32.7353515625,120.88427734375,-35.615478515625,-284.25732421875,-72.017822265625,-171.5517578125,-5.472076416015625,218.22607421875,32.88002014160156,-5.231689453125,15.023406982421875,-25.24609375,-14.7359619140625,-11.1514892578125,-1.77587890625,33.0224609375,18.04443359375,-35.80804443359375,-39.5537109375,-23.696533203125,-22.9892578125,-23.184051513671875,45.302337646484375,-2.128207206726074,-97.7855453491211,98.6776123046875,71.70559692382812,-3.0534582138061523,83.1307144165039,-2.128207206726074,-97.7855453491211,98.6776123046875,71.70559692382812,-3.0534582138061523,52.136273864384464,1422.2848168361138,219.70787552858474,1641.9926923646985,1202.576941307529
2.208469470999262,-2.3905847738138988,-97.21518987341773,98.2158786797502,69.89247311827958,-2.7871841625423315,48.123765635286375,16.943603515625,-170.25634765625,105.0089111328125,-373.2978515625,-139.96798706054688,-304.259765625,-71.088134765625,-35.13525390625,132.50048828125,-38.015380859375,-284.25732421875,-72.017822265625,-176.3515625,-7.8720703125,222.09814453125,32.88002014160156,-10.0316162109375,15.023406982421875,-10.8466796875,-12.335968017578125,-7.279541015625,0.62408447265625,37.8232421875,14.17236328125,-31.008056640625,-29.9541015625,-23.696533203125,-25.3896484375,-23.184051513671875,41.430328369140625,-2.077993392944336,-97.75248718261719,98.71265411376953,71.69790649414062,-3.039963722229004,83.13670349121094,-2.077993392944336,-97.75248718261719,98.71265411376953,71.69790649414062,-3.039963722229004,53.97959183673469,1436.0807927221417,198.9139593978441,1634.9947521199858,1237.1668333242976
2.2389734069984115,-2.3905847738138988,-97.21518987341773,98.2158786797502,69.89247311827958,-2.7871841625423315,49.57208689927584,21.74365234375,-172.65673828125,112.7528076171875,-368.4970703125,-144.76797485351562,-308.1318359375,-68.688232421875,-37.53515625,128.62841796875,-35.615478515625,-277.05712890625,-64.273681640625,-178.751953125,-3.07208251953125,225.969970703125,37.680015563964844,-10.0316162109375,15.023406982421875,-10.8466796875,-9.93597412109375,0.4644775390625,-4.1759033203125,37.8232421875,14.17236328125,-33.4080810546875,-27.5537109375,-19.82452392578125,-15.7890625,-20.7840576171875,37.558349609375,-2.1205062866210938,-97.72218322753906,98.69026184082031,71.70215606689453,-3.0125293731689453,82.99360656738281,-2.1205062866210938,-97.72218322753906,98.69026184082031,71.70215606689453,-3.0125293731689453,55.032916392363404,1434.3939227196945,190.47430836720048,1624.8682310868949,1243.9196143524941
2.2691090739972424,-2.3905847738138988,-97.21518987341773,98.2158786797502,69.89247311827958,-2.7871841625423315,50.625411454904544,19.343505859375,-177.45654296875,108.8809814453125,-375.697265625,-142.36798095703125,-304.259765625,-68.688232421875,-35.13525390625,124.75634765625,-40.41552734375,-279.45703125,-64.273681640625,-176.3515625,-5.472076416015625,222.09814453125,35.28001403808594,-0.431640625,15.023406982421875,-10.8466796875,-14.7359619140625,-7.279541015625,-8.97589111328125,33.0224609375,6.428466796875,-33.4080810546875,-34.75390625,-27.56854248046875,-15.7890625,-30.384063720703125,37.558349609375,-2.125847816467285,-97.79534149169922,98.76962280273438,71.7586898803711,-3.040194511413574,82.80203247070312,-2.125847816467285,-97.79534149169922,98.76962280273438,71.7586898803711,-3.040194511413574,56.1520737327189,1432.991804640189,199.2173248197828,1632.2091294599718,1233.7744798204062
2.3087322440005664,-2.3905847738138988,-97.21518987341773,98.2158786797502,69.89247311827958,-2.7871841625423315,52.07373271889401,21.74365234375,-187.056640625,108.8809814453125,-382.8974609375,-154.36798095703125,-308.1318359375,-71.088134765625,-39.93505859375,120.88427734375,-40.41552734375,-272.25732421875,-72.017822265625,-181.1513671875,-10.272064208984375,229.842041015625,32.88002014160156,-10.0316162109375,11.151397705078125,-10.8466796875,-12.335968017578125,-7.279541015625,0.62408447265625,35.4228515625,14.17236328125,-35.80804443359375,-29.9541015625,-27.56854248046875,-18.189453125,-25.58404541015625,37.558349609375,-2.100893020629883,-97.77546691894531,98.76754760742188,71.73210144042969,-3.0724005699157715,82.89786529541016,-2.100893020629883,-97.77546691894531,98.76754760742188,71.73210144042969,-3.0724005699157715,57.86372613561554,1455.8307042376375,195.43109449764108,1651.2617987352787,1260.3996097399963
2.332612283000344,-2.3905847738138988,-97.21518987341773,98.2158786797502,69.89247311827958,-2.7871841625423315,53.52205398288348,45.74365234375,-208.65673828125,166.9608154296875,-462.09765625,-216.76800537109375,-389.44384765625,-169.48828125,-80.7353515625,66.67626953125,-40.41552734375,-286.6572265625,-106.86572265625,-250.751953125,-19.8720703125,326.64208984375,37.680015563964844,-5.231689453125,11.151397705078125,-1.24609375,-12.335968017578125,-3.4075927734375,-1.77587890625,35.4228515625,14.17236328125,-38.20806884765625,-25.1533203125,-23.696533203125,-25.3896484375,-25.58404541015625,41.430328369140625,-2.1273374557495117,-97.71924591064453,98.73247528076172,71.74108123779297,-3.0387368202209473,82.62876892089844,-2.1273374557495117,-97.71924591064453,98.73247528076172,71.74108123779297,-3.0387368202209473,58.85121790651745,1833.220649646113,197.12742868376452,2030.3480783298776,1636.0932209623486
2.367860390997521,-2.3905847738138988,-97.21518987341773,98.2158786797502,69.89247311827958,-2.7871841625423315,54.64121132323897,50.54345703125,-213.45654296875,174.7049560546875,-476.4970703125,-221.5679931640625,-397.18798828125,-169.48828125,-80.7353515625,70.54833984375,-42.8154296875,-279.45703125,-114.609619140625,-250.751953125,-22.272064208984375,338.258056640625,32.88002014160156,-7.631591796875,7.279388427734375,-8.4462890625,-9.93597412109375,-11.1514892578125,-1.77587890625,40.22265625,10.30029296875,-31.008056640625,-29.9541015625,-23.696533203125,-27.7890625,-25.58404541015625,37.558349609375,-2.126978874206543,-97.77587890625,98.71295166015625,71.72590637207031,-3.0264573097229004,82.76139831542969,-2.126978874206543,-97.77587890625,98.71295166015625,71.72590637207031,-3.0264573097229004,60.036208031599735,1866.4105698975243,195.710832549015,2062.1214024465394,1670.6997373485092
2.4088761219973094,-2.3905847738138988,-97.21518987341773,98.2158786797502,69.89247311827958,-2.7871841625423315,56.22119815668203,48.1435546875,-213.45654296875,178.5767822265625,-476.4970703125,-223.96798706054688,-397.18798828125,-174.288330078125,-85.53515625,62.8046875,-45.215576171875,-284.25732421875,-110.73779296875,-253.1513671875,-27.07208251953125,338.258056640625,37.680015563964844,-10.0316162109375,15.023406982421875,-6.0458984375,-12.335968017578125,-3.4075927734375,0.62408447265625,37.8232421875,18.04443359375,-35.80804443359375,-29.9541015625,-27.56854248046875,-25.3896484375,-23.184051513671875,37.558349609375,-2.1063098907470703,-97.75714111328125,98.75818634033203,71.75260925292969,-3.0545144081115723,82.67990112304688,-2.1063098907470703,-97.75714111328125,98.75818634033203,71.75260925292969,-3.0545144081115723,61.94535878867676,1877.774024654342,202.98869413506213,2080.762718789404,1674.7853305192798
2.4395625129982363,-2.3905847738138988,-97.21518987341773,98.2158786797502,69.89247311827958,-2.7871841625423315,57.5378538512179,45.74365234375,-218.25634765625,178.5767822265625,-471.697265625,-228.76800537109375,-397.18798828125,-174.288330078125,-85.53515625,58.9326171875,-38.015380859375,-277.05712890625,-102.99365234375,-260.3515625,-27.07208251953125,357.617919921875,37.680015563964844,-5.231689453125,11.151397705078125,-10.8466796875,-12.335968017578125,0.4644775390625,5.42413330078125,37.8232421875,18.04443359375,-35.80804443359375,-25.1533203125,-19.82452392578125,-25.3896484375,-23.184051513671875,45.302337646484375,-2.093632698059082,-97.74589538574219,98.81015014648438,71.7587890625,-3.0604944229125977,82.58248901367188,-2.093632698059082,-97.74589538574219,98.81015014648438,71.7587890625,-3.0604944229125977,62.99868334430547,1887.4924332874034,203.24470714896538,2090.737140436369,1684.247726138438
2.4798835959991266,-2.3905847738138988,-97.21518987341773,98.2158786797502,69.89247311827958,-2.7871841625423315,58.59117840684661,76.943603515625,-223.056640625,205.6807861328125,-471.697265625,-264.76800537109375,-428.1640625,-231.88818359375,-92.7353515625,24.08447265625,-33.215576171875,-279.45703125,-122.353759765625,-269.9521484375,-36.67207336425781,435.05810546875,32.88002014160156,-5.231689453125,7.279388427734375,-8.4462890625,-12.335968017578125,0.4644775390625,0.62408447265625,35.4228515625,18.04443359375,-40.60809326171875,-32.353515625,-27.56854248046875,-18.189453125,-25.58404541015625,41.430328369140625,-2.153085708618164,-97.7464599609375,98.73609924316406,71.77616119384766,-3.0513734817504883,82.32454681396484,-2.153085708618164,-97.7464599609375,98.73609924316406,71.77616119384766,-3.0513734817504883,64.64450296247531,2073.9802088443184,199.56220545264713,2273.5424142969655,1874.4180033916714
2.50449424999897,-2.3905847738138988,-97.21518987341773,98.2158786797502,69.89247311827958,-2.7871841625423315,60.236998025016455,76.943603515625,-225.45654296875,217.2969970703125,-486.09765625,-271.9679870605469,-435.90771484375,-234.288330078125,-95.13525390625,35.70068359375,-38.015380859375,-281.85693359375,-118.481689453125,-279.5517578125,-41.472076416015625,435.05810546875,35.28001403808594,-14.8316650390625,15.023406982421875,-6.0458984375,-9.93597412109375,-11.1514892578125,3.02410888671875,33.0224609375,10.30029296875,-35.80804443359375,-22.75390625,-23.696533203125,-25.3896484375,-23.184051513671875,37.558349609375,-2.1471481323242188,-97.71078491210938,98.74018096923828,71.75988006591797,-3.07534122467041,82.31553649902344,-2.1471481323242188,-97.71078491210938,98.74018096923828,71.75988006591797,-3.07534122467041,65.63199473337723,2112.0096354272373,191.46491251926176,2303.474547946499,1920.5447229079755
2.54498742999931,-2.3905847738138988,-97.21518987341773,98.2158786797502,69.89247311827958,-2.7871841625423315,61.48782093482554,79.343505859375,-227.8564453125,213.4249267578125,-483.697265625,-269.5679931640625,-428.1640625,-236.688232421875,-95.13525390625,31.82861328125,-38.015380859375,-272.25732421875,-114.609619140625,-277.1513671875,-39.07206726074219,438.929931640625,37.680015563964844,-7.631591796875,15.023406982421875,-8.4462890625,-7.53594970703125,0.4644775390625,-1.77587890625,37.8232421875,6.428466796875,-38.20806884765625,-27.5537109375,-15.952545166015625,-22.9892578125,-23.184051513671875,33.68634033203125,-2.125791549682617,-97.74049377441406,98.7444839477539,71.77826690673828,-3.039152145385742,82.39111328125,-2.125791549682617,-97.74049377441406,98.7444839477539,71.77826690673828,-3.039152145385742,67.14614878209348,2097.570871342021,187.65914776536084,2285.230019107382,1909.91172357666
2.582980040999246,-2.3905847738138988,-97.21518987341773,98.2158786797502,69.89247311827958,-2.7871841625423315,62.87030941408822,76.943603515625,-227.8564453125,221.1688232421875,-478.8974609375,-267.1679992675781,-432.0361328125,-234.288330078125,-90.33544921875,39.572265625,-35.615478515625,-269.85693359375,-114.609619140625,-267.5517578125,-39.07206726074219,442.802001953125,32.88002014160156,-7.631591796875,11.151397705078125,-8.4462890625,-12.335968017578125,-7.279541015625,-6.57586669921875,35.4228515625,14.17236328125,-35.80804443359375,-27.5537109375,-15.952545166015625,-15.7890625,-23.184051513671875,41.430328369140625,-2.0613651275634766,-97.70307922363281,98.77923583984375,71.79666137695312,-3.0378918647766113,82.26734924316406,-2.0613651275634766,-97.70307922363281,98.77923583984375,71.79666137695312,-3.0378918647766113,68.66030283080974,2093.2276329260817,188.84054714489028,2282.068180070972,1904.3870857811914
2.6111353779997444,-2.3905847738138988,-97.21518987341773,98.2158786797502,69.89247311827958,-2.7871841625423315,64.1869651086241,86.54345703125,-232.65673828125,225.0408935546875,-476.4970703125,-274.36798095703125,-424.2919921875,-231.88818359375,-95.13525390625,35.70068359375,-35.615478515625,-272.25732421875,-118.481689453125,-277.1513671875,-39.07206726074219,450.546142578125,37.680015563964844,-12.431640625,11.151397705078125,-3.646484375,-7.53594970703125,0.4644775390625,-4.1759033203125,33.0224609375,18.04443359375,-38.20806884765625,-32.353515625,-23.696533203125,-25.3896484375,-20.7840576171875,41.430328369140625,-2.053156852722168,-97.70643615722656,98.75035858154297,71.79041290283203,-3.0299696922302246,82.23628234863281,-2.053156852722168,-97.70643615722656,98.75035858154297,71.79041290283203,-3.0299696922302246,69.71362738643845,2112.201186046552,195.70201988058326,2307.903205927135,1916.4991661659685
2.6459952170007455,-2.3905847738138988,-97.21518987341773,98.2158786797502,69.89247311827958,-2.7871841625423315,65.50362080315998,91.343505859375,-232.65673828125,232.7847900390625,-474.09765625,-291.1679992675781,-432.0361328125,-258.288330078125,-90.33544921875,24.08447265625,-30.8154296875,-272.25732421875,-114.609619140625,-272.3515625,-48.67207336425781,481.52197265625,35.28001403808594,-12.431640625,15.023406982421875,-6.0458984375,-14.7359619140625,-7.279541015625,-4.1759033203125,37.8232421875,18.04443359375,-40.60809326171875,-27.5537109375,-19.82452392578125,-20.5888671875,-25.58404541015625,37.558349609375,-2.065948486328125,-97.63407897949219,98.67304229736328,71.8056411743164,-2.9859561920166016,82.04920196533203,-2.065948486328125,-97.63407897949219,98.67304229736328,71.8056411743164,-2.9859561920166016,71.22778143515471,2173.006623425802,202.7549547519892,2375.7615781777913,1970.2516686738127
2.675673301997449,-2.3905847738138988,-97.21518987341773,98.2158786797502,69.89247311827958,-2.7871841625423315,67.01777485187623,103.343505859375,-227.8564453125,232.7847900390625,-459.697265625,-293.5679931640625,-428.1640625,-263.088134765625,-83.13525390625,20.21240234375,-23.615478515625,-265.05712890625,-106.86572265625,-291.5517578125,-48.67207336425781,489.26611328125,37.680015563964844,-12.431640625,15.023406982421875,-3.646484375,-9.93597412109375,0.4644775390625,3.02410888671875,40.22265625,18.04443359375,-35.80804443359375,-22.75390625,-23.696533203125,-20.5888671875,-25.58404541015625,41.430328369140625,-1.9359779357910156,-97.69351196289062,98.74249267578125,71.80519104003906,-3.039599895477295,81.97918701171875,-1.9359779357910156,-97.69351196289062,98.74249267578125,71.80519104003906,-3.039599895477295,72.54443712969058,2170.1957768731163,198.6713317779687,2368.867108651085,1971.5244450951477
2.716847551997489,-2.3905847738138988,-97.21518987341773,98.2158786797502,69.89247311827958,-2.7871841625423315,68.26859776168533,132.1435546875,-115.056640625,321.8409423828125,-462.09765625,-415.968017578125,-404.93212890625,-567.88818359375,80.06494140625,-305.03564453125,137.1845703125,-308.25732421875,90.606201171875,-351.5517578125,-132.6720733642578,678.994140625,35.28001403808594,-7.631591796875,15.023406982421875,-8.4462890625,-12.335968017578125,-7.279541015625,5.42413330078125,37.8232421875,14.17236328125,-40.60809326171875,-29.9541015625,-27.56854248046875,-20.5888671875,-25.58404541015625,37.558349609375,-1.9438629150390625,-97.66221618652344,98.76918029785156,71.827880859375,-3.0376486778259277,81.87906646728516,-1.9438629150390625,-97.66221618652344,98.76918029785156,71.827880859375,-3.0376486778259277,74.19025674786043,2883.3935630220103,203.87093503253658,3087.264498054547,2679.5226279894737
2.7390708769999037,-2.3905847738138988,-97.21518987341773,98.2158786797502,69.89247311827958,-2.7871841625423315,69.78275181040158,141.74365234375,-115.056640625,329.5848388671875,-459.697265625,-432.76800537109375,-408.8037109375,-582.288330078125,101.66455078125,-316.6513671875,158.784423828125,-296.25732421875,98.350341796875,-358.751953125,-149.47207641601562,709.969970703125,35.28001403808594,-10.0316162109375,15.023406982421875,-1.24609375,-14.7359619140625,-7.279541015625,5.42413330078125,37.8232421875,10.30029296875,-35.80804443359375,-22.75390625,-23.696533203125,-22.9892578125,-20.7840576171875,37.558349609375,-1.8653564453125,-97.59359741210938,98.7325668334961,71.85095977783203,-2.995339870452881,81.70988464355469,-1.8653564453125,-97.59359741210938,98.7325668334961,71.85095977783203,-2.995339870452881,75.17774851876234,2959.092998598946,192.9824749313011,3152.075473530247,2766.110523667645
2.776847517998249,-2.3905847738138988,-97.21518987341773,98.2158786797502,69.89247311827958,-2.7871841625423315,70.96774193548387,153.74365234375,-131.8564453125,325.7127685546875,-435.697265625,-451.968017578125,-443.65185546875,-601.48828125,101.66455078125,-324.3955078125,177.984619140625,-286.6572265625,109.96630859375,-365.9521484375,-161.47207641601562,737.07421875,40.08001708984375,-10.0316162109375,11.151397705078125,-6.0458984375,-12.335968017578125,-7.279541015625,-1.77587890625,45.0224609375,14.17236328125,-38.20806884765625,-27.5537109375,-23.696533203125,-20.5888671875,-20.7840576171875,37.558349609375,-1.6425237655639648,-97.57585144042969,98.70771026611328,71.85360717773438,-2.9941678047180176,81.73785400390625,-1.6425237655639648,-97.57585144042969,98.70771026611328,71.85360717773438,-2.9941678047180176,76.56023699802502,3036.682713824328,205.91511590528705,3242.597829729615,2830.767597919041
2.8117247079972003,-2.317028319235021,-97.21518987341773,98.2158786797502,69.89247311827958,-2.7871841625423315,72.48189598420012,225.74365234375,-141.45654296875,364.4329833984375,-392.4970703125,-540.7680053710938,-513.34814453125,-735.88818359375,123.2646484375,-456.04345703125,237.984619140625,-195.45703125,125.454345703125,-404.3515625,-221.47207641601562,907.44189453125,42.480018615722656,-10.0316162109375,15.023406982421875,-8.4462890625,-17.135955810546875,0.4644775390625,5.42413330078125,40.22265625,14.17236328125,-43.008056640625,-20.353515625,-19.82452392578125,-30.189453125,-20.7840576171875,33.68634033203125,-1.5651512145996094,-97.47589874267578,98.68677520751953,71.84437561035156,-2.9648280143737793,81.70237731933594,-1.5651512145996094,-97.47589874267578,98.68677520751953,71.84437561035156,-2.9648280143737793,78.07439104674127,3518.890126293003,209.58847268773172,3728.4785989807347,3309.3016536052714
2.8422437449989957,-2.0963589554983457,-97.21518987341773,98.2158786797502,69.89247311827958,-2.7871841625423315,73.86438446346281,254.543701171875,-16.65673828125,445.7449951171875,-402.09765625,-643.968017578125,-474.6279296875,-1007.08837890625,243.2646484375,-761.931640625,365.1845703125,-221.85693359375,257.102294921875,-464.3515625,-269.4720764160156,1046.833984375,32.88002014160156,-10.0316162109375,11.151397705078125,-1.24609375,-12.335968017578125,-7.279541015625,-4.1759033203125,37.8232421875,18.04443359375,-40.60809326171875,-25.1533203125,-19.82452392578125,-25.3896484375,-27.984039306640625,41.430328369140625,-1.245072364807129,-97.36537170410156,98.63864135742188,71.89288330078125,-2.9734911918640137,81.46731567382812,-1.245072364807129,-97.36537170410156,98.63864135742188,71.89288330078125,-2.9734911918640137,79.32521395655036,4370.13803408208,200.4230832724709,4570.56111735455,4169.714950809609
2.8737273139995523,-1.8021331371827927,-97.21518987341773,98.2158786797502,69.89247311827958,-2.7871841625423315,75.18104015799868,252.1435546875,-7.056640625,476.7208251953125,-402.09765625,-646.3679809570312,-455.26806640625,-1021.48828125,231.2646484375,-777.41943359375,350.784423828125,-217.05712890625,249.358154296875,-445.1513671875,-264.6720886230469,1054.578125,35.28001403808594,-10.0316162109375,15.023406982421875,-13.24609375,-14.7359619140625,-7.279541015625,0.62408447265625,35.4228515625,14.17236328125,-38.20806884765625,-32.353515625,-23.696533203125,-27.7890625,-25.58404541015625,41.430328369140625,-1.2009553909301758,-97.51945495605469,98.58305358886719,71.87675476074219,-2.949822425842285,81.5452880859375,-1.2009553909301758,-97.51945495605469,98.58305358886719,71.87675476074219,-2.949822425842285,80.70770243581305,4387.567515676881,210.358535245261,4597.926050922142,4177.20898043162
2.909487631997763,-1.655020228025009,-97.21518987341773,98.2158786797502,69.89247311827958,-2.7871841625423315,76.62936142198815,288.1435546875,28.943359375,546.4168701171875,-416.4970703125,-684.7680053710938,-401.06005859375,-1124.688232421875,120.86474609375,-901.32373046875,290.784423828125,-118.6572265625,168.04638671875,-435.5517578125,-243.07208251953125,1128.14599609375,37.680015563964844,-19.631591796875,11.151397705078125,-10.8466796875,-12.335968017578125,-11.1514892578125,0.62408447265625,47.4228515625,21.916259765625,-40.60809326171875,-37.1533203125,-19.82452392578125,-22.9892578125,-23.184051513671875,41.430328369140625,-0.8346223831176758,-97.51322937011719,98.56414794921875,71.86686706542969,-2.9563851356506348,81.45101928710938,-0.8346223831176758,-97.51322937011719,98.56414794921875,71.86686706542969,-2.9563851356506348,81.45101928710938,4550.6755630841935,227.27692943341594,4777.952492517609,4323.398633650778
2.943598794998252,-1.5814637734461172,-97.21518987341773,98.2158786797502,69.89247311827958,-2.7871841625423315,78.01184990125081,273.74365234375,36.1435546875,538.6729736328125,-390.09765625,-687.1680297851562,-401.06005859375,-1124.688232421875,99.2646484375,-920.68359375,302.784423828125,-109.05712890625,187.40625,-440.3515625,-247.87208557128906,1124.27392578125,40.08001708984375,-14.8316650390625,3.40740966796875,-20.4462890625,-19.53594970703125,-18.8955078125,3.02410888671875,35.4228515625,21.916259765625,-40.60809326171875,-34.75390625,-27.56854248046875,-30.189453125,-27.984039306640625,45.302337646484375,-0.3446354866027832,-97.34323120117188,98.48790740966797,71.85809326171875,-2.943242073059082,81.29893493652344,-0.3446354866027832,-97.34323120117188,98.48790740966797,71.85809326171875,-2.943242073059082,81.29893493652344,4553.336873894408,239.99864695781787,4793.335520852226,4313.33822693659
2.9746503549977206,-1.5079073188672254,-97.21518987341773,98.2158786797502,69.89247311827958,-2.7871841625423315,79.19684002633312,252.1435546875,38.54345703125,503.8248291015625,-397.2978515625,-684.7680053710938,-416.5478515625,-1119.88818359375,99.2646484375,-932.29931640625,355.58447265625,-80.25732421875,229.998291015625,-401.9521484375,-267.07208251953125,1104.9140625,35.28001403808594,-14.8316650390625,7.279388427734375,-20.4462890625,-14.7359619140625,-7.279541015625,3.02410888671875,35.4228515625,25.788330078125,-38.20806884765625,-27.5537109375,-23.696533203125,-32.5888671875,-25.58404541015625,49.174346923828125,0.7831082344055176,-97.17195129394531,98.28298950195312,71.83503723144531,-2.9030981063842773,81.29277038574219,0.7831082344055176,-97.17195129394531,98.28298950195312,71.83503723144531,-2.9030981063842773,81.29277038574219,4556.560982217581,226.14321113556844,4782.704193353149,4330.417771082013
3.006328807998216,-1.0665685913938887,-97.21518987341773,98.2158786797502,69.89247311827958,-2.7871841625423315,79.85516787360105,213.74365234375,43.34326171875,472.8487548828125,-366.09765625,-679.968017578125,-435.90771484375,-1110.288330078125,75.2646484375,-971.01953125,427.58447265625,-63.45703125,291.9501953125,-397.1513671875,-286.2720947265625,1062.322265625,35.28001403808594,-10.0316162109375,3.40740966796875,-25.24609375,-24.335968017578125,-3.4075927734375,5.42413330078125,37.8232421875,18.04443359375,-38.20806884765625,-32.353515625,-27.56854248046875,-30.189453125,-27.984039306640625,41.430328369140625,1.448697566986084,-97.05239868164062,98.21238708496094,71.82191467285156,-2.8618621826171875,81.23506164550781,1.448697566986084,-97.05239868164062,98.21238708496094,71.82191467285156,-2.8618621826171875,81.23506164550781,4575.757812685787,229.88199864010278,4805.63981132589,4345.875814045684
3.042346665999503,-0.4781169547627684,-97.21518987341773,98.2158786797502,69.89247311827958,-2.7871841625423315,80.18433179723502,208.943603515625,36.1435546875,465.1048583984375,-373.2978515625,-672.7680053710938,-443.65185546875,-1110.288330078125,77.66455078125,-986.50732421875,441.984619140625,-63.45703125,303.566162109375,-399.5517578125,-295.8720703125,1046.833984375,35.28001403808594,-12.431640625,15.023406982421875,-32.4462890625,-19.53594970703125,-22.767578125,-4.1759033203125,45.0224609375,18.04443359375,-40.60809326171875,-41.9541015625,-35.312530517578125,-32.5888671875,-23.184051513671875,53.046356201171875,2.0036258697509766,-97.036376953125,98.20018005371094,71.8066635131836,-2.8857035636901855,81.2271728515625,2.0036258697509766,-97.036376953125,98.20018005371094,71.8066635131836,-2.8857035636901855,81.2271728515625,4585.404196999136,267.8536264696668,4853.257823468803,4317.550570529469
3.0761043339989556,0.33100404560499896,-97.21518987341773,98.2158786797502,69.89247311827958,-2.7871841625423315,80.3818301514154,194.543701171875,40.943359375,449.6168212890625,-373.2978515625,-672.7680053710938,-447.52392578125,-1112.688232421875,75.2646484375,-994.25146484375,461.1845703125,-63.45703125,311.310302734375,-397.1513671875,-298.2720947265625,1042.9619140625,40.08001708984375,-17.231689453125,18.8953857421875,-80.4462890625,-21.93597412109375,-34.383544921875,-8.97589111328125,47.4228515625,21.916259765625,-40.60809326171875,-92.353515625,-46.92852783203125,-44.5888671875,-25.58404541015625,68.53433227539062,4.401615142822266,-96.82846069335938,98.0154037475586,71.76988220214844,-2.7894387245178223,81.38551330566406,4.401615142822266,-96.82846069335938,98.0154037475586,71.76988220214844,-2.7894387245178223,81.38551330566406,4590.989747410863,387.6848736790792,4978.674621089942,4203.304873731784
3.10933926099824,1.0665685913938887,-97.21518987341773,98.2158786797502,69.89247311827958,-2.7871841625423315,80.57932850559578,201.74365234375,45.74365234375,449.6168212890625,-373.2978515625,-672.7680053710938,-447.52392578125,-1107.88818359375,84.86474609375,-998.12353515625,465.984619140625,-58.6572265625,322.92626953125,-397.1513671875,-300.6720886230469,1042.9619140625,40.08001708984375,-29.231689453125,18.8953857421875,-133.24609375,-38.7359619140625,-65.3594970703125,-8.97589111328125,52.22265625,45.1484375,-38.20806884765625,-121.1533203125,-58.544525146484375,-58.9892578125,-35.184051513671875,80.15032958984375,7.023997783660889,-96.96464538574219,98.06854248046875,71.72554016113281,-2.745656967163086,81.54003143310547,6.213681500551672,-96.96464538574219,98.06854248046875,71.72554016113281,-2.745656967163086,81.54003143310547,4604.394331904889,521.5141345431973,5125.908466448087,4082.880197361692
3.148321593998844,1.5079073188672254,-97.21518987341773,98.2158786797502,69.89247311827958,-2.7871841625423315,80.77682685977618,196.943603515625,40.943359375,449.6168212890625,-368.4970703125,-675.1680297851562,-439.77978515625,-1107.88818359375,82.46484375,-998.12353515625,465.984619140625,-63.45703125,322.92626953125,-392.3515625,-300.6720886230469,1042.9619140625,35.28001403808594,-34.0316162109375,18.8953857421875,-200.4462890625,-41.135955810546875,-104.07958984375,-23.37591552734375,57.0224609375,56.764404296875,-40.60809326171875,-190.75390625,-70.1605224609375,-75.7890625,-32.7840576171875,99.51034545898438,9.020397186279297,-96.89111328125,97.99456024169922,71.46493530273438,-2.6620306968688965,81.53057098388672,7.243471864656115,-96.89111328125,97.99456024169922,71.46493530273438,-2.6620306968688965,81.53057098388672,4596.721595162452,702.4678418110121,5299.189436973465,3894.25375335144
3.1764048359982553,3.052592865023911,-97.21518987341773,98.2158786797502,69.89247311827958,-2.7871841625423315,80.97432521395656,201.74365234375,36.1435546875,438.0008544921875,-373.2978515625,-672.7680053710938,-451.39599609375,-1103.08837890625,80.06494140625,-990.37939453125,468.384521484375,-58.6572265625,326.79833984375,-397.1513671875,-303.07208251953125,1039.08984375,42.480018615722656,-31.631591796875,22.76739501953125,-217.24609375,-45.93597412109375,-104.07958984375,-16.1759033203125,64.22265625,49.020263671875,-45.4080810546875,-195.5537109375,-77.904541015625,-78.189453125,-32.7840576171875,103.38235473632812,10.214723587036133,-96.96595764160156,97.97885131835938,71.51199340820312,-2.5921807289123535,81.69134521484375,8.714600956233909,-96.96595764160156,97.97885131835938,71.51199340820312,-2.5921807289123535,81.69134521484375,4587.3019457122355,734.3221439860635,5321.624089698299,3852.979801726172
3.214627978999488,4.597278411180582,-97.21518987341773,98.2158786797502,69.89247311827958,-2.7871841625423315,81.04015799868336,196.943603515625,48.1435546875,445.7449951171875,-358.8974609375,-672.7680053710938,-439.77978515625,-1100.688232421875,77.66455078125,-994.25146484375,470.784423828125,-58.6572265625,322.92626953125,-387.5517578125,-305.4720764160156,1046.833984375,37.680015563964844,-24.431640625,26.639404296875,-210.0458984375,-36.335968017578125,-104.07958984375,-20.97589111328125,59.4228515625,52.892333984375,-40.60809326171875,-209.9541015625,-66.28854370117188,-70.9892578125,-39.984039306640625,99.51034545898438,11.44605827331543,-96.98428344726562,98.11920166015625,70.94990539550781,-2.6351890563964844,81.66427612304688,10.406399411548364,-96.98428344726562,98.11920166015625,70.94990539550781,-2.6351890563964844,81.66427612304688,4586.430906285811,724.1974165068214,5310.628322792632,3862.2334897789897
3.2487813029983954,6.068407502758362,-97.21518987341773,98.2158786797502,69.89247311827958,-2.7871841625423315,81.17182356813693,194.543701171875,45.74365234375,445.7449951171875,-363.697265625,-670.3680419921875,-447.52392578125,-1103.08837890625,87.2646484375,-1001.99560546875,475.58447265625,-65.85693359375,322.92626953125,-392.3515625,-305.4720764160156,1039.08984375,40.08001708984375,-26.8316650390625,30.51141357421875,-217.24609375,-41.135955810546875,-104.07958984375,-23.37591552734375,64.22265625,52.892333984375,-38.20806884765625,-209.9541015625,-74.03253173828125,-78.189453125,-37.58404541015625,107.25433349609375,12.797380447387695,-97.07189178466797,98.20664978027344,70.80023956298828,-2.5902013778686523,81.85601806640625,11.73041559396836,-97.07189178466797,98.20664978027344,70.80023956298828,-2.5902013778686523,81.85601806640625,4596.11694767073,751.6987608919056,5347.815708562635,3844.4181867788243
3.2811769369982358,7.392423685178386,-97.21518987341773,98.2158786797502,69.89247311827958,-2.7871841625423315,81.30348913759052,201.74365234375,48.1435546875,449.6168212890625,-363.697265625,-675.1680297851562,-443.65185546875,-1105.48828125,77.66455078125,-1001.99560546875,473.1845703125,-61.05712890625,326.79833984375,-389.9521484375,-310.2720947265625,1027.47412109375,40.08001708984375,-43.631591796875,22.76739501953125,-229.24609375,-53.135955810546875,-127.3115234375,-18.57586669921875,81.0224609375,72.25244140625,-43.008056640625,-236.353515625,-62.416534423828125,-87.7890625,-39.984039306640625,107.25433349609375,14.826728820800781,-96.9608154296875,98.30484771728516,70.2921142578125,-2.5499653816223145,82.03883361816406,13.127988230967276,-96.9608154296875,98.30484771728516,70.2921142578125,-2.5499653816223145,82.03883361816406,4595.400039782567,833.6259459378307,5429.025985720397,3761.774093844736
3.31100836800033,9.084222140492827,-97.21518987341773,98.2158786797502,69.89247311827958,-2.7871841625423315,81.36932192231731,201.74365234375,43.34326171875,430.2569580078125,-361.2978515625,-675.1680297851562,-447.52392578125,-1100.688232421875,80.06494140625,-998.12353515625,477.984619140625,-63.45703125,330.670166015625,-382.751953125,-307.8720703125,1042.9619140625,28.08001708984375,-79.631591796875,30.51141357421875,-294.0458984375,-67.53598022460938,-208.62353515625,-6.57586669921875,181.8232421875,141.9482421875,-38.20806884765625,-370.75390625,-39.184539794921875,-142.9892578125,-37.58404541015625,68.53433227539062,15.346436500549316,-96.85479736328125,98.41669464111328,69.89537048339844,-2.516998291015625,82.02938842773438,14.525560867966163,-96.85479736328125,98.41669464111328,69.89537048339844,-2.516998291015625,82.02938842773438,4589.647600786376,1225.0831240248253,5814.730724811201,3364.5644767615504
3.392860807998659,10.555351232070606,-97.21518987341773,98.2158786797502,69.80976013234078,-2.7871841625423315,81.5668202764977,199.343505859375,50.54345703125,441.8729248046875,-361.2978515625,-672.7680053710938,-439.77978515625,-1103.08837890625,87.2646484375,-1001.99560546875,477.984619140625,-63.45703125,326.79833984375,-392.3515625,-310.2720947265625,1031.34619140625,-319.91998291015625,-154.0316162109375,-70.16061401367188,-325.24609375,-230.73599243164062,-529.99951171875,-71.37591552734375,227.4228515625,76.124267578125,367.3919372558594,-461.9541015625,681.0074462890625,-178.9892578125,-116.7840576171875,-264.4576416015625,7.668097496032715,-95.20468139648438,97.50765228271484,71.52201843261719,-4.187760829925537,81.48725128173828,7.8356013240161815,-95.20468139648438,97.50765228271484,71.52201843261719,-4.187760829925537,81.48725128173828,4590.134801325586,2516.6368570858117,7106.771658411397,2073.497944239774
3.407830701999046,12.909157778595073,-97.21518987341773,98.2158786797502,69.64433416046319,-2.7871841625423315,81.69848584595128,196.943603515625,45.74365234375,438.0008544921875,-368.4970703125,-670.3680419921875,-447.52392578125,-1103.08837890625,82.46484375,-1005.86767578125,470.784423828125,-68.25732421875,334.542236328125,-392.3515625,-312.6720886230469,1031.34619140625,-495.1200256347656,-204.431640625,-128.2406005859375,-224.4462890625,-312.3359680175781,-696.4954833984375,-92.97589111328125,263.4228515625,56.764404296875,588.1919555664062,-435.5537109375,1068.20751953125,-176.5888671875,-169.58404541015625,-450.31365966796875,7.871397972106934,-95.25981140136719,97.52537536621094,71.490478515625,-4.167961597442627,81.49185180664062,8.276940051489518,-95.25981140136719,97.52537536621094,71.490478515625,-4.167961597442627,81.49185180664062,4592.256528948281,3438.953369768471,8031.209898716752,1153.3031591798099
3.4436210229978315,13.571165869805071,-97.21518987341773,98.2158786797502,69.64433416046319,-2.7871841625423315,81.69848584595128,199.343505859375,45.74365234375,449.6168212890625,-363.697265625,-677.5679931640625,-432.0361328125,-1103.08837890625,87.2646484375,-1001.99560546875,473.1845703125,-61.05712890625,334.542236328125,-389.9521484375,-310.2720947265625,1042.9619140625,-495.1200256347656,-214.0316162109375,-128.2406005859375,-219.646484375,-312.3359680175781,-715.8555908203125,-76.1759033203125,316.22265625,83.868408203125,580.991943359375,-473.9541015625,1091.439453125,-198.189453125,-164.7840576171875,-465.8016357421875,8.084603309631348,-95.28179931640625,97.55499267578125,71.4695816040039,-4.11896276473999,81.48745727539062,8.497609415226194,-95.28179931640625,97.55499267578125,71.4695816040039,-4.11896276473999,81.48745727539062,4607.403748315444,3558.1935285311683,8165.597276846613,1049.210219784276
3.471234773998731,13.056270687752857,-97.21518987341773,98.2158786797502,69.80976013234078,-2.995571763480072,81.63265306122449,194.543701171875,48.1435546875,434.1287841796875,-363.697265625,-670.3680419921875,-443.65185546875,-1103.08837890625,87.2646484375,-998.12353515625,470.784423828125,-65.85693359375,334.542236328125,-387.5517578125,-312.6720886230469,1023.60205078125,-497.52001953125,-230.8316650390625,-135.98458862304688,-217.24609375,-297.9359436035156,-727.4715576171875,-59.37591552734375,426.623046875,145.8203125,571.3919677734375,-574.75390625,1118.54345703125,-224.5888671875,-164.7840576171875,-508.3936462402344,8.400893211364746,-95.2767105102539,97.57998657226562,71.46395874023438,-4.066856861114502,81.50882720947266,8.400893211364746,-95.2767105102539,97.57998657226562,71.46395874023438,-4.066856861114502,81.50882720947266,4570.2547749662635,3796.397744956673,8366.652519922936,773.8570300095907
3.5153355339971313,11.290915777859496,-96.70886075949367,98.2158786797502,69.80976013234078,-3.4123469653555674,81.63265306122449,189.74365234375,50.54345703125,434.1287841796875,-366.09765625,-672.7680053710938,-435.90771484375,-1103.08837890625,94.46484375,-1009.7392578125,475.58447265625,-70.6572265625,338.414306640625,-394.751953125,-307.8720703125,1027.47412109375,-487.9200134277344,-226.0316162109375,-135.98458862304688,-217.24609375,-288.3359680175781,-708.111572265625,-64.1759033203125,465.0224609375,138.076416015625,566.5919189453125,-596.353515625,1114.67138671875,-219.7890625,-159.98406982421875,-500.649658203125,8.74013900756836,-95.35932922363281,97.55712127685547,71.41153717041016,-3.9642977714538574,81.46684265136719,8.74013900756836,-95.35932922363281,97.55712127685547,71.41153717041016,-3.9642977714538574,81.46684265136719,4587.09008176371,3793.8371274001397,8380.92720916385,793.2529543635706
3.5412603589975333,9.452004413387272,-96.62447257383967,98.03746654772524,69.80976013234078,-3.464443865589999,81.63265306122449,192.1435546875,45.74365234375,438.0008544921875,-366.09765625,-667.968017578125,-443.65185546875,-1105.48828125,89.66455078125,-998.12353515625,477.984619140625,-65.85693359375,342.286376953125,-387.5517578125,-312.6720886230469,1035.21826171875,66.48001861572266,-94.0316162109375,30.51141357421875,-366.0458984375,-132.33596801757812,-301.551513671875,-47.37591552734375,273.0224609375,145.8203125,-14.20806884765625,-500.353515625,-35.312530517578125,-183.7890625,-78.38406372070312,157.59036254882812,8.966184616088867,-95.36152648925781,97.5294189453125,71.40853118896484,-3.9419455528259277,81.44247436523438,8.966184616088867,-95.36152648925781,97.5294189453125,71.40853118896484,-3.9419455528259277,81.44247436523438,4594.416410274589,1680.911706215789,6275.328116490378,2913.5047040587997
3.5792624079986126,9.304891504229502,-96.54008438818565,97.94826048171274,69.80976013234078,-3.464443865589999,81.63265306122449,187.343505859375,31.34326171875,434.1287841796875,-358.8974609375,-670.3680419921875,-447.52392578125,-1091.08837890625,87.2646484375,-994.25146484375,485.1845703125,-65.85693359375,338.414306640625,-392.3515625,-312.6720886230469,1035.21826171875,56.88001251220703,-77.231689453125,26.639404296875,-366.0458984375,-108.33596801757812,-262.83154296875,-37.77587890625,256.22265625,126.46044921875,-23.80804443359375,-469.1533203125,-35.312530517578125,-178.9892578125,-73.58404541015625,149.84634399414062,9.244189262390137,-95.48509979248047,97.54656982421875,71.3589096069336,-3.928816318511963,81.45549774169922,9.244189262390137,-95.48509979248047,97.54656982421875,71.3589096069336,-3.928816318511963,81.45549774169922,4580.48779546123,1567.0763303661938,6147.5641258274245,3013.4114650950364
3.620637132000411,9.23133504965061,-96.54008438818565,97.94826048171274,69.80976013234078,-3.464443865589999,81.63265306122449,196.943603515625,45.74365234375,434.1287841796875,-344.4970703125,-672.7680053710938,-447.52392578125,-1103.08837890625,80.06494140625,-998.12353515625,475.58447265625,-56.25732421875,334.542236328125,-382.751953125,-310.2720947265625,1046.833984375,52.08002471923828,-58.0316162109375,30.51141357421875,-327.646484375,-86.73599243164062,-197.007568359375,-32.97589111328125,213.0224609375,103.228271484375,-35.80804443359375,-421.1533203125,-54.67254638671875,-154.9892578125,-59.184051513671875,130.48635864257812,9.599660873413086,-95.55145263671875,97.55062866210938,71.3097152709961,-3.9305777549743652,81.43699645996094,9.599660873413086,-95.55145263671875,97.55062866210938,71.3097152709961,-3.9305777549743652,81.43699645996094,4588.250417782333,1352.0288016116206,5940.279219393953,3236.2216161707124
3.645831849997194,9.452004413387272,-96.45569620253164,97.94826048171274,69.80976013234078,-3.464443865589999,81.63265306122449,192.1435546875,48.1435546875,438.0008544921875,-358.8974609375,-672.7680053710938,-439.77978515625,-1098.288330078125,80.06494140625,-1001.99560546875,477.984619140625,-65.85693359375,342.286376953125,-392.3515625,-303.07208251953125,1039.08984375,52.08002471923828,-60.431640625,26.639404296875,-325.24609375,-89.13595581054688,-208.62353515625,-30.57586669921875,205.8232421875,107.100341796875,-28.60809326171875,-423.5537109375,-54.67254638671875,-154.9892578125,-59.184051513671875,130.48635864257812,9.874475479125977,-95.54901123046875,97.53556060791016,71.28953552246094,-3.9081149101257324,81.42747497558594,9.874475479125977,-95.54901123046875,97.53556060791016,71.28953552246094,-3.9081149101257324,81.42747497558594,4592.676782251738,1353.7826057828534,5946.459388034591,3238.8941764688843
3.6803499149973504,9.746230231702825,-96.45569620253164,97.94826048171274,69.80976013234078,-3.464443865589999,81.63265306122449,192.1435546875,40.943359375,438.0008544921875,-368.4970703125,-670.3680419921875,-443.65185546875,-1098.288330078125,89.66455078125,-998.12353515625,475.58447265625,-68.25732421875,342.286376953125,-397.1513671875,-310.2720947265625,1031.34619140625,47.28002166748047,-60.431640625,30.51141357421875,-332.4462890625,-86.73599243164062,-212.4954833984375,-28.1759033203125,217.8232421875,122.58837890625,-33.4080810546875,-437.9541015625,-50.800537109375,-152.5888671875,-61.58404541015625,126.61434936523438,10.926229476928711,-95.6627197265625,97.55374908447266,71.18716430664062,-3.7850565910339355,81.34260559082031,10.926229476928711,-95.6627197265625,97.55374908447266,71.18716430664062,-3.7850565910339355,81.34260559082031,4588.954025709288,1387.8608158732054,5976.814841582493,3201.093209836082
3.7099809020000976,9.746230231702825,-96.45569620253164,97.94826048171274,69.80976013234078,-3.464443865589999,81.63265306122449,194.543701171875,45.74365234375,430.2569580078125,-361.2978515625,-675.1680297851562,-443.65185546875,-1105.48828125,82.46484375,-998.12353515625,477.984619140625,-58.6572265625,338.414306640625,-387.5517578125,-305.4720764160156,1035.21826171875,49.680015563964844,-65.231689453125,30.51141357421875,-332.4462890625,-86.73599243164062,-212.4954833984375,-25.77587890625,215.4228515625,122.58837890625,-31.008056640625,-437.9541015625,-46.92852783203125,-157.3896484375,-59.184051513671875,114.99835205078125,11.269760131835938,-95.71368408203125,97.57099151611328,71.18254089355469,-3.819540500640869,81.34530639648438,11.269760131835938,-95.71368408203125,97.57099151611328,71.18254089355469,-3.819540500640869,81.34530639648438,4586.497911444893,1385.92753409182,5972.425445536714,3200.570377353073
3.7483292229990184,9.672673777123947,-96.45569620253164,97.94826048171274,69.80976013234078,-3.464443865589999,81.63265306122449,189.74365234375,43.34326171875,438.0008544921875,-366.09765625,-670.3680419921875,-443.65185546875,-1098.288330078125,82.46484375,-1001.99560546875,477.984619140625,-63.45703125,334.542236328125,-389.9521484375,-310.2720947265625,1039.08984375,47.28002166748047,-62.8316650390625,26.639404296875,-337.24609375,-77.13595581054688,-216.3675537109375,-30.57586669921875,225.0224609375,118.71630859375,-33.4080810546875,-445.1533203125,-50.800537109375,-162.189453125,-59.184051513671875,114.99835205078125,12.843596458435059,-95.86866760253906,97.54659271240234,70.94354248046875,-3.678439140319824,81.23831176757812,12.843596458435059,-95.86866760253906,97.54659271240234,70.94354248046875,-3.678439140319824,81.23831176757812,4590.8584904144545,1404.046098217615,5994.904588632069,3186.8123921968395
3.7799706299992977,10.334681868333945,-96.45569620253164,97.94826048171274,69.80976013234078,-3.464443865589999,81.63265306122449,196.943603515625,48.1435546875,441.8729248046875,-349.2978515625,-675.1680297851562,-439.77978515625,-1100.688232421875,82.46484375,-994.25146484375,477.984619140625,-53.85693359375,338.414306640625,-387.5517578125,-312.6720886230469,1039.08984375,42.480018615722656,-62.8316650390625,26.639404296875,-339.646484375,-74.73599243164062,-200.8795166015625,-23.37591552734375,227.4228515625,114.84423828125,-35.80804443359375,-440.353515625,-39.184539794921875,-159.7890625,-56.7840576171875,99.51034545898438,13.859119415283203,-96.07559204101562,97.66764831542969,70.74983978271484,-3.5917882919311523,81.21467590332031,13.859119415283203,-96.07559204101562,97.66764831542969,70.74983978271484,-3.5917882919311523,81.21467590332031,4590.302734678553,1378.0118454635306,5968.314580142083,3212.2908892150226
3.8148955149990798,10.923133504965051,-96.45569620253164,97.94826048171274,69.80976013234078,-3.464443865589999,81.63265306122449,192.1435546875,48.1435546875,438.0008544921875,-363.697265625,-672.7680053710938,-443.65185546875,-1098.288330078125,87.2646484375,-998.12353515625,475.58447265625,-65.85693359375,342.286376953125,-397.1513671875,-312.6720886230469,1027.47412109375,25.680015563964844,-82.0316162109375,22.76739501953125,-385.24609375,-84.33596801757812,-255.0875244140625,-18.57586669921875,306.623046875,172.92431640625,-28.60809326171875,-555.5537109375,3.407470703125,-195.7890625,-54.384063720703125,64.662353515625,16.7764892578125,-96.49099731445312,97.8017807006836,70.37973022460938,-3.5197768211364746,81.19586181640625,16.364472232438388,-96.49099731445312,97.8017807006836,70.37973022460938,-3.5197768211364746,81.19586181640625,4586.216804938921,1680.6542124311609,6266.871017370082,2905.56259250776
3.8523315860002185,12.100036778227292,-96.45569620253164,97.94826048171274,69.80976013234078,-3.464443865589999,81.5668202764977,199.343505859375,52.943359375,438.0008544921875,-356.4970703125,-670.3680419921875,-451.39599609375,-1098.288330078125,82.46484375,-1001.99560546875,475.58447265625,-58.6572265625,334.542236328125,-377.9521484375,-310.2720947265625,1035.21826171875,-139.91998291015625,-113.231689453125,-27.568603515625,-399.646484375,-137.13595581054688,-390.6075439453125,-30.57586669921875,342.623046875,157.436279296875,153.79193115234375,-617.9541015625,382.86346435546875,-217.3896484375,-83.18405151367188,-113.44964599609375,17.884944915771484,-96.61751556396484,97.9187240600586,70.04625701904297,-3.502110004425049,81.17158508300781,17.61493196027952,-96.61751556396484,97.9187240600586,70.04625701904297,-3.502110004425049,81.17158508300781,4585.730161179513,2137.782588177534,6723.512749357047,2447.947573001979
3.882628458999534,13.129827142331735,-96.45569620253164,97.94826048171274,69.80976013234078,-3.464443865589999,81.5668202764977,194.543701171875,45.74365234375,434.1287841796875,-361.2978515625,-670.3680419921875,-443.65185546875,-1103.08837890625,87.2646484375,-994.25146484375,477.984619140625,-68.25732421875,342.286376953125,-389.9521484375,-310.2720947265625,1035.21826171875,-396.7200012207031,-168.431640625,-93.39260864257812,-315.646484375,-254.73599243164062,-595.823486328125,-68.97589111328125,378.623046875,118.71630859375,448.991943359375,-601.1533203125,878.4794921875,-222.189453125,-133.58404541015625,-357.3856506347656,18.19479751586914,-96.71730041503906,97.91177368164062,70.01543426513672,-3.491335868835449,81.17131042480469,18.19479751586914,-96.71730041503906,97.91177368164062,70.01543426513672,-3.491335868835449,81.17131042480469,4587.626050998202,3161.3406395597076,7748.96669055791,1426.2854114384945
3.912472116997378,14.600956233909528,-96.45569620253164,97.94826048171274,69.72704714640199,-3.464443865589999,81.5668202764977,196.943603515625,48.1435546875,438.0008544921875,-354.09765625,-667.968017578125,-447.52392578125,-1100.688232421875,80.06494140625,-998.12353515625,477.984619140625,-63.45703125,334.542236328125,-385.1513671875,-312.6720886230469,1039.08984375,-463.9200134277344,-238.0316162109375,-132.11260986328125,-248.4462890625,-264.3359680175781,-708.111572265625,-28.1759033203125,585.0224609375,215.516357421875,532.991943359375,-709.1533203125,1091.439453125,-282.189453125,-150.38406372070312,-547.1136474609375,19.89281463623047,-97.0679931640625,98.03890228271484,69.23442077636719,-3.4850072860717773,81.13841247558594,19.89281463623047,-97.0679931640625,98.03890228271484,69.23442077636719,-3.4850072860717773,81.13841247558594,4587.513486481446,3997.81259953888,8585.326086020326,589.7008869425663
3.950695571998949,16.145641780066214,-96.45569620253164,97.94826048171274,69.72704714640199,-3.464443865589999,81.5009874917709,196.943603515625,43.34326171875,430.2569580078125,-358.8974609375,-672.7680053710938,-447.52392578125,-1100.688232421875,87.2646484375,-1001.99560546875,477.984619140625,-65.85693359375,342.286376953125,-382.751953125,-312.6720886230469,1031.34619140625,-504.7200012207031,-278.8316650390625,-159.21661376953125,-159.646484375,-283.5359802246094,-785.5516357421875,-16.1759033203125,647.4228515625,269.724365234375,583.3919677734375,-709.1533203125,1223.08740234375,-282.189453125,-164.7840576171875,-609.065673828125,21.144962310791016,-97.25924682617188,98.16895294189453,68.77983093261719,-3.5038981437683105,81.11744689941406,21.144962310791016,-97.25924682617188,98.16895294189453,68.77983093261719,-3.5038981437683105,81.11744689941406,4585.554384996165,4370.653201406497,8956.207586402663,214.9011835896681
3.9857418649989995,17.322545053328426,-96.54008438818565,97.94826048171274,69.47890818858559,-3.464443865589999,81.4351547070441,194.543701171875,40.943359375,430.2569580078125,-361.2978515625,-670.3680419921875,-447.52392578125,-1103.08837890625,87.2646484375,-1005.86767578125,475.58447265625,-68.25732421875,334.542236328125,-389.9521484375,-315.07208251953125,1027.47412109375,-514.3200073242188,-288.431640625,-159.21661376953125,-116.4462890625,-290.7359924316406,-801.0394287109375,-18.57586669921875,649.8232421875,265.852294921875,600.1919555664062,-685.1533203125,1254.0634765625,-262.9892578125,-174.38406372070312,-612.9376220703125,21.670333862304688,-97.28616333007812,98.18051147460938,68.59935760498047,-3.44755220413208,81.15074157714844,21.670333862304688,-97.28616333007812,98.18051147460938,68.59935760498047,-3.44755220413208,81.15074157714844,4581.361817171693,4412.572527614715,8993.934344786408,168.78928955697756
4.013225342998339,18.499448326590652,-96.62447257383967,97.94826048171274,69.14805624483046,-3.464443865589999,81.4351547070441,196.943603515625,45.74365234375,430.2569580078125,-354.09765625,-670.3680419921875,-447.52392578125,-1098.288330078125,82.46484375,-998.12353515625,477.984619140625,-63.45703125,342.286376953125,-382.751953125,-312.6720886230469,1027.47412109375,-514.3200073242188,-283.631591796875,-155.3446044921875,-123.646484375,-285.9359436035156,-793.2955322265625,-18.57586669921875,654.623046875,265.852294921875,602.5919189453125,-685.1533203125,1254.0634765625,-260.5888671875,-171.98406982421875,-609.065673828125,22.782812118530273,-97.4844970703125,98.3131103515625,67.61322021484375,-3.456115245819092,81.0954360961914,22.782812118530273,-97.4844970703125,98.3131103515625,67.61322021484375,-3.456115245819092,81.0954360961914,4573.612826454378,4401.912028082764,8975.524854537141,171.70079837161393
4.046878907000064,19.74990805443177,-96.62447257383967,97.94826048171274,68.89991728701406,-3.464443865589999,81.4351547070441,196.943603515625,50.54345703125,434.1287841796875,-358.8974609375,-670.3680419921875,-443.65185546875,-1105.48828125,82.46484375,-1005.86767578125,473.1845703125,-68.25732421875,342.286376953125,-382.751953125,-315.07208251953125,1035.21826171875,-507.1200256347656,-288.431640625,-159.21661376953125,-114.0458984375,-293.1359558105469,-812.6556396484375,-20.97589111328125,649.8232421875,269.724365234375,600.1919555664062,-675.5537109375,1261.807373046875,-265.3896484375,-174.38406372070312,-612.9376220703125,23.48482894897461,-97.71792602539062,98.38822174072266,67.19699096679688,-3.55612850189209,81.13160705566406,23.48482894897461,-97.71792602539062,98.38822174072266,67.19699096679688,-3.55612850189209,81.13160705566406,4592.411571491262,4422.369173206172,9014.780744697433,170.0423982850907
4.0801186690005125,20.779698418536213,-96.70886075949367,97.94826048171274,68.4863523573201,-3.464443865589999,81.4351547070441,194.543701171875,50.54345703125,434.1287841796875,-356.4970703125,-665.5679931640625,-447.52392578125,-1100.688232421875,96.86474609375,-998.12353515625,475.58447265625,-68.25732421875,334.542236328125,-387.5517578125,-317.4720764160156,1035.21826171875,-502.32000732421875,-295.631591796875,-163.08859252929688,-99.646484375,-295.5359802246094,-816.5274658203125,-23.37591552734375,657.0224609375,273.596435546875,602.5919189453125,-675.5537109375,1261.807373046875,-258.189453125,-176.7840576171875,-612.9376220703125,23.706621170043945,-97.75332641601562,98.46797180175781,66.50299835205078,-3.583085060119629,81.14271545410156,23.706621170043945,-97.75332641601562,98.46797180175781,66.50299835205078,-3.583085060119629,81.14271545410156,4580.6331969512285,4432.543518299377,9013.176715250605,148.0896786518515
4.116521387997636,21.809488782640685,-96.9620253164557,97.94826048171274,68.15550041356494,-3.464443865589999,81.36932192231731,199.343505859375,57.74365234375,438.0008544921875,-356.4970703125,-667.968017578125,-447.52392578125,-1105.48828125,89.66455078125,-1005.86767578125,475.58447265625,-73.05712890625,334.542236328125,-385.1513671875,-315.07208251953125,1027.47412109375,-509.52001953125,-298.0316162109375,-163.08859252929688,-109.24609375,-295.5359802246094,-816.5274658203125,-13.77587890625,657.0224609375,277.46826171875,597.7919311523438,-670.75390625,1254.0634765625,-270.189453125,-179.18405151367188,-609.065673828125,23.701080322265625,-97.70288848876953,98.51725769042969,66.14677429199219,-3.5756397247314453,81.09991455078125,23.701080322265625,-97.70288848876953,98.51725769042969,66.14677429199219,-3.5756397247314453,81.09991455078125,4589.163627002214,4433.634841856776,9022.79846885899,155.52878514543772
4.1481938479992095,22.471496873850683,-97.13080168776371,97.94826048171274,67.65922249793218,-3.464443865589999,81.30348913759052,201.74365234375,48.1435546875,430.2569580078125,-356.4970703125,-663.1680297851562,-447.52392578125,-1103.08837890625,92.06494140625,-1005.86767578125,475.58447265625,-68.25732421875,342.286376953125,-387.5517578125,-315.07208251953125,1031.34619140625,-514.3200073242188,-314.8316650390625,-170.83261108398438,-51.646484375,-305.1359558105469,-828.1434326171875,-6.57586669921875,659.4228515625,277.46826171875,614.5919799804688,-632.353515625,1285.0394287109375,-253.3896484375,-183.98406982421875,-624.5536499023438,23.778379440307617,-97.60671997070312,98.56926727294922,65.73905944824219,-3.5007028579711914,81.09437561035156,23.778379440307617,-97.60671997070312,98.56926727294922,65.73905944824219,-3.5007028579711914,81.09437561035156,4585.031765667884,4483.448602129482,9068.480367797367,101.583163538402
4.179790178997791,22.765722692166236,-97.13080168776371,97.94826048171274,67.08023159636062,-3.464443865589999,81.30348913759052,204.1435546875,52.943359375,430.2569580078125,-358.8974609375,-665.5679931640625,-443.65185546875,-1105.48828125,89.66455078125,-1001.99560546875,470.784423828125,-68.25732421875,338.414306640625,-382.751953125,-319.8720703125,1023.60205078125,-511.9200134277344,-310.0316162109375,-166.96060180664062,-54.0458984375,-307.5359802246094,-832.0155029296875,-6.57586669921875,659.4228515625,277.46826171875,619.3919677734375,-629.9541015625,1292.783447265625,-260.5888671875,-183.98406982421875,-624.5536499023438,24.13737678527832,-97.49234008789062,98.80661010742188,64.23348999023438,-3.4600367546081543,81.09440612792969,24.13737678527832,-97.49234008789062,98.80661010742188,64.23348999023438,-3.4600367546081543,81.09440612792969,4573.048182978692,4492.5817079107765,9065.629890889468,80.46647506791578
4.21763192599974,23.05994851048179,-97.13080168776371,97.94826048171274,66.66666666666669,-3.464443865589999,81.30348913759052,204.1435546875,50.54345703125,430.2569580078125,-356.4970703125,-667.968017578125,-443.65185546875,-1105.48828125,94.46484375,-1001.99560546875,475.58447265625,-68.25732421875,338.414306640625,-380.3515625,-319.8720703125,1027.47412109375,-509.52001953125,-310.0316162109375,-174.70458984375,-54.0458984375,-305.1359558105469,-839.7596435546875,-13.77587890625,657.0224609375,273.596435546875,616.991943359375,-637.1533203125,1285.0394287109375,-253.3896484375,-183.98406982421875,-620.681640625,24.412399291992188,-97.55097961425781,98.79388427734375,63.91634750366211,-3.46889066696167,81.1227798461914,24.412399291992188,-97.55097961425781,98.79388427734375,63.91634750366211,-3.46889066696167,81.1227798461914,4580.487684616188,4485.04781867528,9065.535503291467,95.43986594090802
4.250880346000486,23.427730783376234,-97.13080168776371,97.94826048171274,65.92224979321753,-3.464443865589999,81.30348913759052,199.343505859375,48.1435546875,434.1287841796875,-354.09765625,-672.7680053710938,-455.26806640625,-1103.08837890625,87.2646484375,-1001.99560546875,473.1845703125,-68.25732421875,334.542236328125,-380.3515625,-315.07208251953125,1031.34619140625,-511.9200134277344,-312.431640625,-170.83261108398438,-46.8466796875,-307.5359802246094,-839.7596435546875,-8.97589111328125,659.4228515625,285.21240234375,619.3919677734375,-625.1533203125,1288.911376953125,-258.189453125,-188.7840576171875,-624.5536499023438,24.438251495361328,-97.48343658447266,98.81169891357422,63.582881927490234,-3.5093774795532227,81.12776947021484,24.438251495361328,-97.48343658447266,98.81169891357422,63.582881927490234,-3.5093774795532227,81.12776947021484,4586.087749595247,4500.009723337769,9086.097472933016,86.07802625747809
4.2868615859988495,23.7219566016918,-97.13080168776371,97.94826048171274,65.1778329197684,-3.464443865589999,81.30348913759052,201.74365234375,43.34326171875,430.2569580078125,-354.09765625,-665.5679931640625,-455.26806640625,-1105.48828125,94.46484375,-1009.7392578125,473.1845703125,-70.6572265625,330.670166015625,-385.1513671875,-317.4720764160156,1027.47412109375,-509.52001953125,-317.231689453125,-163.08859252929688,-39.646484375,-312.3359680175781,-847.5035400390625,-8.97589111328125,661.8232421875,281.34033203125,619.3919677734375,-617.9541015625,1292.783447265625,-255.7890625,-186.38406372070312,-612.9376220703125,24.411479949951172,-97.07452392578125,99.02297973632812,61.99007797241211,-3.43467378616333,81.10128021240234,24.411479949951172,-97.07452392578125,99.02297973632812,61.99007797241211,-3.43467378616333,81.10128021240234,4581.957200671137,4496.111271334011,9078.068472005147,85.84592933712611
4.320177211000555,23.86906951084957,-97.0464135021097,98.12667261373772,64.76426799007444,-3.464443865589999,81.30348913759052,201.74365234375,50.54345703125,434.1287841796875,-354.09765625,-667.968017578125,-447.52392578125,-1105.48828125,94.46484375,-1001.99560546875,468.384521484375,-68.25732421875,342.286376953125,-377.9521484375,-319.8720703125,1035.21826171875,-507.1200256347656,-322.0316162109375,-166.96060180664062,-49.24609375,-314.7359924316406,-851.3756103515625,-11.37591552734375,661.8232421875,292.956298828125,621.7919311523438,-615.5537109375,1296.655517578125,-255.7890625,-191.18405151367188,-620.681640625,24.330257415771484,-97.32344055175781,98.99310302734375,61.82883071899414,-3.460886001586914,81.11840057373047,24.330257415771484,-97.32344055175781,98.99310302734375,61.82883071899414,-3.460886001586914,81.11840057373047,4586.585683623084,4518.630745862822,9105.216429485907,67.95493776026251
4.35560255299788,24.016182420007354,-96.9620253164557,98.30508474576271,64.18527708850291,-3.620734566293308,81.30348913759052,201.74365234375,48.1435546875,434.1287841796875,-351.697265625,-665.5679931640625,-451.39599609375,-1100.688232421875,92.06494140625,-1001.99560546875,477.984619140625,-75.45703125,338.414306640625,-377.9521484375,-315.07208251953125,1027.47412109375,-502.32000732421875,-329.231689453125,-170.83261108398438,-39.646484375,-319.5359802246094,-859.1195068359375,-11.37591552734375,669.0224609375,292.956298828125,619.3919677734375,-617.9541015625,1296.655517578125,-265.3896484375,-193.58404541015625,-612.9376220703125,24.285852432250977,-96.78819274902344,99.35916900634766,59.7743034362793,-3.428311824798584,81.00205993652344,24.285852432250977,-96.78819274902344,99.35916900634766,59.7743034362793,-3.428311824798584,81.00205993652344,4579.8919638635525,4531.985500102001,9111.877463965553,47.906463761551095
4.391649712997605,24.016182420007354,-96.87763713080169,98.48349687778767,63.35814722911496,-3.6728314665277395,81.30348913759052,201.74365234375,45.74365234375,430.2569580078125,-351.697265625,-663.1680297851562,-451.39599609375,-1100.688232421875,94.46484375,-1005.86767578125,470.784423828125,-65.85693359375,334.542236328125,-382.751953125,-317.4720764160156,1027.47412109375,-497.52001953125,-329.231689453125,-163.08859252929688,-18.0458984375,-319.5359802246094,-866.8636474609375,-16.1759033203125,669.0224609375,292.956298828125,628.991943359375,-603.5537109375,1296.655517578125,-258.189453125,-203.18405151367188,-605.1936645507812,24.0318546295166,-96.65876007080078,99.47904205322266,58.93621063232422,-3.5195446014404297,80.96983337402344,24.0318546295166,-96.65876007080078,99.47904205322266,58.93621063232422,-3.5195446014404297,80.96983337402344,4570.156339316671,4524.135405219314,9094.291744535985,46.020934097356985
4.426495714997145,24.016182420007354,-96.87763713080169,98.57270294380018,62.61373035566584,-3.6728314665277395,81.30348913759052,196.943603515625,55.34326171875,430.2569580078125,-354.09765625,-665.5679931640625,-447.52392578125,-1105.48828125,87.2646484375,-1001.99560546875,473.1845703125,-65.85693359375,342.286376953125,-382.751953125,-315.07208251953125,1019.72998046875,-502.32000732421875,-331.631591796875,-166.96060180664062,-8.4462890625,-326.7359924316406,-870.7354736328125,-18.57586669921875,671.4228515625,285.21240234375,631.3919677734375,-596.353515625,1304.3994140625,-258.189453125,-203.18405151367188,-605.1936645507812,24.064847946166992,-95.89705657958984,99.81668090820312,56.57316970825195,-3.4058942794799805,80.84278106689453,24.064847946166992,-95.89705657958984,99.81668090820312,57.03473945409431,-3.4058942794799805,80.84278106689453,4569.258631543915,4540.13745617403,9109.396087717945,29.12117536988444
4.454821942999843,23.942625965428462,-96.87763713080169,98.75111507582514,61.37303556658395,-3.6728314665277395,81.30348913759052,196.943603515625,48.1435546875,426.3848876953125,-354.09765625,-663.1680297851562,-447.52392578125,-1100.688232421875,94.46484375,-1005.86767578125,475.58447265625,-65.85693359375,342.286376953125,-382.751953125,-317.4720764160156,1023.60205078125,-502.32000732421875,-331.631591796875,-166.96060180664062,22.75390625,-324.3359680175781,-874.6075439453125,-13.77587890625,676.22265625,292.956298828125,636.1919555664062,-569.9541015625,1323.759521484375,-253.3896484375,-205.58404541015625,-612.9376220703125,23.931861877441406,-94.75177001953125,99.90470886230469,54.208824157714844,-3.3329381942749023,80.78841400146484,23.931861877441406,-94.75177001953125,99.90470886230469,56.04218362282879,-3.3329381942749023,80.78841400146484,4568.7363211262455,4564.606349831005,9133.34267095725,4.129971295240466
4.492855836997478,23.942625965428462,-96.79324894514768,98.92952720785013,60.29776674937966,-3.620734566293308,81.30348913759052,201.74365234375,55.34326171875,434.1287841796875,-346.8974609375,-663.1680297851562,-447.52392578125,-1112.688232421875,80.06494140625,-1009.7392578125,475.58447265625,-70.6572265625,342.286376953125,-370.751953125,-319.8720703125,1031.34619140625,-497.52001953125,-331.631591796875,-170.83261108398438,51.5537109375,-329.1359558105469,-866.8636474609375,-23.37591552734375,678.623046875,281.34033203125,645.7919311523438,-553.1533203125,1327.6314697265625,-246.189453125,-210.38406372070312,-612.9376220703125,24.004274368286133,-95.06403350830078,99.89955139160156,54.571956634521484,-3.4196720123291016,80.8426513671875,24.004274368286133,-95.06403350830078,99.89955139160156,54.718775847808104,-3.4196720123291016,80.8426513671875,4590.480904647713,4555.337739704253,9145.818644351966,35.14316494345985
4.52542313199956,23.942625965428462,-96.11814345991561,99.01873327386261,58.80893300248141,-3.620734566293308,81.10599078341014,196.943603515625,50.54345703125,434.1287841796875,-358.8974609375,-667.968017578125,-443.65185546875,-1107.88818359375,92.06494140625,-1005.86767578125,475.58447265625,-75.45703125,353.90234375,-377.9521484375,-315.07208251953125,1027.47412109375,-487.9200134277344,-336.431640625,-174.70458984375,65.9541015625,-343.5359802246094,-886.2235107421875,-25.77587890625,688.22265625,277.46826171875,652.991943359375,-538.75390625,1331.50341796875,-253.3896484375,-219.98406982421875,-593.57763671875,23.674055099487305,-92.85835266113281,99.99562072753906,50.76710891723633,-3.313302516937256,80.6875,23.674055099487305,-92.85835266113281,99.99562072753906,53.31265508684865,-3.313302516937256,80.6875,4593.950857394042,4572.8335849930545,9166.784442387096,21.11727240098753
4.561199258998386,23.942625965428462,-95.69620253164557,99.01873327386261,57.650951199338294,-3.620734566293308,81.10599078341014,192.1435546875,52.943359375,422.5128173828125,-351.697265625,-660.7680053710938,-451.39599609375,-1105.48828125,92.06494140625,-1001.99560546875,487.58447265625,-73.05712890625,353.90234375,-377.9521484375,-319.8720703125,1027.47412109375,-490.32000732421875,-350.8316650390625,-174.70458984375,75.5537109375,-345.9360046386719,-897.8394775390625,-28.1759033203125,705.0224609375,273.596435546875,655.3919677734375,-536.353515625,1343.119384765625,-255.7890625,-224.7840576171875,-601.3216552734375,23.103422164916992,-90.80411529541016,99.75823974609375,47.566673278808594,-3.164217948913574,80.56129455566406,23.103422164916992,-90.80411529541016,99.75823974609375,52.071960297766765,-3.164217948913574,80.56129455566406,4583.570344908255,4628.490981112795,9212.06132602105,-44.92063620454064
4.597501943997486,23.942625965428462,-95.27426160337552,99.10793933987512,56.24483043837881,-3.620734566293308,81.04015799868336,194.543701171875,57.74365234375,430.2569580078125,-351.697265625,-660.7680053710938,-451.39599609375,-1107.88818359375,92.06494140625,-1005.86767578125,480.384521484375,-73.05712890625,350.0302734375,-375.5517578125,-317.4720764160156,1031.34619140625,-485.52001953125,-346.0316162109375,-178.57659912109375,113.9541015625,-341.1359558105469,-893.9676513671875,-30.57586669921875,697.8232421875,273.596435546875,667.3919677734375,-505.1533203125,1354.7354736328125,-243.7890625,-227.18405151367188,-605.1936645507812,22.943058013916016,-88.786865234375,99.25414276123047,45.549339294433594,-2.9990386962890625,80.44324493408203,22.943058013916016,-89.85232067510549,99.25414276123047,50.50041356492969,-2.9990386962890625,80.44324493408203,4590.481927424976,4619.475150705626,9209.957078130603,-28.993223280650454
4.625258579999354,23.79551305627068,-94.26160337552743,99.10793933987512,54.92142266335816,-3.620734566293308,80.97432521395656,199.343505859375,62.54345703125,434.1287841796875,-346.8974609375,-660.7680053710938,-443.65185546875,-1117.48828125,84.86474609375,-1021.35546875,485.1845703125,-68.25732421875,350.0302734375,-365.9521484375,-315.07208251953125,1031.34619140625,-478.32000732421875,-348.431640625,-178.57659912109375,166.75390625,-355.5359802246094,-897.8394775390625,-42.57586669921875,700.22265625,258.1083984375,676.991943359375,-464.353515625,1374.095458984375,-234.189453125,-239.18405151367188,-597.4496459960938,22.539764404296875,-84.79652404785156,97.1370620727539,44.37002944946289,-2.55690860748291,80.68710327148438,22.539764404296875,-88.50210970464136,97.1370620727539,49.50785773366417,-2.55690860748291,80.68710327148438,4607.234797547759,4631.070849169578,9238.305646717337,-23.836051621819024
4.663726638998924,23.354174328797356,-92.32067510548524,99.10793933987512,53.84615384615387,-3.5686376660588763,80.77682685977618,194.543701171875,64.943359375,430.2569580078125,-346.8974609375,-655.968017578125,-447.52392578125,-1112.688232421875,92.06494140625,-1013.611328125,482.784423828125,-73.05712890625,353.90234375,-368.3515625,-319.8720703125,1027.47412109375,-473.52001953125,-343.631591796875,-174.70458984375,173.9541015625,-365.1359558105469,-897.8394775390625,-47.37591552734375,693.0224609375,250.3642578125,686.5919799804688,-464.353515625,1377.967529296875,-224.5888671875,-248.7840576171875,-585.8336181640625,22.427852630615234,-84.38700866699219,96.87680053710938,43.18170166015625,-2.590167999267578,80.57032775878906,22.427852630615234,-86.64556962025317,96.87680053710938,48.26716294458228,-2.590167999267578,80.57032775878906,4591.613394148761,4616.693034680148,9208.30642882891,-25.079640531387668
4.691013935000228,22.91283560132402,-90.88607594936708,99.10793933987512,52.440033085194386,-3.30815316488669,80.77682685977618,177.74365234375,43.34326171875,410.8968505859375,-361.2978515625,-653.5679931640625,-463.01171875,-1091.08837890625,101.66455078125,-998.12353515625,501.984619140625,-82.6572265625,369.390380859375,-394.751953125,-322.2720947265625,1000.3701171875,-475.9200134277344,-348.431640625,-178.57659912109375,135.5537109375,-365.1359558105469,-913.3275146484375,-44.97589111328125,717.0224609375,258.1083984375,679.3919677734375,-483.5537109375,1374.095458984375,-258.189453125,-246.38406372070312,-581.961669921875,22.73855972290039,-81.17349243164062,95.03219604492188,41.89791488647461,-2.1431989669799805,80.59080505371094,22.73855972290039,-85.54852320675106,95.03219604492188,47.026468155500396,-2.1431989669799805,80.59080505371094,4562.101307688614,4662.586098286321,9224.687405974935,-100.48479059770762
4.724222488999658,22.765722692166236,-89.87341772151899,98.48349687778767,51.28205128205127,-3.099765563948935,80.77682685977618,199.343505859375,64.943359375,422.5128173828125,-346.8974609375,-663.1680297851562,-447.52392578125,-1107.88818359375,77.66455078125,-1013.611328125,485.1845703125,-68.25732421875,361.646240234375,-375.5517578125,-319.8720703125,1031.34619140625,-478.32000732421875,-343.631591796875,-178.57659912109375,166.75390625,-365.1359558105469,-905.5836181640625,-47.37591552734375,700.22265625,246.492431640625,679.3919677734375,-466.75390625,1385.71142578125,-236.5888671875,-248.7840576171875,-585.8336181640625,22.477752685546875,-79.29757690429688,93.46337127685547,41.88180923461914,-1.9428458213806152,80.57603454589844,22.477752685546875,-84.62025316455696,93.46337127685547,45.95119933829611,-1.9428458213806152,80.57603454589844,4599.528222135892,4641.20678847274,9240.735010608632,-41.678566336848235
4.7584381669985305,22.765722692166236,-88.27004219409282,97.6806422836753,49.87593052109182,-2.839281062776763,80.77682685977618,194.543701171875,64.943359375,422.5128173828125,-346.8974609375,-658.3680419921875,-439.77978515625,-1112.688232421875,77.66455078125,-1013.611328125,489.984619140625,-73.05712890625,353.90234375,-365.9521484375,-317.4720764160156,1031.34619140625,-468.7200012207031,-336.431640625,-170.83261108398438,169.1533203125,-369.9360046386719,-901.7115478515625,-59.37591552734375,693.0224609375,234.87646484375,686.5919799804688,-461.9541015625,1381.8394775390625,-224.5888671875,-255.9840545654297,-570.3456420898438,22.69594955444336,-74.58206176757812,90.54566955566406,40.5968132019043,-1.2127685546875,80.82698059082031,22.69594955444336,-82.76371308016877,92.41302408563783,44.462365591397855,-1.2127685546875,80.82698059082031,4589.511893165564,4600.04102551062,9189.552918676185,-10.529132345055586
4.792918085997371,22.765722692166236,-86.75105485232068,96.8777876895629,48.63523573200993,-2.5787965616045767,80.71099407504937,182.543701171875,50.54345703125,414.7689208984375,-354.09765625,-655.968017578125,-451.39599609375,-1098.288330078125,92.06494140625,-1001.99560546875,497.1845703125,-75.45703125,357.774169921875,-380.3515625,-319.8720703125,1015.85791015625,-468.7200012207031,-348.431640625,-166.96060180664062,166.75390625,-374.7359924316406,-909.4554443359375,-61.77587890625,705.0224609375,242.620361328125,691.3919677734375,-469.1533203125,1374.095458984375,-229.3896484375,-253.5840606689453,-562.6016845703125,22.798999786376953,-73.65180206298828,89.81682586669922,39.95160675048828,-1.1217598915100098,80.83547973632812,22.798999786376953,-81.41350210970464,91.78858162355039,43.38709677419354,-1.1217598915100098,80.83547973632812,4565.031356268447,4619.813982038367,9184.845338306814,-54.78262576991983
4.8237181449985655,22.692166237587344,-85.56962025316456,96.25334522747545,47.559966914805614,-2.214118259963527,80.71099407504937,177.74365234375,45.74365234375,410.8968505859375,-361.2978515625,-655.968017578125,-459.14013671875,-1095.88818359375,96.86474609375,-1001.99560546875,499.58447265625,-85.05712890625,369.390380859375,-387.5517578125,-317.4720764160156,1011.98583984375,-468.7200012207031,-353.231689453125,-170.83261108398438,154.75390625,-369.9360046386719,-917.1995849609375,-56.97589111328125,714.623046875,246.492431640625,688.991943359375,-481.1533203125,1370.223388671875,-250.9892578125,-251.18405151367188,-570.3456420898438,22.623733520507812,-72.05017852783203,88.7142562866211,39.402320861816406,-0.8214378356933594,80.79625701904297,22.623733520507812,-80.0632911392405,90.98572702943798,42.22911497105045,-0.8214378356933594,80.79625701904297,4572.837754646807,4649.633799046622,9222.471553693429,-76.79604439981449
4.859314799999993,22.692166237587344,-84.13502109704642,95.45049063336307,46.07113316790736,-1.8494399583224919,80.71099407504937,194.543701171875,57.74365234375,422.5128173828125,-351.697265625,-660.7680053710938,-443.65185546875,-1112.688232421875,87.2646484375,-1013.611328125,492.384521484375,-75.45703125,353.90234375,-368.3515625,-319.8720703125,1027.47412109375,-471.1199951171875,-350.8316650390625,-170.83261108398438,173.9541015625,-379.5359802246094,-917.1995849609375,-56.97589111328125,705.0224609375,242.620361328125,696.1919555664062,-457.1533203125,1381.8394775390625,-231.7890625,-253.5840606689453,-570.3456420898438,22.780162811279297,-68.56756591796875,85.86502838134766,39.461116790771484,-0.054193973541259766,80.7705078125,22.780162811279297,-78.54430379746836,90.1828724353256,40.6575682382134,-0.054193973541259766,80.7705078125,4594.995441440038,4646.517744874298,9241.513186314336,-51.52230343425981
4.8966294579986425,22.692166237587344,-82.53164556962025,94.64763603925067,44.913151364764246,-1.5368585569158597,80.71099407504937,187.343505859375,60.1435546875,418.6409912109375,-349.2978515625,-660.7680053710938,-451.39599609375,-1105.48828125,80.06494140625,-1009.7392578125,494.784423828125,-68.25732421875,350.0302734375,-363.5517578125,-322.2720947265625,1023.60205078125,-463.9200134277344,-348.431640625,-174.70458984375,176.353515625,-386.7359924316406,-924.9434814453125,-66.57586669921875,712.22265625,242.620361328125,700.991943359375,-464.353515625,1381.8394775390625,-236.5888671875,-267.98406982421875,-543.2416381835938,22.462112426757812,-65.39278411865234,83.3901138305664,39.10095977783203,0.3845551013946533,80.74882507324219,22.462112426757812,-76.85654008438819,89.3800178412132,39.33416046319272,0.3845551013946533,80.74882507324219,4578.037816374145,4647.079179144888,9225.116995519034,-69.04136277074304
4.926565579997259,22.692166237587344,-81.18143459915612,94.11239964317573,43.83788254755996,-1.1200833550403786,80.71099407504937,187.343505859375,57.74365234375,418.6409912109375,-354.09765625,-658.3680419921875,-451.39599609375,-1103.08837890625,82.46484375,-1009.7392578125,497.1845703125,-73.05712890625,357.774169921875,-375.5517578125,-319.8720703125,1015.85791015625,-459.1199951171875,-358.0316162109375,-170.83261108398438,178.75390625,-384.3359680175781,-932.6876220703125,-68.97589111328125,726.623046875,246.492431640625,703.3919677734375,-464.353515625,1381.8394775390625,-246.189453125,-265.58404541015625,-550.9856567382812,22.75363540649414,-64.87126922607422,82.55402374267578,39.183990478515625,0.47372865676879883,80.6343994140625,22.75363540649414,-75.9282700421941,88.93398751115078,39.183990478515625,0.47372865676879883,80.6343994140625,4579.433466120929,4679.577482368583,9259.010948489511,-100.14401624765469
4.963699591997283,22.692166237587344,-79.74683544303798,93.39875111507584,42.431761786600475,-0.5991143526960201,80.71099407504937,187.343505859375,55.34326171875,426.3848876953125,-354.09765625,-660.7680053710938,-443.65185546875,-1110.288330078125,84.86474609375,-1017.4833984375,494.784423828125,-75.45703125,357.774169921875,-375.5517578125,-319.8720703125,1015.85791015625,-461.52001953125,-360.431640625,-166.96060180664062,185.9541015625,-391.5359802246094,-928.8155517578125,-61.77587890625,714.623046875,242.620361328125,698.5919799804688,-449.9541015625,1381.8394775390625,-238.9892578125,-263.18408203125,-547.1136474609375,22.83987808227539,-62.81842803955078,81.53257751464844,39.28974533081055,1.0750641822814941,80.82698059082031,22.83987808227539,-73.9873417721519,88.04192685102589,39.28974533081055,1.0750641822814941,80.82698059082031,4593.02422989276,4656.020813300207,9249.045043192968,-62.99658340744736
5.003797797999141,22.692166237587344,-78.22784810126582,92.59589652096344,41.356492969396186,-0.23443605105497056,80.71099407504937,187.343505859375,52.943359375,418.6409912109375,-358.8974609375,-660.7680053710938,-451.39599609375,-1110.288330078125,87.2646484375,-1005.86767578125,499.58447265625,-73.05712890625,353.90234375,-368.3515625,-319.8720703125,1019.72998046875,-459.1199951171875,-355.631591796875,-170.83261108398438,190.75390625,-389.1359558105469,-936.5594482421875,-73.77587890625,719.4228515625,238.748291015625,705.7919311523438,-449.9541015625,1385.71142578125,-238.9892578125,-270.3840637207031,-539.36962890625,22.644603729248047,-59.447792053222656,78.8409652709961,39.06563186645508,1.7111053466796875,80.75244903564453,22.644603729248047,-72.55274261603375,87.32827832292597,39.06563186645508,1.7111053466796875,80.75244903564453,4586.429529728159,4666.7465704335455,9253.176100161705,-80.31704070538672
5.027347846000339,22.692166237587344,-77.0464135021097,91.97145405887602,40.942928039702224,0.07814535035164738,80.71099407504937,184.943603515625,60.1435546875,418.6409912109375,-354.09765625,-655.968017578125,-451.39599609375,-1105.48828125,89.66455078125,-1017.4833984375,494.784423828125,-70.6572265625,357.774169921875,-370.751953125,-317.4720764160156,1023.60205078125,-459.1199951171875,-358.0316162109375,-170.83261108398438,190.75390625,-398.7359924316406,-944.3035888671875,-78.57586669921875,721.8232421875,234.87646484375,712.991943359375,-449.9541015625,1393.4554443359375,-234.189453125,-275.18408203125,-531.6256713867188,22.850234985351562,-55.434120178222656,75.44395446777344,39.68077087402344,2.5863595008850098,80.87367248535156,22.850234985351562,-71.70886075949367,86.88224799286351,39.68077087402344,2.5863595008850098,80.87367248535156,4586.876852101614,4683.993517008451,9270.870369110064,-97.11666490683729
5.0631191809989105,22.692166237587344,-75.52742616033755,91.34701159678858,40.61207609594706,0.5991143526960201,80.71099407504937,187.343505859375,55.34326171875,418.6409912109375,-351.697265625,-660.7680053710938,-443.65185546875,-1110.288330078125,84.86474609375,-1013.611328125,494.784423828125,-73.05712890625,357.774169921875,-370.751953125,-310.2720947265625,1019.72998046875,-456.7200012207031,-355.631591796875,-170.83261108398438,190.75390625,-398.7359924316406,-948.1756591796875,-76.1759033203125,712.22265625,234.87646484375,710.5919799804688,-449.9541015625,1393.4554443359375,-231.7890625,-272.7840576171875,-527.753662109375,22.635297775268555,-55.093292236328125,74.89449310302734,39.7558708190918,2.852217674255371,80.73650360107422,22.635297775268555,-69.85232067510549,86.07939339875111,39.7558708190918,2.852217674255371,80.73650360107422,4581.348501469611,4668.796486155465,9250.144987625075,-87.44798468585395
5.099009559999104,22.692166237587344,-74.0084388185654,90.63336306868868,40.52936311000826,1.3805678562125507,80.71099407504937,187.343505859375,55.34326171875,414.7689208984375,-354.09765625,-663.1680297851562,-455.26806640625,-1105.48828125,89.66455078125,-1017.4833984375,497.1845703125,-73.05712890625,361.646240234375,-373.1513671875,-319.8720703125,1019.72998046875,-459.1199951171875,-353.231689453125,-166.96060180664062,185.9541015625,-403.5359802246094,-944.3035888671875,-76.1759033203125,709.8232421875,227.13232421875,720.1919555664062,-452.353515625,1389.58349609375,-234.189453125,-272.7840576171875,-516.1376342773438,22.686519622802734,-53.492549896240234,73.73613739013672,39.624813079833984,3.0009727478027344,80.81537628173828,22.686519622802734,-68.41772151898735,85.36574487065121,39.624813079833984,3.0009727478027344,80.81537628173828,4593.6082275634835,4653.828194537022,9247.436422100505,-60.21996697353825
5.135543530999712,22.618609783008466,-72.82700421940928,90.00892060660124,40.52936311000826,1.8494399583224777,80.71099407504937,184.943603515625,50.54345703125,418.6409912109375,-351.697265625,-660.7680053710938,-451.39599609375,-1098.288330078125,82.46484375,-1013.611328125,499.58447265625,-70.6572265625,357.774169921875,-368.3515625,-317.4720764160156,1015.85791015625,-456.7200012207031,-360.431640625,-174.70458984375,190.75390625,-405.9360046386719,-944.3035888671875,-76.1759033203125,697.8232421875,238.748291015625,715.3919677734375,-449.9541015625,1385.71142578125,-231.7890625,-267.98406982421875,-523.8816528320312,22.796592712402344,-52.21065902709961,72.69786834716797,39.620811462402344,3.4004626274108887,80.7855224609375,22.796592712402344,-66.89873417721519,84.65209634255129,39.620811462402344,3.4004626274108887,80.7855224609375,4576.154350703723,4649.889148010614,9226.043498714338,-73.73479730689087
5.16022269899986,22.618609783008466,-71.22362869198312,89.38447814451382,40.52936311000826,2.2141182599635414,80.71099407504937,184.943603515625,52.943359375,418.6409912109375,-349.2978515625,-660.7680053710938,-455.26806640625,-1105.48828125,80.06494140625,-1013.611328125,499.58447265625,-73.05712890625,357.774169921875,-370.751953125,-317.4720764160156,1023.60205078125,-461.52001953125,-365.231689453125,-170.83261108398438,195.5537109375,-401.1359558105469,-944.3035888671875,-76.1759033203125,690.623046875,238.748291015625,717.7919311523438,-437.9541015625,1389.58349609375,-226.9892578125,-267.98406982421875,-523.8816528320312,22.86253547668457,-49.08462905883789,70.18850708007812,39.882137298583984,4.254369258880615,80.74744415283203,22.86253547668457,-65.80168776371308,84.20606601248883,39.882137298583984,4.254369258880615,80.74744415283203,4590.6817268004215,4646.864081326614,9237.545808127035,-56.182354526192285
5.200316762999137,22.618609783008466,-69.87341772151899,88.7600356824264,40.52936311000826,2.5266996613701593,80.71099407504937,182.543701171875,52.943359375,414.7689208984375,-356.4970703125,-655.968017578125,-459.14013671875,-1098.288330078125,84.86474609375,-1005.86767578125,497.1845703125,-75.45703125,353.90234375,-375.5517578125,-317.4720764160156,1011.98583984375,-456.7200012207031,-362.8316650390625,-170.83261108398438,190.75390625,-405.9360046386719,-944.3035888671875,-78.57586669921875,695.4228515625,238.748291015625,715.3919677734375,-445.1533203125,1393.4554443359375,-226.9892578125,-270.3840637207031,-516.1376342773438,22.685190200805664,-48.73199462890625,69.96906280517578,40.00464630126953,4.418961048126221,80.84799194335938,22.685190200805664,-64.11392405063292,83.31400535236395,40.00464630126953,4.418961048126221,80.84799194335938,4564.49064017381,4646.37977604389,9210.8704162177,-81.88913587008028
5.229587128000276,22.618609783008466,-68.35443037974683,88.04638715432648,40.52936311000826,3.0476686637145036,80.71099407504937,180.1435546875,55.34326171875,414.7689208984375,-354.09765625,-658.3680419921875,-455.26806640625,-1105.48828125,84.86474609375,-1009.7392578125,499.58447265625,-70.6572265625,357.774169921875,-375.5517578125,-315.07208251953125,1019.72998046875,-466.32000732421875,-362.8316650390625,-170.83261108398438,190.75390625,-408.3359680175781,-944.3035888671875,-76.1759033203125,693.0224609375,238.748291015625,720.1919555664062,-445.1533203125,1393.4554443359375,-224.5888671875,-267.98406982421875,-527.753662109375,22.67550277709961,-47.58827590942383,68.84781646728516,39.97597122192383,4.787784099578857,80.72998046875,22.67550277709961,-62.93248945147678,82.77876895628901,39.97597122192383,4.787784099578857,80.72998046875,4580.444692675679,4661.913679876188,9242.358372551867,-81.46898720050922
5.265353011000116,22.618609783008466,-67.0042194092827,87.42194469223907,40.52936311000826,3.568637666058862,80.71099407504937,187.343505859375,52.943359375,422.5128173828125,-354.09765625,-653.5679931640625,-451.39599609375,-1103.08837890625,80.06494140625,-1001.99560546875,499.58447265625,-73.05712890625,353.90234375,-370.751953125,-319.8720703125,1019.72998046875,-461.52001953125,-360.431640625,-170.83261108398438,183.5537109375,-410.7359924316406,-948.1756591796875,-76.1759033203125,683.4228515625,238.748291015625,717.7919311523438,-437.9541015625,1397.327392578125,-222.189453125,-265.58404541015625,-512.265625,22.74810028076172,-47.037017822265625,68.40978240966797,39.98704528808594,4.93413782119751,80.7605209350586,22.74810028076172,-61.497890295358644,82.1543264942016,39.98704528808594,4.93413782119751,80.7605209350586,4575.026170934419,4636.5431863163285,9211.569357250748,-61.517015381909914
5.294064476998756,22.618609783008466,-65.48523206751054,86.52988403211418,40.52936311000826,3.933315967699926,80.71099407504937,182.543701171875,52.943359375,407.0247802734375,-361.2978515625,-658.3680419921875,-455.26806640625,-1095.88818359375,87.2646484375,-1009.7392578125,499.58447265625,-80.25732421875,353.90234375,-373.1513671875,-317.4720764160156,1015.85791015625,-456.7200012207031,-322.0316162109375,-151.47259521484375,171.5537109375,-437.1359558105469,-905.5836181640625,-126.57586669921875,441.0224609375,107.100341796875,727.3919677734375,-262.75390625,1316.015380859375,-150.189453125,-277.58404541015625,-411.5936584472656,23.002506256103516,-44.6661262512207,66.29890441894531,40.02619171142578,5.71848201751709,80.85816955566406,23.002506256103516,-59.9789029535865,81.3514719000892,40.02619171142578,5.71848201751709,80.85816955566406,4565.429457573747,4115.375400009001,8680.804857582749,450.05405756474556
5.326835722000396,22.618609783008466,-63.9662447257384,85.81623550401426,40.446650124069464,4.245897369106544,80.71099407504937,180.1435546875,50.54345703125,410.8968505859375,-349.2978515625,-658.3680419921875,-451.39599609375,-1107.88818359375,84.86474609375,-1021.35546875,501.984619140625,-70.6572265625,350.0302734375,-373.1513671875,-315.07208251953125,1019.72998046875,-454.32000732421875,-317.231689453125,-155.3446044921875,166.75390625,-444.3359680175781,-890.0955810546875,-140.97589111328125,381.0224609375,72.25244140625,729.7919311523438,-212.353515625,1288.911376953125,-133.3896484375,-282.3840637207031,-396.10565185546875,22.807222366333008,-43.75227355957031,65.66497802734375,40.13153076171875,6.059287071228027,80.8858413696289,22.807222366333008,-58.54430379746835,80.6378233719893,40.13153076171875,6.059287071228027,80.8858413696289,4578.736545131042,3997.5734409093384,8576.30998604038,581.1631042217032
5.364902932997211,22.692166237587344,-62.36286919831224,85.10258697591436,40.446650124069464,4.714769471216471,80.71099407504937,182.543701171875,52.943359375,418.6409912109375,-356.4970703125,-658.3680419921875,-451.39599609375,-1103.08837890625,82.46484375,-1005.86767578125,501.984619140625,-77.85693359375,350.0302734375,-373.1513671875,-312.6720886230469,1011.98583984375,-447.1199951171875,-259.631591796875,-120.49661254882812,111.5537109375,-492.3359680175781,-824.2716064453125,-210.57589721679688,-5.376953125,-136.835693359375,746.5919799804688,87.646484375,1161.135498046875,-34.9892578125,-303.98406982421875,-252.84165954589844,22.732969284057617,-42.453392028808594,64.73345184326172,40.16661071777344,6.424832344055176,80.80134582519531,22.732969284057617,-56.77215189873418,79.8349687778769,40.16661071777344,6.424832344055176,80.80134582519531,4569.02558539239,3528.8148219660497,8097.84040735844,1040.2107634263402
5.398605180998857,22.692166237587344,-60.84388185654008,84.38893844781447,40.446650124069464,5.235738473560829,80.71099407504937,182.543701171875,48.1435546875,407.0247802734375,-361.2978515625,-658.3680419921875,-459.14013671875,-1100.688232421875,87.2646484375,-998.12353515625,501.984619140625,-75.45703125,357.774169921875,-373.1513671875,-315.07208251953125,1008.1142578125,-449.52001953125,-247.631591796875,-112.75259399414062,99.5537109375,-506.7359924316406,-812.6556396484375,-236.97589111328125,-94.1767578125,-175.5556640625,751.3919677734375,147.646484375,1141.775390625,-25.3896484375,-306.3840637207031,-198.63365173339844,22.772289276123047,-42.350826263427734,64.56874084472656,40.22899627685547,6.411389350891113,80.88655090332031,22.772289276123047,-55.33755274261603,79.121320249777,40.22899627685547,6.411389350891113,80.88655090332031,4558.530992457758,3538.7151250263873,8097.246117484145,1019.8158674313704
5.432611879998149,22.692166237587344,-59.57805907172995,83.76449598572705,40.446650124069464,5.548319874967447,80.71099407504937,180.1435546875,52.943359375,407.0247802734375,-354.09765625,-658.3680419921875,-455.26806640625,-1100.688232421875,87.2646484375,-1009.7392578125,501.984619140625,-70.6572265625,350.0302734375,-380.3515625,-319.8720703125,1015.85791015625,-447.1199951171875,-247.631591796875,-120.49661254882812,104.353515625,-506.7359924316406,-816.5274658203125,-232.1759033203125,-96.5771484375,-183.299560546875,748.991943359375,150.0458984375,1145.6474609375,-25.3896484375,-299.18408203125,-210.24964904785156,22.735754013061523,-40.57737731933594,63.550289154052734,40.17460250854492,7.124547004699707,80.782958984375,22.735754013061523,-53.98734177215189,78.40767172167708,40.17460250854492,7.124547004699707,80.782958984375,4566.693263011515,3546.450484490134,8113.143747501649,1020.2427785213813
5.463480833997892,22.692166237587344,-58.05907172995781,82.96164139161465,40.446650124069464,5.808804376139619,80.71099407504937,184.943603515625,55.34326171875,407.0247802734375,-356.4970703125,-660.7680053710938,-459.14013671875,-1105.48828125,80.06494140625,-1013.611328125,499.58447265625,-77.85693359375,353.90234375,-370.751953125,-315.07208251953125,1015.85791015625,-449.52001953125,-250.0316162109375,-112.75259399414062,101.9541015625,-511.5359802246094,-816.5274658203125,-232.1759033203125,-101.376953125,-175.5556640625,751.3919677734375,154.8466796875,1145.6474609375,-18.189453125,-306.3840637207031,-198.63365173339844,22.865943908691406,-39.80873107910156,62.6762809753418,40.282562255859375,7.331335067749023,80.85476684570312,22.865943908691406,-52.46835443037975,77.69402319357718,40.282562255859375,7.331335067749023,80.85476684570312,4576.05114946073,3548.109065949984,8124.160215410714,1027.9420835107458
5.501317686997936,22.692166237587344,-56.45569620253165,82.24799286351472,40.446650124069464,6.173482677780669,80.71099407504937,182.543701171875,52.943359375,407.0247802734375,-356.4970703125,-653.5679931640625,-459.14013671875,-1105.48828125,87.2646484375,-1013.611328125,499.58447265625,-70.6572265625,353.90234375,-377.9521484375,-319.8720703125,996.498046875,-437.52001953125,-271.631591796875,-105.00860595703125,-49.24609375,-535.5360107421875,-866.8636474609375,-244.1759033203125,-84.5771484375,-167.811767578125,751.3919677734375,49.24609375,1091.439453125,-87.7890625,-306.3840637207031,-136.68165588378906,22.919200897216797,-39.80631637573242,62.7088508605957,40.10763931274414,7.541220664978027,80.78787231445312,22.919200897216797,-50.696202531645575,76.89116859946478,40.10763931274414,7.541220664978027,80.78787231445312,4555.292524745351,3526.609676646607,8081.902201391958,1028.6828480987442
5.531862062998698,22.692166237587344,-54.85232067510549,81.5343443354148,40.446650124069464,6.590257879656164,80.71099407504937,182.543701171875,50.54345703125,407.0247802734375,-356.4970703125,-655.968017578125,-466.8837890625,-1103.08837890625,84.86474609375,-1009.7392578125,504.384521484375,-77.85693359375,350.0302734375,-377.9521484375,-317.4720764160156,1008.1142578125,-444.7200012207031,-271.631591796875,-108.880615234375,-49.24609375,-540.3359375,-862.9915771484375,-244.1759033203125,-84.5771484375,-163.939697265625,748.991943359375,58.8466796875,1099.1834716796875,-92.5888671875,-306.3840637207031,-140.55364990234375,22.767139434814453,-37.98124694824219,61.443782806396484,40.465667724609375,8.005120277404785,80.85002136230469,22.767139434814453,-49.51476793248945,76.35593220338984,40.465667724609375,8.005120277404785,80.85002136230469,4568.670456976536,3538.756935464963,8107.427392441499,1029.913521511573
5.57069472099829,22.692166237587344,-53.50210970464135,80.90990187332739,40.446650124069464,6.902839281062768,80.71099407504937,184.943603515625,52.943359375,410.8968505859375,-354.09765625,-655.968017578125,-463.01171875,-1105.48828125,89.66455078125,-1005.86767578125,506.784423828125,-77.85693359375,342.286376953125,-380.3515625,-317.4720764160156,1008.1142578125,-444.7200012207031,-264.431640625,-108.880615234375,-46.8466796875,-545.135986328125,-870.7354736328125,-246.57589721679688,-91.77734375,-163.939697265625,748.991943359375,58.8466796875,1095.3115234375,-82.9892578125,-303.98406982421875,-136.68165588378906,22.836986541748047,-37.84925842285156,61.53662109375,40.217193603515625,8.112174987792969,80.77952575683594,22.836986541748047,-47.573839662447256,75.46387154326493,40.217193603515625,8.112174987792969,80.77952575683594,4568.292118726771,3538.791539809497,8107.083658536269,1029.5005789172742
5.5992588919980335,22.692166237587344,-51.89873417721519,80.10704727921498,40.446650124069464,7.215420682469386,80.71099407504937,187.343505859375,50.54345703125,407.0247802734375,-358.8974609375,-658.3680419921875,-466.8837890625,-1100.688232421875,87.2646484375,-1009.7392578125,506.784423828125,-77.85693359375,353.90234375,-375.5517578125,-319.8720703125,1011.98583984375,-435.1199951171875,-266.8316650390625,-108.880615234375,-46.8466796875,-542.7359619140625,-874.6075439453125,-241.77590942382812,-94.1767578125,-156.195556640625,748.991943359375,56.4462890625,1095.3115234375,-82.9892578125,-303.98406982421875,-140.55364990234375,22.970314025878906,-36.829925537109375,60.668121337890625,40.067649841308594,8.761077880859375,80.74378967285156,22.970314025878906,-46.39240506329114,74.83942908117751,40.067649841308594,8.761077880859375,80.74378967285156,4579.280143362558,3528.2929368853124,8107.57308024787,1050.9872064772458
5.632891904999269,22.692166237587344,-50.54852320675106,79.39339875111509,40.446650124069464,7.528002083876004,80.71099407504937,180.1435546875,50.54345703125,403.1529541015625,-358.8974609375,-651.1680297851562,-466.8837890625,-1100.688232421875,87.2646484375,-1009.7392578125,506.784423828125,-77.85693359375,350.0302734375,-373.1513671875,-312.6720886230469,1004.2421875,-439.9200134277344,-271.631591796875,-108.880615234375,-46.8466796875,-547.5360107421875,-870.7354736328125,-244.1759033203125,-91.77734375,-163.939697265625,748.991943359375,51.646484375,1099.1834716796875,-85.3896484375,-306.3840637207031,-136.68165588378906,22.937938690185547,-36.12260437011719,59.93414306640625,40.12684631347656,9.108328819274902,80.86976623535156,22.937938690185547,-45.12658227848101,74.12578055307762,40.12684631347656,9.108328819274902,80.86976623535156,4555.479385542256,3543.400598063415,8098.879983605671,1012.0787874788407
5.677728983999259,22.692166237587344,-48.86075949367089,78.50133809099017,40.446650124069464,7.840583485282622,80.71099407504937,187.343505859375,55.34326171875,403.1529541015625,-361.2978515625,-658.3680419921875,-463.01171875,-1103.08837890625,84.86474609375,-1009.7392578125,506.784423828125,-82.6572265625,346.158203125,-373.1513671875,-315.07208251953125,1000.3701171875,-442.32000732421875,-274.0316162109375,-108.880615234375,-51.646484375,-542.7359619140625,-862.9915771484375,-241.77590942382812,-94.1767578125,-163.939697265625,756.1919555664062,54.0458984375,1087.5673828125,-82.9892578125,-299.18408203125,-140.55364990234375,22.947410583496094,-35.35730743408203,59.378963470458984,39.97828674316406,9.380187034606934,80.79277038574219,22.947410583496094,-42.848101265822784,72.96610169491524,39.97828674316406,9.380187034606934,80.79277038574219,4560.576894999647,3525.834589753633,8086.41148475328,1034.7423052460144
5.712168923997524,22.692166237587344,-47.17299578059072,77.69848349687777,40.446650124069464,8.36155248762698,80.71099407504937,187.343505859375,52.943359375,407.0247802734375,-356.4970703125,-660.7680053710938,-470.755859375,-1100.688232421875,82.46484375,-998.12353515625,506.784423828125,-75.45703125,346.158203125,-375.5517578125,-317.4720764160156,1004.2421875,-444.7200012207031,-271.631591796875,-105.00860595703125,-42.0458984375,-545.135986328125,-870.7354736328125,-239.37588500976562,-96.5771484375,-156.195556640625,753.7919921875,51.646484375,1099.1834716796875,-80.5888671875,-301.58404541015625,-136.68165588378906,23.087671279907227,-34.62770080566406,58.95716094970703,40.00174331665039,9.654765129089355,80.8143539428711,23.087671279907227,-41.41350210970464,72.34165923282782,40.00174331665039,9.654765129089355,80.8143539428711,4562.034968061185,3536.053108852184,8098.088076913369,1025.9818592090014
5.74299702099961,22.692166237587344,-45.907172995780584,76.98483496877788,40.446650124069464,8.674133889033598,80.71099407504937,182.543701171875,50.54345703125,407.0247802734375,-361.2978515625,-658.3680419921875,-478.5,-1098.288330078125,87.2646484375,-1013.611328125,504.384521484375,-80.25732421875,353.90234375,-377.9521484375,-319.8720703125,996.498046875,-442.32000732421875,-271.631591796875,-108.880615234375,-49.24609375,-545.135986328125,-874.6075439453125,-241.77590942382812,-94.1767578125,-163.939697265625,753.7919921875,56.4462890625,1099.1834716796875,-82.9892578125,-301.58404541015625,-132.80966186523438,23.129899978637695,-33.30059814453125,58.095909118652344,39.78310775756836,10.335471153259277,80.7835922241211,23.129899978637695,-40.232067510548525,71.71721677074041,39.78310775756836,10.335471153259277,80.7835922241211,4570.594056140868,3542.884774336396,8113.478830477264,1027.709281804472
5.782686110000213,22.692166237587344,-44.38818565400844,76.18198037466547,40.446650124069464,8.93461839020577,80.71099407504937,182.543701171875,50.54345703125,410.8968505859375,-356.4970703125,-655.968017578125,-470.755859375,-1107.88818359375,82.46484375,-1005.86767578125,501.984619140625,-77.85693359375,342.286376953125,-365.9521484375,-317.4720764160156,1008.1142578125,-442.32000732421875,-274.0316162109375,-108.880615234375,-54.0458984375,-542.7359619140625,-870.7354736328125,-244.1759033203125,-91.77734375,-163.939697265625,753.7919921875,51.646484375,1095.3115234375,-82.9892578125,-303.98406982421875,-132.80966186523438,23.10874366760254,-32.47844696044922,57.45083999633789,39.84782791137695,10.552877426147461,80.69664001464844,23.10874366760254,-38.20675105485232,70.55753791257806,39.84782791137695,10.552877426147461,80.69664001464844,4564.747821902547,3539.7280787683876,8104.475900670935,1025.0197431341594
5.808347614998638,22.692166237587344,-42.616033755274266,75.28991971454059,40.446650124069464,9.299296691846834,80.71099407504937,187.343505859375,55.34326171875,407.0247802734375,-356.4970703125,-660.7680053710938,-470.755859375,-1105.48828125,84.86474609375,-1017.4833984375,501.984619140625,-82.6572265625,346.158203125,-375.5517578125,-317.4720764160156,1004.2421875,-439.9200134277344,-269.231689453125,-105.00860595703125,-46.8466796875,-545.135986328125,-866.8636474609375,-246.57589721679688,-98.9775390625,-163.939697265625,760.991943359375,58.8466796875,1083.6954345703125,-70.9892578125,-306.3840637207031,-128.93765258789062,23.22641372680664,-31.6957950592041,56.730186462402344,39.903648376464844,10.746049880981445,80.70877838134766,23.22641372680664,-37.025316455696206,70.02230151650312,39.903648376464844,10.746049880981445,80.70877838134766,4576.031034313974,3529.060785442426,8105.0918197564,1046.9702488715475
5.839534704999096,22.692166237587344,-41.265822784810126,74.66547725245317,40.446650124069464,9.71607189372233,80.71099407504937,182.543701171875,52.943359375,407.0247802734375,-354.09765625,-658.3680419921875,-474.6279296875,-1100.688232421875,84.86474609375,-1005.86767578125,504.384521484375,-82.6572265625,346.158203125,-373.1513671875,-319.8720703125,992.6259765625,-442.32000732421875,-276.431640625,-105.00860595703125,-54.0458984375,-547.5360107421875,-870.7354736328125,-244.1759033203125,-98.9775390625,-163.939697265625,753.7919921875,51.646484375,1087.5673828125,-82.9892578125,-299.18408203125,-128.93765258789062,23.252553939819336,-31.244020462036133,56.581703186035156,39.7513427734375,11.333019256591797,80.6107177734375,23.252553939819336,-35.75949367088607,69.3978590544157,39.7513427734375,11.333019256591797,80.6107177734375,4553.135572236785,3532.82499481226,8085.9605670490455,1020.3105774245255
5.8753743399975065,22.692166237587344,-39.662447257383974,73.86262265834077,40.446650124069464,10.028653295128947,80.71099407504937,180.1435546875,48.1435546875,395.4088134765625,-349.2978515625,-653.5679931640625,-474.6279296875,-1100.688232421875,87.2646484375,-1005.86767578125,509.1845703125,-82.6572265625,353.90234375,-373.1513671875,-319.8720703125,1004.2421875,-437.52001953125,-274.0316162109375,-101.1365966796875,-70.8466796875,-545.135986328125,-870.7354736328125,-239.37588500976562,-91.77734375,-156.195556640625,753.7919921875,46.8466796875,1095.3115234375,-87.7890625,-296.7840576171875,-121.19366455078125,23.283172607421875,-30.693470001220703,55.9705810546875,39.93535614013672,11.23585033416748,80.69957733154297,23.283172607421875,-34.071729957805914,68.50579839429082,39.93535614013672,11.23585033416748,80.69957733154297,4554.447738177294,3518.8431658359104,8073.290904013204,1035.6045723413836
5.914351661998808,22.765722692166236,-37.9746835443038,72.8813559322034,40.446650124069464,10.393331596769983,80.71099407504937,184.943603515625,62.54345703125,407.0247802734375,-358.8974609375,-655.968017578125,-478.5,-1107.88818359375,82.46484375,-1009.7392578125,501.984619140625,-85.05712890625,338.414306640625,-375.5517578125,-315.07208251953125,1004.2421875,-439.9200134277344,-271.631591796875,-101.1365966796875,-61.24609375,-557.135986328125,-874.6075439453125,-236.97589111328125,-101.376953125,-163.939697265625,753.7919921875,49.24609375,1087.5673828125,-78.189453125,-303.98406982421875,-121.19366455078125,23.35553741455078,-29.760494232177734,55.20854187011719,39.55363082885742,12.082193374633789,80.6788558959961,23.35553741455078,-32.46835443037975,67.61373773416594,39.55363082885742,12.082193374633789,80.6788558959961,4569.2692999458895,3531.718933719727,8100.9882336656165,1037.5503662261626
5.945399617998191,22.839279146745127,-36.540084388185655,72.25691347011596,40.446650124069464,10.7059129981766,80.71099407504937,184.943603515625,50.54345703125,399.2808837890625,-356.4970703125,-653.5679931640625,-482.3720703125,-1103.08837890625,92.06494140625,-1005.86767578125,504.384521484375,-89.85693359375,342.286376953125,-375.5517578125,-322.2720947265625,996.498046875,-439.9200134277344,-274.0316162109375,-97.26458740234375,-68.4462890625,-554.7359619140625,-870.7354736328125,-241.77590942382812,-98.9775390625,-163.939697265625,751.3919677734375,42.0458984375,1087.5673828125,-80.5888671875,-303.98406982421875,-117.3216552734375,23.262826919555664,-28.728004455566406,54.5041389465332,39.77130889892578,12.036662101745605,80.67861938476562,23.262826919555664,-30.696202531645568,66.72167707404105,39.77130889892578,12.036662101745605,80.67861938476562,4554.451347101831,3528.6763849667877,8083.127732068619,1025.774962135043
5.970856869000272,22.98639205590291,-34.85232067510549,71.36485280999108,40.363937138130694,11.070591299817664,80.71099407504937,180.1435546875,57.74365234375,395.4088134765625,-356.4970703125,-653.5679931640625,-482.3720703125,-1105.48828125,87.2646484375,-1017.4833984375,504.384521484375,-89.85693359375,342.286376953125,-368.3515625,-319.8720703125,984.8818359375,-439.9200134277344,-274.0316162109375,-101.1365966796875,-70.8466796875,-552.3359375,-870.7354736328125,-239.37588500976562,-96.5771484375,-160.067626953125,751.3919677734375,39.646484375,1083.6954345703125,-82.9892578125,-301.58404541015625,-117.3216552734375,23.449357986450195,-27.679109573364258,53.90235900878906,39.543609619140625,12.907224655151367,80.59918212890625,23.449357986450195,-29.430379746835442,66.09723461195361,39.543609619140625,12.907224655151367,80.59918212890625,4545.642694300816,3518.738370182307,8064.381064483123,1026.9043241185095
6.008161556997948,22.98639205590291,-33.41772151898735,70.4727921498662,40.363937138130694,11.435269601458714,80.71099407504937,184.943603515625,60.1435546875,403.1529541015625,-356.4970703125,-653.5679931640625,-478.5,-1110.288330078125,84.86474609375,-1017.4833984375,501.984619140625,-85.05712890625,338.414306640625,-368.3515625,-317.4720764160156,1000.3701171875,-439.9200134277344,-271.631591796875,-105.00860595703125,-56.4462890625,-564.3359375,-874.6075439453125,-239.37588500976562,-106.1767578125,-152.32373046875,753.7919921875,46.8466796875,1083.6954345703125,-75.7890625,-301.58404541015625,-117.3216552734375,23.597665786743164,-26.336456298828125,52.576725006103516,39.400306701660156,13.483163833618164,80.67296600341797,23.597665786743164,-27.742616033755283,65.11596788581625,39.400306701660156,13.483163833618164,80.67296600341797,4564.627344975686,3526.190530298098,8090.817875273784,1038.4368146775882
6.043577894997725,23.05994851048179,-31.729957805907176,69.58073148974131,40.281224152191896,11.799947903099778,80.71099407504937,189.74365234375,55.34326171875,399.2808837890625,-351.697265625,-655.968017578125,-482.3720703125,-1107.88818359375,87.2646484375,-1013.611328125,501.984619140625,-85.05712890625,334.542236328125,-365.9521484375,-319.8720703125,996.498046875,-439.9200134277344,-276.431640625,-101.1365966796875,-63.646484375,-557.135986328125,-874.6075439453125,-244.1759033203125,-96.5771484375,-167.811767578125,753.7919921875,42.0458984375,1083.6954345703125,-78.189453125,-299.18408203125,-117.3216552734375,23.47311782836914,-26.72078514099121,52.90863037109375,39.357696533203125,13.580730438232422,80.73705291748047,23.47311782836914,-26.72078514099121,64.13470115967885,39.357696533203125,13.580730438232422,80.73705291748047,4554.535086264891,3531.359389673534,8085.894475938425,1023.1756965913569
6.073399042998062,23.207061419639572,-30.126582278481024,68.6886708296164,40.1985111662531,12.425110705912985,80.71099407504937,189.74365234375,55.34326171875,407.0247802734375,-356.4970703125,-655.968017578125,-478.5,-1110.288330078125,82.46484375,-1021.35546875,497.1845703125,-85.05712890625,334.542236328125,-370.751953125,-317.4720764160156,996.498046875,-439.9200134277344,-276.431640625,-101.1365966796875,-51.646484375,-559.5360107421875,-878.4796142578125,-239.37588500976562,-108.5771484375,-160.067626953125,756.1919555664062,49.24609375,1083.6954345703125,-68.5888671875,-296.7840576171875,-113.44964599609375,23.622114181518555,-25.064638137817383,51.61021423339844,39.47969436645508,13.915788650512695,80.67259216308594,23.622114181518555,-25.064638137817383,63.42105263157893,39.47969436645508,13.915788650512695,80.67259216308594,4564.984973758693,3527.298049500431,8092.283023259124,1037.686924258262
6.108275786999002,23.280617874218464,-28.523206751054857,67.79661016949152,40.1985111662531,12.789789007554049,80.71099407504937,184.943603515625,52.943359375,403.1529541015625,-366.09765625,-648.7680053710938,-486.244140625,-1105.48828125,89.66455078125,-1013.611328125,499.58447265625,-89.85693359375,338.414306640625,-373.1513671875,-319.8720703125,996.498046875,-439.9200134277344,-281.231689453125,-101.1365966796875,-66.0458984375,-554.7359619140625,-878.4796142578125,-236.97589111328125,-101.376953125,-160.067626953125,756.1919555664062,37.24609375,1079.823486328125,-78.189453125,-299.18408203125,-121.19366455078125,23.667293548583984,-23.739398956298828,50.59617233276367,39.41928482055664,14.501518249511719,80.61611938476562,23.667293548583984,-23.739398956298828,62.43978590544157,39.41928482055664,14.501518249511719,80.61611938476562,4559.977724838942,3527.2440964379475,8087.221821276889,1032.7336284009943
6.141481382997881,23.280617874218464,-27.088607594936704,66.90454950936663,40.1985111662531,13.154467309195098,80.71099407504937,187.343505859375,50.54345703125,403.1529541015625,-358.8974609375,-653.5679931640625,-486.244140625,-1107.88818359375,87.2646484375,-1009.7392578125,499.58447265625,-89.85693359375,330.670166015625,-375.5517578125,-322.2720947265625,992.6259765625,-437.52001953125,-281.231689453125,-105.00860595703125,-70.8466796875,-561.93603515625,-882.3514404296875,-246.57589721679688,-96.5771484375,-160.067626953125,758.5919799804688,39.646484375,1075.951416015625,-73.3896484375,-301.58404541015625,-101.83364868164062,23.696550369262695,-23.936809539794922,51.246238708496094,39.312225341796875,14.564994812011719,80.66480255126953,23.696550369262695,-23.936809539794922,61.547725245316684,39.312225341796875,14.564994812011719,80.66480255126953,4554.07053037161,3532.275200308204,8086.345730679815,1021.7953300634063
6.176836595997884,23.280617874218464,-25.654008438818565,66.01248884924175,40.1985111662531,13.519145610836162,80.71099407504937,187.343505859375,57.74365234375,403.1529541015625,-351.697265625,-658.3680419921875,-478.5,-1112.688232421875,84.86474609375,-1025.2275390625,501.984619140625,-85.05712890625,330.670166015625,-363.5517578125,-322.2720947265625,1000.3701171875,-435.1199951171875,-276.431640625,-101.1365966796875,-70.8466796875,-561.93603515625,-886.2235107421875,-246.57589721679688,-96.5771484375,-171.68359375,756.1919555664062,42.0458984375,1075.951416015625,-75.7890625,-306.3840637207031,-97.961669921875,23.839466094970703,-22.57002067565918,50.138458251953125,39.280216217041016,15.120662689208984,80.63076782226562,23.839466094970703,-22.57002067565918,60.6556645851918,39.280216217041016,15.120662689208984,80.63076782226562,4569.489293594032,3538.928898198291,8108.418191792322,1030.5603953957407
6.215335648998007,23.280617874218464,-24.55696202531645,65.12042818911686,40.1985111662531,13.883823912477197,80.71099407504937,184.943603515625,50.54345703125,395.4088134765625,-361.2978515625,-653.5679931640625,-490.11572265625,-1107.88818359375,89.66455078125,-1009.7392578125,504.384521484375,-92.25732421875,342.286376953125,-377.9521484375,-322.2720947265625,992.6259765625,-430.32000732421875,-286.0316162109375,-101.1365966796875,-78.0458984375,-571.5360107421875,-893.9676513671875,-244.1759033203125,-103.77734375,-167.811767578125,760.991943359375,34.8466796875,1068.20751953125,-80.5888671875,-299.18408203125,-94.08966064453125,23.888538360595703,-22.26919937133789,49.65864562988281,39.221675872802734,15.377717971801758,80.75587463378906,23.888538360595703,-22.26919937133789,59.8528099910794,39.221675872802734,15.377717971801758,80.75587463378906,4560.831029076252,3540.2004490582385,8101.0314781344905,1020.6305800180135
6.247969129999547,23.280617874218464,-23.96624472573839,64.49598572702945,40.1985111662531,14.196405313883815,80.71099407504937,184.943603515625,52.943359375,391.5369873046875,-361.2978515625,-651.1680297851562,-493.98779296875,-1100.688232421875,92.06494140625,-1009.7392578125,504.384521484375,-89.85693359375,334.542236328125,-373.1513671875,-317.4720764160156,988.75390625,-432.7200012207031,-276.431640625,-97.26458740234375,-82.8466796875,-576.3359375,-886.2235107421875,-239.37588500976562,-96.5771484375,-171.68359375,756.1919555664062,30.0458984375,1072.0794677734375,-82.9892578125,-299.18408203125,-90.2176513671875,23.997236251831055,-20.895065307617188,48.376869201660156,39.2998046875,15.85396957397461,80.65104675292969,23.997236251831055,-20.895065307617188,58.96074933095451,39.2998046875,15.85396957397461,80.65104675292969,4541.751653645109,3528.606011312521,8070.35766495763,1013.1456423325885
6.277955842997471,23.280617874218464,-23.037974683544306,63.51471900089206,40.1985111662531,14.561083615524879,80.71099407504937,192.1435546875,62.54345703125,410.8968505859375,-351.697265625,-648.7680053710938,-474.6279296875,-1115.08837890625,82.46484375,-1021.35546875,499.58447265625,-82.6572265625,334.542236328125,-365.9521484375,-319.8720703125,996.498046875,-432.7200012207031,-283.631591796875,-105.00860595703125,-68.4462890625,-569.135986328125,-893.9676513671875,-246.57589721679688,-106.1767578125,-167.811767578125,760.991943359375,39.646484375,1075.951416015625,-75.7890625,-299.18408203125,-97.961669921875,23.913654327392578,-20.687583923339844,48.219322204589844,39.4129638671875,16.07114601135254,80.65629577636719,23.913654327392578,-20.687583923339844,58.06868867082963,39.4129638671875,16.07114601135254,80.65629577636719,4565.327114492997,3548.780193201771,8114.107307694768,1016.5469212912258
6.305820474997745,23.354174328797356,-22.27848101265822,62.622658340767174,40.1985111662531,14.925761917165929,80.71099407504937,187.343505859375,55.34326171875,391.5369873046875,-358.8974609375,-648.7680053710938,-490.11572265625,-1110.288330078125,89.66455078125,-1013.611328125,497.1845703125,-89.85693359375,330.670166015625,-368.3515625,-317.4720764160156,992.6259765625,-427.9200134277344,-281.231689453125,-101.1365966796875,-70.8466796875,-569.135986328125,-882.3514404296875,-253.77590942382812,-98.9775390625,-175.5556640625,760.991943359375,32.4462890625,1068.20751953125,-75.7890625,-311.18408203125,-86.34564208984375,24.014877319335938,-19.52971649169922,47.217872619628906,39.246063232421875,16.348003387451172,80.69638061523438,24.014877319335938,-19.52971649169922,57.355040142729706,39.246063232421875,16.348003387451172,80.69638061523438,4541.558198031891,3542.058913767047,8083.617111798938,999.4992842648439
6.344328949999181,23.501287237955125,-21.350210970464133,61.73059768064229,40.1157981803143,15.34253711904141,80.71099407504937,192.1435546875,57.74365234375,395.4088134765625,-354.09765625,-651.1680297851562,-486.244140625,-1105.48828125,84.86474609375,-1013.611328125,501.984619140625,-89.85693359375,334.542236328125,-363.5517578125,-317.4720764160156,1000.3701171875,-430.32000732421875,-276.431640625,-97.26458740234375,-82.8466796875,-571.5360107421875,-901.7115478515625,-248.97589111328125,-94.1767578125,-175.5556640625,760.991943359375,27.646484375,1072.0794677734375,-80.5888671875,-306.3840637207031,-86.34564208984375,24.016387939453125,-19.446189880371094,47.33589172363281,39.206085205078125,16.7244815826416,80.70346069335938,24.016387939453125,-19.446189880371094,56.37377341659234,39.206085205078125,16.7244815826416,80.70346069335938,4552.732104533527,3553.651673180309,8106.383777713836,999.0804313532176
6.38152570499733,23.64840014711291,-20.421940928270047,60.83853702051741,40.03308519437553,15.655118520448028,80.71099407504937,187.343505859375,60.1435546875,395.4088134765625,-358.8974609375,-653.5679931640625,-482.3720703125,-1105.48828125,92.06494140625,-1017.4833984375,499.58447265625,-89.85693359375,338.414306640625,-368.3515625,-324.6720886230469,992.6259765625,-430.32000732421875,-281.231689453125,-97.26458740234375,-78.0458984375,-571.5360107421875,-897.8394775390625,-251.37588500976562,-98.9775390625,-163.939697265625,763.3919677734375,32.4462890625,1068.20751953125,-80.5888671875,-303.98406982421875,-86.34564208984375,24.118274688720703,-18.161888122558594,46.288970947265625,39.21705627441406,17.070846557617188,80.76573944091797,24.118274688720703,-18.161888122558594,55.39250669045495,39.21705627441406,17.070846557617188,80.76573944091797,4552.487249069136,3545.846713117743,8098.333962186879,1006.6405359513928
6.41288978999728,23.7219566016918,-19.66244725738396,59.946476360392495,40.03308519437553,16.01979682208909,80.71099407504937,189.74365234375,57.74365234375,403.1529541015625,-356.4970703125,-653.5679931640625,-486.244140625,-1115.08837890625,89.66455078125,-1025.2275390625,499.58447265625,-89.85693359375,330.670166015625,-365.9521484375,-319.8720703125,988.75390625,-427.9200134277344,-281.231689453125,-101.1365966796875,-73.24609375,-573.93603515625,-897.8394775390625,-246.57589721679688,-98.9775390625,-167.811767578125,763.3919677734375,30.0458984375,1060.46337890625,-82.9892578125,-306.3840637207031,-82.47366333007812,24.125261306762695,-17.06517791748047,45.10008239746094,39.24542999267578,17.26336669921875,80.70437622070312,24.125261306762695,-17.06517791748047,54.58965209634255,39.24542999267578,17.26336669921875,80.70437622070312,4563.480065592416,3539.296415368589,8102.776480961005,1024.1836502238275
6.439720751997811,23.64840014711291,-19.156118143459906,59.14362176628009,40.03308519437553,16.280281323261264,80.71099407504937,187.343505859375,57.74365234375,399.2808837890625,-358.8974609375,-651.1680297851562,-493.98779296875,-1105.48828125,89.66455078125,-1005.86767578125,501.984619140625,-92.25732421875,338.414306640625,-370.751953125,-317.4720764160156,992.6259765625,-425.52001953125,-278.8316650390625,-105.00860595703125,-87.646484375,-578.7359619140625,-890.0955810546875,-251.37588500976562,-98.9775390625,-171.68359375,760.991943359375,27.646484375,1068.20751953125,-87.7890625,-306.3840637207031,-74.72964477539062,24.144678115844727,-16.60248565673828,44.88273620605469,39.088653564453125,17.68863296508789,80.74872589111328,24.144678115844727,-16.60248565673828,53.96520963425513,39.088653564453125,17.68863296508789,80.74872589111328,4553.31372246783,3544.0728480287626,8097.386570496593,1009.2408744390677
6.477817547998711,23.64840014711291,-18.22784810126582,58.07314897413025,40.03308519437553,16.644959624902313,80.71099407504937,189.74365234375,60.1435546875,403.1529541015625,-349.2978515625,-653.5679931640625,-486.244140625,-1110.288330078125,87.2646484375,-1021.35546875,499.58447265625,-87.45703125,334.542236328125,-363.5517578125,-322.2720947265625,1000.3701171875,-425.52001953125,-283.631591796875,-101.1365966796875,-85.24609375,-571.5360107421875,-890.0955810546875,-248.97589111328125,-98.9775390625,-175.5556640625,760.991943359375,27.646484375,1064.33544921875,-80.5888671875,-311.18408203125,-82.47366333007812,24.20812225341797,-15.245677947998047,43.64453887939453,39.13643264770508,18.16493034362793,80.80001831054688,24.20812225341797,-15.245677947998047,52.71632471008027,39.13643264770508,18.16493034362793,80.80001831054688,4566.763411073136,3543.3880020095708,8110.151413082707,1023.3754090635653
6.515490457997657,23.7219566016918,-17.130801687763707,57.181088314005336,39.867659222497934,16.95754102630893,80.71099407504937,194.543701171875,57.74365234375,399.2808837890625,-351.697265625,-653.5679931640625,-482.3720703125,-1117.48828125,89.66455078125,-1021.35546875,497.1845703125,-89.85693359375,330.670166015625,-368.3515625,-317.4720764160156,1004.2421875,-425.52001953125,-276.431640625,-101.1365966796875,-75.646484375,-573.93603515625,-897.8394775390625,-256.1759033203125,-101.376953125,-171.68359375,763.3919677734375,39.646484375,1060.46337890625,-75.7890625,-306.3840637207031,-78.60165405273438,24.213970184326172,-15.300376892089844,43.737327575683594,39.132835388183594,18.001285552978516,80.76680755615234,24.213970184326172,-15.300376892089844,51.91347011596787,39.132835388183594,18.001285552978516,80.76680755615234,4569.244638045637,3542.8330615307495,8112.077699576386,1026.4115765148872
6.545057403000101,23.7219566016918,-16.20253164556962,56.55664585191792,39.784946236559136,17.322219327949995,80.71099407504937,189.74365234375,57.74365234375,395.4088134765625,-361.2978515625,-648.7680053710938,-490.11572265625,-1103.08837890625,92.06494140625,-1013.611328125,501.984619140625,-92.25732421875,334.542236328125,-365.9521484375,-319.8720703125,988.75390625,-427.9200134277344,-281.231689453125,-101.1365966796875,-90.0458984375,-578.7359619140625,-901.7115478515625,-256.1759033203125,-96.5771484375,-167.811767578125,763.3919677734375,25.24609375,1060.46337890625,-90.189453125,-308.7840576171875,-74.72964477539062,24.33521842956543,-14.560504913330078,43.139610290527344,39.03265380859375,18.368741989135742,80.74415588378906,24.33521842956543,-14.560504913330078,51.19982158786797,39.03265380859375,18.368741989135742,80.74415588378906,4545.025872320929,3555.452446878699,8100.4783191996285,989.57342544223
6.580306306997954,23.7219566016918,-15.358649789029528,55.57537912578056,39.784946236559136,17.53060692888772,80.71099407504937,189.74365234375,52.943359375,395.4088134765625,-354.09765625,-646.3679809570312,-486.244140625,-1110.288330078125,87.2646484375,-1013.611328125,499.58447265625,-92.25732421875,330.670166015625,-365.9521484375,-327.07208251953125,988.75390625,-423.1199951171875,-281.231689453125,-101.1365966796875,-94.8466796875,-578.7359619140625,-893.9676513671875,-256.1759033203125,-94.1767578125,-175.5556640625,765.7919921875,32.4462890625,1056.5914306640625,-87.7890625,-308.7840576171875,-66.98565673828125,24.36222267150879,-13.73992919921875,42.44556427001953,39.015750885009766,18.695716857910156,80.81217956542969,24.36222267150879,-13.73992919921875,50.21855486173058,39.015750885009766,18.695716857910156,80.81217956542969,4540.665297367477,3544.9725694437902,8085.6378668112675,995.692727923687
6.615221890999237,23.79551305627068,-14.936708860759495,54.772524531668154,39.784946236559136,17.738994529825476,80.71099407504937,192.1435546875,64.943359375,395.4088134765625,-356.4970703125,-648.7680053710938,-490.11572265625,-1112.688232421875,87.2646484375,-1021.35546875,501.984619140625,-97.05712890625,338.414306640625,-368.3515625,-317.4720764160156,988.75390625,-420.7200012207031,-278.8316650390625,-97.26458740234375,-78.0458984375,-573.93603515625,-897.8394775390625,-253.77590942382812,-101.376953125,-171.68359375,763.3919677734375,32.4462890625,1056.5914306640625,-85.3896484375,-303.98406982421875,-66.98565673828125,24.38561248779297,-12.718036651611328,41.37937545776367,39.20968246459961,18.88930892944336,80.79670715332031,24.38561248779297,-12.718036651611328,49.415700267618206,39.20968246459961,18.88930892944336,80.79670715332031,4560.096270089606,3531.903743741917,8092.000013831523,1028.1925263476892
6.649799545997666,23.942625965428462,-14.261603375527415,53.88046387154327,39.784946236559136,18.051575931232094,80.71099407504937,192.1435546875,64.943359375,399.2808837890625,-354.09765625,-648.7680053710938,-490.11572265625,-1115.08837890625,82.46484375,-1017.4833984375,494.784423828125,-89.85693359375,334.542236328125,-351.5517578125,-319.8720703125,1000.3701171875,-425.52001953125,-281.231689453125,-97.26458740234375,-80.4462890625,-581.135986328125,-905.5836181640625,-251.37588500976562,-101.376953125,-171.68359375,765.7919921875,32.4462890625,1056.5914306640625,-90.189453125,-311.18408203125,-74.72964477539062,24.359094619750977,-12.987567901611328,41.6111946105957,39.14830017089844,18.88514518737793,80.79564666748047,24.359094619750977,-12.987567901611328,48.52363960749332,39.14830017089844,18.88514518737793,80.79564666748047,4558.0058142103435,3556.9320701520087,8114.937884362353,1001.0737440583348
6.677188099998602,24.016182420007354,-13.41772151898735,52.98840321141839,39.70223325062034,18.31206043240428,80.71099407504937,184.943603515625,64.943359375,399.2808837890625,-358.8974609375,-651.1680297851562,-490.11572265625,-1115.08837890625,89.66455078125,-1025.2275390625,499.58447265625,-89.85693359375,334.542236328125,-368.3515625,-317.4720764160156,992.6259765625,-425.52001953125,-286.0316162109375,-101.1365966796875,-85.24609375,-578.7359619140625,-909.4554443359375,-256.1759033203125,-106.1767578125,-175.5556640625,770.5919799804688,32.4462890625,1060.46337890625,-87.7890625,-308.7840576171875,-66.98565673828125,24.467870712280273,-11.89474105834961,40.65390396118164,39.142333984375,19.162397384643555,80.80247497558594,24.467870712280273,-11.89474105834961,47.72078501338092,39.142333984375,19.162397384643555,80.80247497558594,4566.0142387600845,3571.3649499432986,8137.379188703383,994.6492888167859
6.712782275997597,24.016182420007354,-12.742616033755269,52.27475468331846,39.70223325062034,18.46835113310759,80.71099407504937,187.343505859375,55.34326171875,395.4088134765625,-356.4970703125,-651.1680297851562,-493.98779296875,-1107.88818359375,84.86474609375,-1017.4833984375,497.1845703125,-94.6572265625,342.286376953125,-368.3515625,-322.2720947265625,996.498046875,-418.32000732421875,-286.0316162109375,-93.39260864257812,-94.8466796875,-588.3359375,-909.4554443359375,-260.97589111328125,-94.1767578125,-171.68359375,763.3919677734375,30.0458984375,1060.46337890625,-90.189453125,-308.7840576171875,-59.241668701171875,24.489486694335938,-11.14212417602539,39.997947692871094,39.19127655029297,19.327762603759766,80.85138702392578,24.489486694335938,-11.14212417602539,46.917930419268515,39.19127655029297,19.327762603759766,80.85138702392578,4560.545677375478,3562.972459860671,8123.5181372361485,997.5732175148069
6.792234181997628,24.08973887458626,-12.405063291139243,51.38269402319358,39.70223325062034,18.676738734045315,80.71099407504937,182.543701171875,52.943359375,391.5369873046875,-356.4970703125,-648.7680053710938,-493.98779296875,-1105.48828125,87.2646484375,-1013.611328125,501.984619140625,-92.25732421875,334.542236328125,-365.9521484375,-322.2720947265625,996.498046875,-420.7200012207031,-286.0316162109375,-97.26458740234375,-87.646484375,-583.5360107421875,-913.3275146484375,-260.97589111328125,-89.376953125,-175.5556640625,768.1919555664062,22.8466796875,1056.5914306640625,-99.7890625,-313.58404541015625,-66.98565673828125,23.413631439208984,-12.465988159179688,42.257469177246094,42.57323455810547,24.5749454498291,81.14060974121094,23.413631439208984,-12.465988159179688,44.86619090098128,42.57323455810547,23.937223235217516,81.14060974121094,4547.227194809688,3574.662797560919,8121.889992370607,972.5643972487687
6.812856082997314,24.08973887458626,-11.223628691983123,49.77698483496877,39.70223325062034,18.937223235217516,80.71099407504937,194.543701171875,62.54345703125,403.1529541015625,-358.8974609375,-651.1680297851562,-482.3720703125,-1117.48828125,87.2646484375,-1029.099609375,497.1845703125,-92.25732421875,322.92626953125,-361.1513671875,-315.07208251953125,1011.98583984375,-418.32000732421875,-305.231689453125,-97.26458740234375,-80.4462890625,-590.7359619140625,-940.4315185546875,-260.97589111328125,-110.9775390625,-160.067626953125,768.1919555664062,46.8466796875,1052.719482421875,-92.5888671875,-315.98406982421875,-63.1136474609375,23.487361907958984,-12.047767639160156,41.84474563598633,42.56590270996094,24.971046447753906,81.1321792602539,23.487361907958984,-12.047767639160156,44.68777876895629,42.56590270996094,23.937223235217516,81.1321792602539,4579.660312144767,3605.337080116634,8184.997392261401,974.3232320281331
6.839965381997899,24.08973887458626,-11.139240506329116,49.59857270294381,39.784946236559136,18.989320135451933,80.71099407504937,184.943603515625,55.34326171875,383.7928466796875,-358.8974609375,-648.7680053710938,-505.60400390625,-1112.688232421875,89.66455078125,-1013.611328125,501.984619140625,-97.05712890625,338.414306640625,-368.3515625,-319.8720703125,981.01025390625,-411.1199951171875,-295.631591796875,-101.1365966796875,-94.8466796875,-590.7359619140625,-932.6876220703125,-253.77590942382812,-91.77734375,-156.195556640625,768.1919555664062,30.0458984375,1041.103515625,-97.3896484375,-315.98406982421875,-51.497650146484375,23.44666290283203,-11.76693344116211,41.56178283691406,42.54015350341797,25.412399291992188,81.1304702758789,23.44666290283203,-11.76693344116211,44.509366636931304,42.54015350341797,24.093513935920797,81.1304702758789,4543.591688250622,3565.1009110453365,8108.692599295959,978.4907772052852
6.876896057998238,23.942625965428462,-11.054852320675096,48.88492417484389,40.52936311000826,19.614482938265184,80.71099407504937,187.343505859375,57.74365234375,383.7928466796875,-358.8974609375,-646.3679809570312,-493.98779296875,-1110.288330078125,92.06494140625,-1013.611328125,499.58447265625,-94.6572265625,334.542236328125,-363.5517578125,-324.6720886230469,977.13818359375,-413.52001953125,-298.0316162109375,-101.1365966796875,-102.0458984375,-595.5360107421875,-932.6876220703125,-256.1759033203125,-91.77734375,-160.067626953125,768.1919555664062,27.646484375,1044.9754638671875,-106.9892578125,-313.58404541015625,-55.369659423828125,23.47030258178711,-11.114688873291016,40.959930419921875,42.470245361328125,25.893531799316406,81.12954711914062,23.47030258178711,-11.114688873291016,43.34968777876895,42.470245361328125,25.23964574107842,81.12954711914062,4526.946498684008,3579.8457259357633,8106.79222461977,947.1007727482443
6.913407518997701,23.86906951084957,-11.054852320675096,47.9036574487065,41.439205955334984,21.02109924459495,80.71099407504937,192.1435546875,62.54345703125,399.2808837890625,-358.8974609375,-643.968017578125,-493.98779296875,-1119.88818359375,94.46484375,-1029.099609375,497.1845703125,-97.05712890625,330.670166015625,-365.9521484375,-322.2720947265625,996.498046875,-420.7200012207031,-300.431640625,-97.26458740234375,-87.646484375,-593.135986328125,-944.3035888671875,-251.37588500976562,-101.376953125,-160.067626953125,768.1919555664062,39.646484375,1052.719482421875,-87.7890625,-311.18408203125,-66.98565673828125,23.545475006103516,-10.282966613769531,39.97710418701172,42.43047332763672,27.04902458190918,81.08160400390625,23.545475006103516,-10.282966613769531,42.45762711864407,42.43047332763672,26.854649648345912,81.08160400390625,4573.128149514258,3593.4031258988775,8166.5312754131355,979.7250236153809
6.945154271998035,23.7219566016918,-11.139240506329116,47.1900089206066,41.770057899090176,22.479812451159148,80.71099407504937,194.543701171875,69.74365234375,395.4088134765625,-344.4970703125,-648.7680053710938,-486.244140625,-1119.88818359375,75.2646484375,-1025.2275390625,494.784423828125,-92.25732421875,334.542236328125,-344.3515625,-322.2720947265625,984.8818359375,-420.7200012207031,-300.431640625,-105.00860595703125,-87.646484375,-593.135986328125,-936.5594482421875,-256.1759033203125,-101.376953125,-156.195556640625,775.3919677734375,37.24609375,1056.5914306640625,-97.3896484375,-308.7840576171875,-63.1136474609375,23.466398239135742,-9.878612518310547,39.60173797607422,42.43708801269531,27.63422393798828,81.06036376953125,23.466398239135742,-9.878612518310547,41.743978590544145,42.43708801269531,27.63422393798828,81.06036376953125,4543.578840180277,3597.2576075177917,8140.83644769807,946.3212326624857
6.976117440997768,23.427730783376234,-10.548523206751057,46.20874219446921,41.935483870967744,23.730138056785606,80.71099407504937,196.943603515625,72.1435546875,395.4088134765625,-346.8974609375,-639.1680297851562,-497.85986328125,-1119.88818359375,84.86474609375,-1017.4833984375,494.784423828125,-101.85693359375,334.542236328125,-344.3515625,-322.2720947265625,988.75390625,-420.7200012207031,-293.231689453125,-101.1365966796875,-90.0458984375,-588.3359375,-932.6876220703125,-258.5758972167969,-103.77734375,-156.195556640625,770.5919799804688,30.0458984375,1048.847412109375,-85.3896484375,-311.18408203125,-63.1136474609375,23.45603370666504,-8.895401000976562,38.54801940917969,42.37192153930664,28.85879898071289,81.03533935546875,23.45603370666504,-8.895401000976562,40.85191793041926,42.37192153930664,28.85879898071289,81.03533935546875,4545.75189426838,3579.1811642979073,8124.933058566287,966.5707299704727
7.0107266809973225,23.427730783376234,-9.789029535864984,45.316681534344326,41.935483870967744,25.084657462880955,80.71099407504937,192.1435546875,69.74365234375,391.5369873046875,-339.697265625,-641.5679931640625,-497.85986328125,-1127.08837890625,87.2646484375,-1017.4833984375,494.784423828125,-101.85693359375,330.670166015625,-344.3515625,-322.2720947265625,996.498046875,-420.7200012207031,-295.631591796875,-97.26458740234375,-80.4462890625,-585.9359130859375,-936.5594482421875,-260.97589111328125,-110.9775390625,-163.939697265625,777.7919921875,30.0458984375,1052.719482421875,-82.9892578125,-306.3840637207031,-59.241668701171875,23.3281192779541,-8.473442077636719,38.117454528808594,42.307071685791016,29.2608585357666,81.00642395019531,23.3281192779541,-8.473442077636719,40.04906333630686,42.307071685791016,29.2608585357666,81.00642395019531,4549.110753799018,3590.6940720861094,8139.804825885128,958.4166817129089
7.041976967997471,23.354174328797356,-9.28270042194093,44.60303300624443,42.01819685690654,26.38707996874186,80.71099407504937,194.543701171875,74.54345703125,383.7928466796875,-339.697265625,-631.968017578125,-505.60400390625,-1131.88818359375,87.2646484375,-1013.611328125,497.1845703125,-99.45703125,326.79833984375,-339.5517578125,-319.8720703125,981.01025390625,-425.52001953125,-295.631591796875,-101.1365966796875,-85.24609375,-588.3359375,-944.3035888671875,-256.1759033203125,-108.5771484375,-156.195556640625,775.3919677734375,27.646484375,1044.9754638671875,-82.9892578125,-303.98406982421875,-63.1136474609375,23.34693145751953,-7.650489807128906,37.23192596435547,42.307159423828125,30.157054901123047,80.90585327148438,23.34693145751953,-7.650489807128906,39.33541480820696,42.307159423828125,30.157054901123047,80.90585327148438,4525.8311071056705,3585.7357159669555,8111.566823072626,940.0953911387151
7.078081654999551,23.427730783376234,-8.523206751054857,43.62176628010707,42.10090984284534,27.48111487366502,80.71099407504937,196.943603515625,76.943359375,395.4088134765625,-334.8974609375,-634.3679809570312,-505.60400390625,-1127.08837890625,92.06494140625,-1021.35546875,492.384521484375,-104.25732421875,319.05419921875,-332.3515625,-322.2720947265625,984.8818359375,-425.52001953125,-300.431640625,-101.1365966796875,-90.0458984375,-590.7359619140625,-944.3035888671875,-258.5758972167969,-108.5771484375,-156.195556640625,780.1919555664062,32.4462890625,1044.9754638671875,-87.7890625,-301.58404541015625,-63.1136474609375,23.324905395507812,-7.333744049072266,36.888004302978516,42.25651168823242,30.70127296447754,80.930419921875,23.324905395507812,-7.333744049072266,38.26494201605709,42.25651168823242,30.70127296447754,80.930419921875,4533.980752144547,3594.000937966681,8127.981690111228,939.9798141778665
7.115384038999764,23.427730783376234,-7.848101265822777,42.818911685994664,42.10090984284534,28.262568377181537,80.71099407504937,196.943603515625,81.74365234375,387.6649169921875,-342.09765625,-624.7680053710938,-501.73193359375,-1127.08837890625,87.2646484375,-1021.35546875,489.984619140625,-111.45703125,326.79833984375,-334.751953125,-327.07208251953125,981.01025390625,-425.52001953125,-302.8316650390625,-101.1365966796875,-85.24609375,-588.3359375,-940.4315185546875,-258.5758972167969,-108.5771484375,-156.195556640625,775.3919677734375,34.8466796875,1048.847412109375,-82.9892578125,-301.58404541015625,-59.241668701171875,23.26228141784668,-6.563270568847656,36.04383850097656,42.257328033447266,31.49570655822754,80.88677215576172,23.26228141784668,-6.563270568847656,37.46208742194469,42.257328033447266,31.49570655822754,80.88677215576172,4523.572707306293,3588.727094743584,8112.299802049876,934.8456125627085
7.156045145999087,23.427730783376234,-7.172995780590725,42.01605709188226,42.10090984284534,29.14821568116696,80.71099407504937,208.943603515625,81.74365234375,395.4088134765625,-332.4970703125,-634.3679809570312,-493.98779296875,-1136.688232421875,84.86474609375,-1017.4833984375,470.784423828125,-99.45703125,303.566162109375,-327.5517578125,-315.07208251953125,988.75390625,-430.32000732421875,-302.8316650390625,-101.1365966796875,-78.0458984375,-593.135986328125,-944.3035888671875,-256.1759033203125,-108.5771484375,-156.195556640625,780.1919555664062,34.8466796875,1048.847412109375,-82.9892578125,-301.58404541015625,-70.857666015625,23.341222763061523,-6.213596343994141,35.72472381591797,42.068565368652344,32.110557556152344,80.87643432617188,23.341222763061523,-6.213596343994141,36.391614629794816,42.068565368652344,32.110557556152344,80.87643432617188,4509.743320508296,3601.1544680360803,8110.897788544376,908.5888524722159
7.182439746997261,23.354174328797356,-6.751054852320664,41.12399643175738,42.10090984284534,29.825475384214656,80.71099407504937,208.943603515625,84.1435546875,395.4088134765625,-344.4970703125,-631.968017578125,-509.47607421875,-1134.288330078125,94.46484375,-1029.099609375,468.384521484375,-111.45703125,303.566162109375,-341.9521484375,-312.6720886230469,984.8818359375,-425.52001953125,-298.0316162109375,-105.00860595703125,-87.646484375,-593.135986328125,-944.3035888671875,-253.77590942382812,-110.9775390625,-160.067626953125,777.7919921875,32.4462890625,1041.103515625,-80.5888671875,-301.58404541015625,-66.98565673828125,23.231531143188477,-5.778003692626953,35.21824264526367,42.21009063720703,32.55388641357422,80.75679779052734,23.231531143188477,-5.778003692626953,35.85637823371991,42.21009063720703,32.55388641357422,80.75679779052734,4528.970172908634,3587.7304021070736,8116.700575015708,941.2397708015601
7.215880785999616,23.354174328797356,-6.160337552742618,40.41034790365745,42.10090984284534,30.554831987496726,80.71099407504937,230.543701171875,93.74365234375,422.5128173828125,-342.09765625,-629.5679931640625,-482.3720703125,-1146.288330078125,92.06494140625,-1009.7392578125,420.384521484375,-118.6572265625,264.84619140625,-327.5517578125,-303.07208251953125,1023.60205078125,-430.32000732421875,-302.8316650390625,-105.00860595703125,-82.8466796875,-593.135986328125,-940.4315185546875,-253.77590942382812,-113.376953125,-152.32373046875,777.7919921875,39.646484375,1044.9754638671875,-85.3896484375,-296.7840576171875,-66.98565673828125,23.165279388427734,-4.945945739746094,34.54204177856445,41.98434066772461,33.01248550415039,80.70594787597656,23.165279388427734,-4.945945739746094,34.964317573595,41.98434066772461,33.01248550415039,80.70594787597656,4511.961098221112,3587.734335120082,8099.695433341194,924.2267631010295
7.25778205199822,23.354174328797356,-5.654008438818565,39.51828724353257,42.10090984284534,31.284188590778825,80.71099407504937,259.343505859375,91.34326171875,488.3367919921875,-358.8974609375,-634.3679809570312,-451.39599609375,-1155.88818359375,108.86474609375,-963.275390625,305.1845703125,-147.45703125,199.022216796875,-361.1513671875,-271.8720703125,1058.4501953125,-430.32000732421875,-293.231689453125,-101.1365966796875,-85.24609375,-590.7359619140625,-948.1756591796875,-251.37588500976562,-110.9775390625,-160.067626953125,780.1919555664062,34.8466796875,1044.9754638671875,-80.5888671875,-296.7840576171875,-66.98565673828125,23.1826114654541,-4.7705535888671875,34.302467346191406,41.74106979370117,33.80312728881836,80.79402923583984,23.1826114654541,-4.7705535888671875,34.302467346191406,41.74106979370117,33.80312728881836,80.79402923583984,4470.316886241129,3588.161951959677,8058.478838200806,882.1549342814524
7.283877153000503,23.354174328797356,-5.063291139240505,38.715432649420165,42.10090984284534,31.805157593123226,80.71099407504937,468.1435546875,112.943359375,763.2489013671875,-454.8974609375,-682.3680419921875,-281.02783203125,-1218.288330078125,209.66455078125,-777.41943359375,-105.215576171875,-322.6572265625,-118.481689453125,-433.1513671875,-130.27207946777344,1275.2822265625,-430.32000732421875,-293.231689453125,-105.00860595703125,-82.8466796875,-588.3359375,-944.3035888671875,-256.1759033203125,-118.1767578125,-167.811767578125,782.5919799804688,37.24609375,1044.9754638671875,-80.5888671875,-299.18408203125,-63.1136474609375,23.204700469970703,-4.4082183837890625,33.78842544555664,41.83001708984375,34.35332489013672,80.66127014160156,23.204700469970703,-4.4082183837890625,33.78842544555664,41.83001708984375,34.35332489013672,80.66127014160156,4942.305068280384,3597.41375241249,8539.718820692873,1344.8913158678943
7.3140398420000565,23.354174328797356,-4.556962025316452,38.00178412132024,42.10090984284534,32.32612659546757,80.71099407504937,480.1435546875,115.34326171875,763.2489013671875,-450.09765625,-682.3680419921875,-281.02783203125,-1227.88818359375,209.66455078125,-781.29150390625,-122.015625,-325.05712890625,-126.225830078125,-425.9521484375,-127.8720703125,1279.15380859375,-430.32000732421875,-293.231689453125,-101.1365966796875,-75.646484375,-585.9359130859375,-940.4315185546875,-258.5758972167969,-113.376953125,-160.067626953125,780.1919555664062,37.24609375,1048.847412109375,-80.5888671875,-301.58404541015625,-70.857666015625,23.27284812927246,-4.088233947753906,33.318809509277344,41.868019104003906,34.627193450927734,80.61920166015625,23.27284812927246,-4.088233947753906,33.318809509277344,41.868019104003906,34.627193450927734,80.61920166015625,4967.56156393798,3593.468800553118,8561.030364491098,1374.0927633848623
7.349583814997459,23.354174328797356,-4.135021097046405,37.28813559322032,42.10090984284534,33.05548319874967,80.71099407504937,506.543701171875,108.1435546875,805.8409423828125,-469.2978515625,-691.968017578125,-250.0517578125,-1223.08837890625,226.46484375,-730.95556640625,-191.615478515625,-363.45703125,-180.433837890625,-449.9521484375,-96.67207336425781,1317.8740234375,-435.1199951171875,-295.631591796875,-108.880615234375,-82.8466796875,-593.135986328125,-940.4315185546875,-251.37588500976562,-118.1767578125,-160.067626953125,782.5919799804688,37.24609375,1044.9754638671875,-75.7890625,-296.7840576171875,-66.98565673828125,23.147157669067383,-3.3573951721191406,32.832176208496094,41.526336669921875,34.97700881958008,80.6678466796875,23.147157669067383,-3.3573951721191406,32.832176208496094,41.526336669921875,34.97700881958008,80.6678466796875,5118.052949490386,3592.339184206486,8710.392133696872,1525.7137652838996
7.38103631299964,23.354174328797356,-3.7974683544303787,36.6636931311329,42.10090984284534,33.57645220109404,80.71099407504937,504.1435546875,115.34326171875,805.8409423828125,-471.697265625,-684.7680053710938,-250.0517578125,-1225.48828125,226.46484375,-734.82763671875,-194.015625,-361.05712890625,-184.3056640625,-437.9521484375,-96.67207336425781,1314.001953125,-430.32000732421875,-298.0316162109375,-108.880615234375,-78.0458984375,-590.7359619140625,-940.4315185546875,-256.1759033203125,-115.77734375,-163.939697265625,782.5919799804688,34.8466796875,1048.847412109375,-78.189453125,-294.3840637207031,-66.98565673828125,23.13123893737793,-2.963153839111328,32.3114013671875,41.563720703125,35.40898513793945,80.59141540527344,23.13123893737793,-2.963153839111328,32.3114013671875,41.563720703125,35.40898513793945,80.59141540527344,5110.407923152119,3594.3716320003464,8704.779555152465,1516.0362911517727
7.419580063997273,23.354174328797356,-3.375527426160346,36.217662801070475,42.10090984284534,34.045324303203955,80.71099407504937,511.343505859375,120.1435546875,809.7127685546875,-459.697265625,-682.3680419921875,-250.0517578125,-1230.288330078125,221.66455078125,-742.5712890625,-196.41552734375,-361.05712890625,-188.177734375,-437.9521484375,-96.67207336425781,1317.8740234375,-430.32000732421875,-298.0316162109375,-112.75259399414062,-82.8466796875,-585.9359130859375,-940.4315185546875,-253.77590942382812,-115.77734375,-160.067626953125,782.5919799804688,37.24609375,1048.847412109375,-80.5888671875,-299.18408203125,-66.98565673828125,23.061874389648438,-2.15301513671875,31.696369171142578,41.12483596801758,35.98272705078125,80.57057189941406,23.061874389648438,-2.15301513671875,31.696369171142578,41.12483596801758,35.98272705078125,80.57057189941406,5123.256672031697,3594.3536174171145,8717.610289448812,1528.9030546145827
7.44759606200023,23.354174328797356,-2.784810126582286,35.59322033898303,42.10090984284534,34.462099505079465,80.71099407504937,508.943603515625,117.74365234375,805.8409423828125,-471.697265625,-682.3680419921875,-257.7958984375,-1227.88818359375,216.86474609375,-734.82763671875,-196.41552734375,-361.05712890625,-184.3056640625,-435.5517578125,-94.27207946777344,1314.001953125,-432.7200012207031,-300.431640625,-108.880615234375,-75.646484375,-588.3359375,-948.1756591796875,-253.77590942382812,-120.5771484375,-156.195556640625,780.1919555664062,44.4462890625,1044.9754638671875,-73.3896484375,-291.98406982421875,-74.72964477539062,23.064359664916992,-2.262523651123047,31.767776489257812,41.127742767333984,35.99250793457031,80.61610412597656,23.064359664916992,-2.262523651123047,31.767776489257812,41.127742767333984,35.99250793457031,80.61610412597656,5114.295159015293,3592.8786658434524,8707.173824858746,1521.416493171841
7.483326410998416,23.354174328797356,-2.278481012658233,35.1471900089206,42.01819685690654,34.93097160718938,80.71099407504937,496.943603515625,110.54345703125,786.4808349609375,-462.09765625,-665.5679931640625,-273.28369140625,-1191.88818359375,200.06494140625,-703.8515625,-206.015625,-365.85693359375,-195.921630859375,-421.1513671875,-94.27207946777344,1279.15380859375,-430.32000732421875,-295.631591796875,-105.00860595703125,-80.4462890625,-585.9359130859375,-940.4315185546875,-256.1759033203125,-118.1767578125,-160.067626953125,780.1919555664062,37.24609375,1048.847412109375,-73.3896484375,-294.3840637207031,-70.857666015625,22.97958755493164,-1.5905876159667969,30.908477783203125,41.22225570678711,36.37275695800781,80.52891540527344,22.97958755493164,-1.5905876159667969,30.908477783203125,41.22225570678711,36.37275695800781,80.52891540527344,5003.884083634366,3587.1473110818465,8591.031394716212,1416.7367725525196
7.521339847997297,23.280617874218464,-1.7721518987341796,34.701159678858176,41.935483870967744,35.29564990883043,80.71099407504937,499.343505859375,112.943359375,790.3529052734375,-466.8974609375,-660.7680053710938,-261.66796875,-1196.688232421875,195.2646484375,-699.9794921875,-206.015625,-363.45703125,-199.793701171875,-423.5517578125,-84.67207336425781,1283.02587890625,-430.32000732421875,-298.0316162109375,-105.00860595703125,-73.24609375,-588.3359375,-952.0474853515625,-251.37588500976562,-120.5771484375,-156.195556640625,782.5919799804688,37.24609375,1044.9754638671875,-73.3896484375,-296.7840576171875,-70.857666015625,22.986820220947266,-1.5864448547363281,31.027587890625,40.96120071411133,36.5023307800293,80.51809692382812,22.986820220947266,-1.5864448547363281,31.027587890625,40.96120071411133,36.5023307800293,80.51809692382812,5008.955466284943,3594.903699187005,8603.859165471948,1414.0517670979384
7.552256347997172,23.13350496506068,-1.4345991561181393,34.3443354148082,41.935483870967744,35.608231310237045,80.71099407504937,499.343505859375,108.1435546875,782.6087646484375,-469.2978515625,-653.5679931640625,-265.5400390625,-1187.08837890625,192.86474609375,-703.8515625,-203.615478515625,-361.05712890625,-211.40966796875,-413.9521484375,-89.47207641601562,1275.2822265625,-432.7200012207031,-300.431640625,-108.880615234375,-85.24609375,-590.7359619140625,-944.3035888671875,-253.77590942382812,-120.5771484375,-163.939697265625,784.991943359375,34.8466796875,1044.9754638671875,-75.7890625,-291.98406982421875,-74.72964477539062,22.967403411865234,-0.6645851135253906,30.189266204833984,40.912353515625,36.74211883544922,80.503173828125,22.967403411865234,-0.6645851135253906,30.189266204833984,40.912353515625,36.74211883544922,80.503173828125,4984.4688038057275,3598.5517329085706,8583.020536714299,1385.917070897157
7.582598331999179,23.05994851048179,-1.0970464135021132,33.89830508474577,41.852770885028946,35.86871581140923,80.71099407504937,492.1435546875,112.943359375,782.6087646484375,-474.09765625,-660.7680053710938,-269.412109375,-1194.288330078125,192.86474609375,-703.8515625,-203.615478515625,-365.85693359375,-207.537841796875,-421.1513671875,-89.47207641601562,1279.15380859375,-430.32000732421875,-295.631591796875,-108.880615234375,-78.0458984375,-588.3359375,-948.1756591796875,-256.1759033203125,-122.9775390625,-156.195556640625,784.991943359375,44.4462890625,1041.103515625,-73.3896484375,-296.7840576171875,-66.98565673828125,22.958728790283203,-0.6217918395996094,30.127521514892578,40.697715759277344,36.95914077758789,80.53498840332031,22.958728790283203,-0.6217918395996094,30.127521514892578,40.697715759277344,36.95914077758789,80.53498840332031,5004.6826126867145,3593.7974988044284,8598.480111491142,1410.885113882286
7.618460137000511,23.05994851048179,-0.6751054852320664,33.452274754683316,41.770057899090176,36.18129721281585,80.71099407504937,494.543701171875,110.54345703125,774.8648681640625,-457.2978515625,-648.7680053710938,-281.02783203125,-1184.688232421875,185.66455078125,-699.9794921875,-203.615478515625,-361.05712890625,-211.40966796875,-404.3515625,-87.07206726074219,1267.5380859375,-437.52001953125,-293.231689453125,-108.880615234375,-90.0458984375,-585.9359130859375,-940.4315185546875,-251.37588500976562,-118.1767578125,-167.811767578125,780.1919555664062,34.8466796875,1048.847412109375,-80.5888671875,-294.3840637207031,-78.60165405273438,22.84235954284668,0.3273162841796875,29.21125030517578,40.57936477661133,37.37711715698242,80.46031188964844,22.84235954284668,0.3273162841796875,29.21125030517578,40.57936477661133,37.37711715698242,80.46031188964844,4955.004095635763,3596.882637404239,8551.886733040003,1358.1214582315242
7.656976761998521,23.05994851048179,-0.16877637130802725,33.00624442462089,41.52191894127378,36.389684813753576,80.71099407504937,487.343505859375,129.74365234375,801.9688720703125,-486.09765625,-653.5679931640625,-238.43603515625,-1213.48828125,176.06494140625,-754.1875,-234.8154296875,-334.6572265625,-226.897705078125,-430.751953125,-75.07206726074219,1263.666015625,-430.32000732421875,-300.431640625,-97.26458740234375,-75.646484375,-588.3359375,-952.0474853515625,-258.5758972167969,-125.376953125,-156.195556640625,784.991943359375,37.24609375,1048.847412109375,-70.9892578125,-296.7840576171875,-70.857666015625,22.819541931152344,0.7339744567871094,28.888782501220703,40.41301345825195,37.520111083984375,80.45176696777344,22.819541931152344,0.7339744567871094,28.888782501220703,40.41301345825195,37.520111083984375,80.45176696777344,5040.366206524584,3606.4281992336428,8646.794405758228,1433.9380072909416
7.688798511000641,23.05994851048179,0.16877637130801304,32.64942016057091,41.356492969396186,36.70226621516019,80.71099407504937,451.343505859375,110.54345703125,716.7847900390625,-466.8974609375,-600.7680053710938,-269.412109375,-1110.288330078125,125.66455078125,-665.13134765625,-203.615478515625,-358.6572265625,-203.665771484375,-365.9521484375,-75.07206726074219,1162.994140625,-435.1199951171875,-295.631591796875,-112.75259399414062,-87.646484375,-588.3359375,-948.1756591796875,-256.1759033203125,-118.1767578125,-156.195556640625,782.5919799804688,37.24609375,1044.9754638671875,-70.9892578125,-291.98406982421875,-74.72964477539062,22.772289276123047,1.1275444030761719,28.562057495117188,40.39980697631836,37.636112213134766,80.48177337646484,22.772289276123047,1.1275444030761719,28.562057495117188,40.39980697631836,37.636112213134766,80.48177337646484,4643.23623096549,3595.491308424216,8238.727539389707,1047.7449225412738
7.720558119999623,23.05994851048179,0.8438818565400794,32.0249776984835,41.19106699751859,36.91065381609795,80.71099407504937,436.943603515625,132.1435546875,747.7608642578125,-481.2978515625,-603.1680297851562,-222.94775390625,-1119.88818359375,104.06494140625,-711.595703125,-230.015625,-317.85693359375,-234.641845703125,-380.3515625,-58.27207946777344,1166.8662109375,-435.1199951171875,-295.631591796875,-108.880615234375,-85.24609375,-588.3359375,-952.0474853515625,-253.77590942382812,-125.376953125,-163.939697265625,787.3919677734375,42.0458984375,1044.9754638671875,-68.5888671875,-294.3840637207031,-78.60165405273438,22.741907119750977,1.7544403076171875,27.98023223876953,40.283172607421875,37.759578704833984,80.45277404785156,22.741907119750977,1.7544403076171875,27.98023223876953,40.283172607421875,37.759578704833984,80.45277404785156,4696.064022653414,3608.127824439986,8304.1918470934,1087.9361982134283
7.750680310997268,23.05994851048179,1.3502109704641327,31.57894736842107,41.19106699751859,37.119041417035675,80.71099407504937,403.343505859375,115.34326171875,693.5528564453125,-483.697265625,-569.5679931640625,-265.5400390625,-1045.48828125,89.66455078125,-638.02734375,-203.615478515625,-358.6572265625,-207.537841796875,-351.5517578125,-58.27207946777344,1104.9140625,-432.7200012207031,-293.231689453125,-108.880615234375,-68.4462890625,-590.7359619140625,-955.9195556640625,-253.77590942382812,-127.77734375,-160.067626953125,782.5919799804688,39.646484375,1044.9754638671875,-66.189453125,-296.7840576171875,-78.60165405273438,22.773605346679688,2.0088233947753906,27.682743072509766,40.23484420776367,37.8292121887207,80.44570922851562,22.773605346679688,2.0088233947753906,27.682743072509766,40.23484420776367,37.8292121887207,80.44570922851562,4454.308742025472,3606.0621883945796,8060.370930420052,848.2465536308928
7.7840025879995665,23.05994851048179,1.856540084388186,31.222123104371093,41.19106699751859,37.275332117739,80.71099407504937,369.74365234375,115.34326171875,647.0889892578125,-481.2978515625,-533.5679931640625,-246.1796875,-992.688232421875,44.06494140625,-610.92333984375,-201.215576171875,-339.45703125,-203.665771484375,-327.5517578125,-53.472076416015625,1031.34619140625,-437.52001953125,-295.631591796875,-108.880615234375,-85.24609375,-588.3359375,-940.4315185546875,-256.1759033203125,-118.1767578125,-167.811767578125,784.991943359375,39.646484375,1044.9754638671875,-68.5888671875,-296.7840576171875,-74.72964477539062,22.751941680908203,2.246429443359375,27.414531707763672,40.067386627197266,38.05213165283203,80.39744567871094,22.751941680908203,2.246429443359375,27.414531707763672,40.067386627197266,38.05213165283203,80.39744567871094,4207.667111884789,3601.190538560383,7808.857650445172,606.4765733244058
7.8176134069981345,23.05994851048179,2.3628691983122394,30.776092774308665,41.19106699751859,37.43162281844229,80.71099407504937,367.343505859375,129.74365234375,670.3209228515625,-502.8974609375,-533.5679931640625,-222.94775390625,-1009.48828125,36.86474609375,-653.515625,-230.015625,-325.05712890625,-223.025634765625,-346.751953125,-41.472076416015625,1019.72998046875,-430.32000732421875,-295.631591796875,-108.880615234375,-80.4462890625,-583.5360107421875,-944.3035888671875,-258.5758972167969,-130.1767578125,-163.939697265625,780.1919555664062,39.646484375,1048.847412109375,-66.189453125,-291.98406982421875,-74.72964477539062,22.695907592773438,2.8605003356933594,26.936588287353516,39.79158020019531,38.2930908203125,80.44163513183594,22.695907592773438,2.8605003356933594,26.936588287353516,39.79158020019531,38.2930908203125,80.44163513183594,4279.073756053362,3595.358819347619,7874.432575400981,683.7149367057427
7.859183374999702,22.91283560132402,2.7004219409282797,30.597680642283677,41.02564102564102,37.587913519145616,80.71099407504937,360.1435546875,115.34326171875,635.4727783203125,-486.09765625,-511.968017578125,-242.30810546875,-968.688232421875,34.46484375,-599.3076171875,-198.8154296875,-349.05712890625,-199.793701171875,-313.1513671875,-51.07206726074219,1004.2421875,-432.7200012207031,-293.231689453125,-108.880615234375,-80.4462890625,-583.5360107421875,-936.5594482421875,-256.1759033203125,-120.5771484375,-156.195556640625,784.991943359375,34.8466796875,1044.9754638671875,-70.9892578125,-294.3840637207031,-70.857666015625,22.67517852783203,3.5941505432128906,26.304794311523438,39.760799407958984,38.31637191772461,80.41902160644531,22.67517852783203,3.5941505432128906,26.304794311523438,39.760799407958984,38.31637191772461,80.41902160644531,4127.317361128232,3582.1415723445716,7709.458933472803,545.1757887836602
7.890252977998898,22.765722692166236,3.1223628691983123,30.24085637823373,40.777502067824656,37.79630112008337,80.71099407504937,360.1435546875,122.54345703125,658.7049560546875,-498.09765625,-523.968017578125,-219.076171875,-985.48828125,24.86474609375,-641.8994140625,-227.615478515625,-322.6572265625,-223.025634765625,-339.5517578125,-41.472076416015625,996.498046875,-435.1199951171875,-295.631591796875,-108.880615234375,-80.4462890625,-588.3359375,-944.3035888671875,-253.77590942382812,-120.5771484375,-160.067626953125,784.991943359375,37.24609375,1044.9754638671875,-70.9892578125,-294.3840637207031,-74.72964477539062,22.63526725769043,3.7259292602539062,26.014816284179688,39.852577209472656,38.39963150024414,80.38240051269531,22.63526725769043,3.7259292602539062,26.014816284179688,39.852577209472656,38.39963150024414,80.38240051269531,4199.509909886065,3595.464738900081,7794.974648786146,604.0451709859835
7.926334460997168,22.765722692166236,3.6286919831223656,29.705619982158794,40.61207609594706,37.900494920552234,80.71099407504937,360.1435546875,127.34326171875,654.8328857421875,-502.8974609375,-519.16796875,-222.94775390625,-992.688232421875,29.66455078125,-641.8994140625,-227.615478515625,-322.6572265625,-230.769775390625,-332.3515625,-39.07206726074219,1004.2421875,-432.7200012207031,-290.8316650390625,-112.75259399414062,-75.646484375,-585.9359130859375,-948.1756591796875,-256.1759033203125,-125.376953125,-160.067626953125,784.991943359375,39.646484375,1048.847412109375,-61.3896484375,-294.3840637207031,-70.857666015625,22.643131256103516,4.5128631591796875,25.317028045654297,39.57202911376953,38.5954704284668,80.3683090209961,22.643131256103516,4.5128631591796875,25.317028045654297,39.57202911376953,38.5954704284668,80.3683090209961,4212.909692290448,3597.2847364029194,7810.194428693368,615.6249558875288
7.962581875999604,22.765722692166236,4.050632911392398,29.170383586083858,40.61207609594706,37.952591820786665,80.71099407504937,362.543701171875,129.74365234375,650.9608154296875,-493.2978515625,-523.968017578125,-226.81982421875,-992.688232421875,22.46484375,-653.515625,-232.41552734375,-325.05712890625,-226.897705078125,-327.5517578125,-41.472076416015625,1004.2421875,-435.1199951171875,-295.631591796875,-108.880615234375,-78.0458984375,-588.3359375,-952.0474853515625,-256.1759033203125,-122.9775390625,-163.939697265625,784.991943359375,39.646484375,1041.103515625,-63.7890625,-296.7840576171875,-66.98565673828125,22.567161560058594,4.8487091064453125,25.072792053222656,39.45280456542969,38.65166473388672,80.41413879394531,22.567161560058594,4.8487091064453125,25.072792053222656,39.45280456542969,38.65166473388672,80.41413879394531,4216.214130679093,3602.496472256359,7818.710602935452,613.7176584227336
7.983697589999792,22.765722692166236,4.556962025316452,28.813559322033882,40.52936311000826,38.16097942172439,80.71099407504937,357.74365234375,127.34326171875,650.9608154296875,-498.09765625,-523.968017578125,-226.81982421875,-990.288330078125,20.06494140625,-641.8994140625,-225.215576171875,-322.6572265625,-219.15380859375,-329.9521484375,-41.472076416015625,1000.3701171875,-437.52001953125,-298.0316162109375,-108.880615234375,-80.4462890625,-585.9359130859375,-948.1756591796875,-258.5758972167969,-120.5771484375,-156.195556640625,787.3919677734375,30.0458984375,1044.9754638671875,-70.9892578125,-294.3840637207031,-82.47366333007812,22.673233032226562,5.264862060546875,24.472591400146484,39.4968147277832,38.740516662597656,80.34921264648438,22.673233032226562,5.264862060546875,24.472591400146484,39.4968147277832,38.740516662597656,80.34921264648438,4196.204051966057,3605.8560061746102,7802.060058140667,590.3480457914466
8.018848684998375,22.765722692166236,5.147679324894511,28.278322925958946,40.281224152191896,38.26517322219328,80.71099407504937,357.74365234375,132.1435546875,658.7049560546875,-493.2978515625,-516.7680053710938,-219.076171875,-1002.288330078125,29.66455078125,-649.6435546875,-230.015625,-325.05712890625,-223.025634765625,-334.751953125,-39.07206726074219,1004.2421875,-437.52001953125,-295.631591796875,-112.75259399414062,-75.646484375,-588.3359375,-948.1756591796875,-256.1759033203125,-122.9775390625,-163.939697265625,787.3919677734375,37.24609375,1048.847412109375,-63.7890625,-294.3840637207031,-74.72964477539062,22.553287506103516,5.441844940185547,24.45075225830078,39.420963287353516,38.733802795410156,80.37486267089844,22.553287506103516,5.441844940185547,24.45075225830078,39.420963287353516,38.733802795410156,80.37486267089844,4218.8687457699825,3608.828751832173,7827.697497602156,610.0399939378094
8.055855426999187,22.765722692166236,5.738396624472571,27.74308652988404,40.1985111662531,38.369367022662146,80.71099407504937,357.74365234375,127.34326171875,650.9608154296875,-500.4970703125,-521.5679931640625,-222.94775390625,-995.08837890625,20.06494140625,-645.771484375,-225.215576171875,-322.6572265625,-226.897705078125,-329.9521484375,-36.67207336425781,1000.3701171875,-435.1199951171875,-295.631591796875,-116.62460327148438,-82.8466796875,-590.7359619140625,-948.1756591796875,-258.5758972167969,-120.5771484375,-160.067626953125,780.1919555664062,37.24609375,1044.9754638671875,-73.3896484375,-291.98406982421875,-74.72964477539062,22.526052474975586,6.224498748779297,23.768356323242188,39.17263412475586,38.79558563232422,80.3597412109375,22.526052474975586,6.224498748779297,23.768356323242188,39.17263412475586,38.79558563232422,80.3597412109375,4204.752841002434,3601.0057790620185,7805.758620064453,603.7470619404157
8.091655052998249,22.765722692166236,5.991561181434605,27.56467439785905,40.1985111662531,38.369367022662146,80.71099407504937,352.943603515625,124.943359375,650.9608154296875,-502.8974609375,-519.16796875,-222.94775390625,-992.688232421875,27.2646484375,-645.771484375,-225.215576171875,-327.45703125,-226.897705078125,-334.751953125,-39.07206726074219,996.498046875,-435.1199951171875,-298.0316162109375,-108.880615234375,-75.646484375,-590.7359619140625,-948.1756591796875,-258.5758972167969,-122.9775390625,-163.939697265625,784.991943359375,37.24609375,1041.103515625,-68.5888671875,-294.3840637207031,-70.857666015625,22.573293685913086,6.466068267822266,23.400463104248047,39.198978424072266,38.82881546020508,80.36109924316406,22.573293685913086,6.466068267822266,23.400463104248047,39.198978424072266,38.82881546020508,80.36109924316406,4201.50748682546,3603.0415765144944,7804.549063339954,598.4659103109652
8.1225815459984,22.692166237587344,6.244725738396625,27.11864406779661,40.1985111662531,38.47356082313104,80.71099407504937,357.74365234375,129.74365234375,647.0889892578125,-495.697265625,-519.16796875,-222.94775390625,-990.288330078125,17.66455078125,-638.02734375,-222.8154296875,-320.25732421875,-226.897705078125,-325.1513671875,-36.67207336425781,1000.3701171875,-435.1199951171875,-293.231689453125,-116.62460327148438,-85.24609375,-590.7359619140625,-948.1756591796875,-253.77590942382812,-115.77734375,-167.811767578125,787.3919677734375,32.4462890625,1041.103515625,-78.189453125,-287.18408203125,-78.60165405273438,22.522342681884766,7.007717132568359,22.96916961669922,39.050086975097656,38.94823455810547,80.36306762695312,22.522342681884766,7.007717132568359,22.96916961669922,39.050086975097656,38.94823455810547,80.36306762695312,4184.337896338586,3596.9980555351776,7781.335951873763,587.3398408034082
8.157831213000463,22.618609783008466,6.83544303797467,26.494201605709193,40.1985111662531,38.47356082313104,80.71099407504937,357.74365234375,136.943359375,658.7049560546875,-502.8974609375,-523.968017578125,-219.076171875,-1002.288330078125,22.46484375,-653.515625,-230.015625,-325.05712890625,-226.897705078125,-329.9521484375,-34.272064208984375,1004.2421875,-437.52001953125,-302.8316650390625,-108.880615234375,-82.8466796875,-588.3359375,-948.1756591796875,-256.1759033203125,-125.376953125,-163.939697265625,789.7919921875,49.24609375,1048.847412109375,-66.189453125,-294.3840637207031,-74.72964477539062,22.532379150390625,7.307559967041016,22.69211196899414,38.96514129638672,38.9769401550293,80.35160827636719,22.532379150390625,7.307559967041016,22.69211196899414,38.96514129638672,38.9769401550293,80.35160827636719,4233.227709268889,3615.7709405995474,7848.998649868437,617.4567686693417
8.1850830259973,22.545053328429574,7.341772151898724,26.048171275646737,40.03308519437553,38.62985152383433,80.71099407504937,357.74365234375,132.1435546875,647.0889892578125,-495.697265625,-516.7680053710938,-226.81982421875,-999.88818359375,24.86474609375,-641.8994140625,-232.41552734375,-320.25732421875,-226.897705078125,-315.5517578125,-31.8720703125,1000.3701171875,-432.7200012207031,-302.8316650390625,-112.75259399414062,-75.646484375,-590.7359619140625,-959.7916259765625,-256.1759033203125,-127.77734375,-156.195556640625,787.3919677734375,44.4462890625,1048.847412109375,-70.9892578125,-294.3840637207031,-66.98565673828125,22.51570701599121,7.491069793701172,22.413421630859375,39.008872985839844,39.025970458984375,80.3115463256836,22.51570701599121,7.491069793701172,22.413421630859375,39.008872985839844,39.025970458984375,80.3115463256836,4196.2905464497635,3618.138108429393,7814.428654879157,578.1524380203705
8.22151024699997,22.545053328429574,7.76371308016877,25.69134701159679,39.867659222497934,38.62985152383433,80.71099407504937,357.74365234375,139.34326171875,654.8328857421875,-505.2978515625,-521.5679931640625,-234.56396484375,-1004.688232421875,27.2646484375,-657.3876953125,-227.615478515625,-325.05712890625,-223.025634765625,-327.5517578125,-34.272064208984375,996.498046875,-432.7200012207031,-302.8316650390625,-105.00860595703125,-78.0458984375,-593.135986328125,-959.7916259765625,-256.1759033203125,-127.77734375,-156.195556640625,789.7919921875,51.646484375,1041.103515625,-68.5888671875,-294.3840637207031,-66.98565673828125,22.56296157836914,8.115364074707031,21.844863891601562,38.94344711303711,39.02904510498047,80.27265930175781,22.56296157836914,8.115364074707031,21.844863891601562,38.94344711303711,39.02904510498047,80.27265930175781,4227.892061869645,3612.985762469991,7840.8778243396355,614.9062993996536
8.256435974999476,22.545053328429574,7.932489451476798,25.423728813559322,39.784946236559136,38.62985152383433,80.71099407504937,357.74365234375,134.54345703125,654.8328857421875,-502.8974609375,-516.7680053710938,-230.69189453125,-999.88818359375,17.66455078125,-645.771484375,-222.8154296875,-325.05712890625,-226.897705078125,-327.5517578125,-39.07206726074219,992.6259765625,-427.9200134277344,-302.8316650390625,-112.75259399414062,-75.646484375,-593.135986328125,-955.9195556640625,-256.1759033203125,-122.9775390625,-160.067626953125,787.3919677734375,44.4462890625,1044.9754638671875,-70.9892578125,-296.7840576171875,-59.241668701171875,22.46990203857422,8.666702270507812,21.396556854248047,38.82111740112305,39.0916748046875,80.31755065917969,22.46990203857422,8.666702270507812,21.396556854248047,38.82111740112305,39.0916748046875,80.31755065917969,4206.467093470326,3609.9224637422644,7816.389557212591,596.5446297280619
8.284364972998446,22.545053328429574,8.35443037974683,25.066904549509374,39.784946236559136,38.62985152383433,80.71099407504937,357.74365234375,136.943359375,654.8328857421875,-495.697265625,-521.5679931640625,-222.94775390625,-999.88818359375,22.46484375,-657.3876953125,-230.015625,-320.25732421875,-226.897705078125,-325.1513671875,-34.272064208984375,1000.3701171875,-435.1199951171875,-307.631591796875,-108.880615234375,-70.8466796875,-593.135986328125,-963.6634521484375,-256.1759033203125,-120.5771484375,-148.45166015625,787.3919677734375,46.8466796875,1048.847412109375,-68.5888671875,-294.3840637207031,-70.857666015625,22.4664363861084,8.98447036743164,21.072582244873047,38.732826232910156,39.08518981933594,80.31973266601562,22.4664363861084,8.98447036743164,21.072582244873047,38.732826232910156,39.08518981933594,80.31973266601562,4216.151684781074,3620.1878805341603,7836.339565315235,595.9638042469142
8.321398591997422,22.545053328429574,8.945147679324904,24.35325602140945,39.784946236559136,38.62985152383433,80.71099407504937,360.1435546875,141.74365234375,654.8328857421875,-493.2978515625,-521.5679931640625,-219.076171875,-1004.688232421875,17.66455078125,-657.3876953125,-232.41552734375,-322.6572265625,-230.769775390625,-320.3515625,-36.67207336425781,1008.1142578125,-437.52001953125,-305.231689453125,-105.00860595703125,-68.4462890625,-595.5360107421875,-971.4075927734375,-256.1759033203125,-125.376953125,-163.939697265625,787.3919677734375,46.8466796875,1048.847412109375,-70.9892578125,-296.7840576171875,-78.60165405273438,22.528209686279297,9.245342254638672,20.7239990234375,38.63300323486328,39.180908203125,80.26966094970703,22.528209686279297,9.245342254638672,20.7239990234375,38.63300323486328,39.180908203125,80.26966094970703,4230.202110930385,3641.6254242752752,7871.827535205661,588.5766866551098
8.357679894998,22.471496873850683,9.45147679324893,23.907225691347023,39.61952026468157,38.62985152383433,80.57932850559578,360.1435546875,139.34326171875,650.9608154296875,-498.09765625,-523.968017578125,-226.81982421875,-1002.288330078125,20.06494140625,-653.515625,-225.215576171875,-325.05712890625,-223.025634765625,-329.9521484375,-34.272064208984375,1004.2421875,-432.7200012207031,-307.631591796875,-108.880615234375,-66.0458984375,-595.5360107421875,-967.5355224609375,-256.1759033203125,-130.1767578125,-152.32373046875,784.991943359375,46.8466796875,1044.9754638671875,-66.189453125,-301.58404541015625,-63.1136474609375,22.441741943359375,9.750553131103516,20.477203369140625,38.60255432128906,39.14421463012695,80.33383178710938,22.441741943359375,9.750553131103516,20.477203369140625,38.60255432128906,39.14421463012695,80.33383178710938,4222.882265938399,3628.215192037704,7851.097457976102,594.6670739006945
8.386705590997735,22.471496873850683,9.789029535864984,23.818019625334514,39.45409429280397,38.786142224537656,80.57932850559578,355.343505859375,134.54345703125,654.8328857421875,-498.09765625,-526.3679809570312,-226.81982421875,-995.08837890625,17.66455078125,-645.771484375,-222.8154296875,-327.45703125,-223.025634765625,-329.9521484375,-41.472076416015625,1000.3701171875,-430.32000732421875,-300.431640625,-108.880615234375,-75.646484375,-597.9359130859375,-955.9195556640625,-260.97589111328125,-125.376953125,-156.195556640625,787.3919677734375,42.0458984375,1037.2314453125,-68.5888671875,-296.7840576171875,-70.857666015625,22.5092716217041,10.170734405517578,19.814865112304688,38.57280731201172,39.261959075927734,80.28504943847656,22.5092716217041,10.170734405517578,19.814865112304688,38.57280731201172,39.261959075927734,80.28504943847656,4211.574688273723,3610.6882412065643,7822.262929480287,600.8864470671588
8.423987971997121,22.471496873850683,10.126582278481024,23.550401427297047,39.45409429280397,38.83823912477206,80.51349572086899,357.74365234375,136.943359375,658.7049560546875,-500.4970703125,-516.7680053710938,-222.94775390625,-1002.288330078125,24.86474609375,-649.6435546875,-227.615478515625,-327.45703125,-230.769775390625,-327.5517578125,-36.67207336425781,996.498046875,-425.52001953125,-307.631591796875,-112.75259399414062,-73.24609375,-595.5360107421875,-967.5355224609375,-258.5758972167969,-125.376953125,-156.195556640625,789.7919921875,46.8466796875,1041.103515625,-66.189453125,-294.3840637207031,-63.1136474609375,22.395570755004883,10.529293060302734,19.584083557128906,38.535316467285156,39.21403884887695,80.32524871826172,22.395570755004883,10.529293060302734,19.584083557128906,38.535316467285156,39.21403884887695,80.32524871826172,4220.163126581387,3618.4878547548856,7838.650981336272,601.6752718265011
8.45798056700005,22.471496873850683,10.71729957805907,23.015165031222125,39.45409429280397,38.89033602500652,80.51349572086899,357.74365234375,144.1435546875,658.7049560546875,-493.2978515625,-516.7680053710938,-215.2041015625,-1007.08837890625,17.66455078125,-661.25927734375,-230.015625,-322.6572265625,-230.769775390625,-313.1513671875,-34.272064208984375,1004.2421875,-432.7200012207031,-312.431640625,-108.880615234375,-73.24609375,-602.7359619140625,-975.2794189453125,-251.37588500976562,-122.9775390625,-140.707763671875,792.1919555664062,56.4462890625,1044.9754638671875,-68.5888671875,-299.18408203125,-70.857666015625,22.40775489807129,10.497013092041016,19.515338897705078,38.49829864501953,39.18202209472656,80.26275634765625,22.40775489807129,10.497013092041016,19.515338897705078,38.49829864501953,39.18202209472656,80.26275634765625,4225.393745234548,3634.3259343050418,7859.71967953959,591.0678109295063
8.493342912999651,22.471496873850683,11.05485232067511,22.569134701159683,39.371381306865175,38.89033602500652,80.51349572086899,355.343505859375,136.943359375,658.7049560546875,-505.2978515625,-516.7680053710938,-222.94775390625,-1002.288330078125,24.86474609375,-653.515625,-222.8154296875,-332.25732421875,-230.769775390625,-327.5517578125,-34.272064208984375,1004.2421875,-427.9200134277344,-319.631591796875,-108.880615234375,-66.0458984375,-602.7359619140625,-990.7674560546875,-258.5758972167969,-134.9775390625,-148.45166015625,787.3919677734375,61.24609375,1041.103515625,-66.189453125,-299.18408203125,-59.241668701171875,22.383480072021484,11.61135482788086,18.498958587646484,38.42796325683594,39.26486587524414,80.28237915039062,22.383480072021484,11.61135482788086,18.498958587646484,38.42796325683594,39.26486587524414,80.28237915039062,4232.711668825703,3652.829318016479,7885.540986842182,579.8823508092237
8.524692932998732,22.471496873850683,11.139240506329102,22.47992863514719,39.28866832092638,38.89033602500652,80.51349572086899,352.943603515625,132.1435546875,647.0889892578125,-495.697265625,-516.7680053710938,-226.81982421875,-999.88818359375,22.46484375,-641.8994140625,-222.8154296875,-327.45703125,-230.769775390625,-327.5517578125,-34.272064208984375,1000.3701171875,-427.9200134277344,-312.431640625,-108.880615234375,-68.4462890625,-605.135986328125,-971.4075927734375,-256.1759033203125,-127.77734375,-144.57958984375,789.7919921875,51.646484375,1041.103515625,-70.9892578125,-299.18408203125,-63.1136474609375,22.32137680053711,12.15121841430664,18.1925048828125,38.29492950439453,39.27537155151367,80.26698303222656,22.32137680053711,12.15121841430664,18.1925048828125,38.29492950439453,39.27537155151367,80.26698303222656,4199.972432202818,3629.8413270407773,7829.813759243595,570.1311051620405
8.56740019299832,22.471496873850683,11.476793248945143,22.033898305084747,39.28866832092638,38.94243292524095,80.51349572086899,364.943603515625,141.74365234375,654.8328857421875,-486.09765625,-519.16796875,-222.94775390625,-1007.08837890625,15.2646484375,-657.3876953125,-232.41552734375,-317.85693359375,-230.769775390625,-320.3515625,-39.07206726074219,1004.2421875,-430.32000732421875,-326.8316650390625,-108.880615234375,-58.8466796875,-605.135986328125,-998.5115966796875,-251.37588500976562,-132.5771484375,-125.2197265625,792.1919555664062,68.4462890625,1044.9754638671875,-73.3896484375,-301.58404541015625,-66.98565673828125,22.361339569091797,12.175647735595703,17.956436157226562,38.417816162109375,39.27516555786133,80.26835632324219,22.361339569091797,12.175647735595703,17.956436157226562,38.417816162109375,39.27516555786133,80.26835632324219,4222.265557271682,3661.462926947236,7883.728484218918,560.802630324446
8.597837617999176,22.471496873850683,12.23628691983123,21.231043710972358,39.20595533498758,38.94243292524095,80.51349572086899,360.1435546875,151.34326171875,662.5767822265625,-502.8974609375,-519.16796875,-215.2041015625,-1007.08837890625,20.06494140625,-669.00341796875,-234.8154296875,-322.6572265625,-230.769775390625,-325.1513671875,-29.472076416015625,1008.1142578125,-427.9200134277344,-346.0316162109375,-108.880615234375,-46.8466796875,-614.7359619140625,-1017.8714599609375,-248.97589111328125,-137.376953125,-113.603759765625,794.5919799804688,82.8466796875,1044.9754638671875,-66.189453125,-303.98406982421875,-59.241668701171875,22.291770935058594,12.422298431396484,17.75598907470703,38.36037826538086,39.303993225097656,80.29887390136719,22.291770935058594,12.422298431396484,17.75598907470703,38.36037826538086,39.303993225097656,80.29887390136719,4253.177615221627,3689.2999726920325,7942.47758791366,563.8776425295946
8.629881192999164,22.471496873850683,12.742616033755283,20.874219446922382,39.20595533498758,38.99452982547538,80.51349572086899,357.74365234375,136.943359375,658.7049560546875,-502.8974609375,-521.5679931640625,-230.69189453125,-1004.688232421875,22.46484375,-653.515625,-227.615478515625,-322.6572265625,-226.897705078125,-329.9521484375,-34.272064208984375,1004.2421875,-430.32000732421875,-338.8316650390625,-112.75259399414062,-54.0458984375,-614.7359619140625,-1025.6156005859375,-253.77590942382812,-137.376953125,-113.603759765625,787.3919677734375,78.0458984375,1037.2314453125,-68.5888671875,-299.18408203125,-55.369659423828125,22.293363571166992,13.462390899658203,16.772480010986328,38.18611145019531,39.339847564697266,80.22691345214844,22.293363571166992,13.462390899658203,16.772480010986328,38.18611145019531,39.339847564697266,80.22691345214844,4234.1225467053555,3682.7580730012005,7916.880619706556,551.364473704155
8.664453340999899,22.471496873850683,13.080168776371309,20.785013380909902,39.20595533498758,39.046626725709814,80.51349572086899,355.343505859375,134.54345703125,643.2169189453125,-500.4970703125,-511.968017578125,-234.56396484375,-999.88818359375,20.06494140625,-657.3876953125,-227.615478515625,-325.05712890625,-230.769775390625,-329.9521484375,-36.67207336425781,988.75390625,-423.1199951171875,-338.8316650390625,-105.00860595703125,-51.646484375,-614.7359619140625,-1013.9996337890625,-251.37588500976562,-139.77734375,-109.731689453125,787.3919677734375,78.0458984375,1044.9754638671875,-70.9892578125,-299.18408203125,-43.753662109375,22.2834415435791,13.918598175048828,16.428176879882812,38.12848663330078,39.33026885986328,80.2305908203125,22.2834415435791,13.918598175048828,16.428176879882812,38.12848663330078,39.33026885986328,80.2305908203125,4199.322643862002,3668.235927412911,7867.558571274913,531.086716449091
8.694195462998323,22.471496873850683,13.502109704641342,20.517395182872434,39.20595533498758,39.046626725709814,80.51349572086899,360.1435546875,136.943359375,650.9608154296875,-490.8974609375,-519.16796875,-226.81982421875,-1002.288330078125,17.66455078125,-657.3876953125,-227.615478515625,-325.05712890625,-230.769775390625,-320.3515625,-36.67207336425781,1000.3701171875,-427.9200134277344,-343.631591796875,-112.75259399414062,-54.0458984375,-612.3359375,-1013.9996337890625,-248.97589111328125,-130.1767578125,-121.34765625,799.3919677734375,73.24609375,1048.847412109375,-75.7890625,-303.98406982421875,-59.241668701171875,22.20840072631836,14.13051986694336,16.165878295898438,38.1672248840332,39.38008117675781,80.26535034179688,22.20840072631836,14.13051986694336,16.165878295898438,38.1672248840332,39.38008117675781,80.26535034179688,4214.957301798664,3691.7229908941613,7906.680292692825,523.2343109045028
8.732647675999033,22.39794041927179,14.345991561181435,19.62533452274755,39.20595533498758,39.046626725709814,80.51349572086899,362.543701171875,144.1435546875,662.5767822265625,-500.4970703125,-521.5679931640625,-219.076171875,-1004.688232421875,24.86474609375,-661.25927734375,-232.41552734375,-325.05712890625,-234.641845703125,-325.1513671875,-36.67207336425781,1000.3701171875,-425.52001953125,-346.0316162109375,-108.880615234375,-46.8466796875,-619.5360107421875,-1025.6156005859375,-248.97589111328125,-137.376953125,-113.603759765625,792.1919555664062,82.8466796875,1044.9754638671875,-66.189453125,-303.98406982421875,-59.241668701171875,22.131444931030273,14.591228485107422,15.827018737792969,38.07575988769531,39.414764404296875,80.27562713623047,22.131444931030273,14.591228485107422,15.827018737792969,38.07575988769531,39.414764404296875,80.27562713623047,4243.192089463527,3695.12649613265,7938.3185855961765,548.0655933308767
8.76258556799803,22.250827510114007,14.767932489451468,19.357716324710083,39.04052936311001,39.046626725709814,80.51349572086899,352.943603515625,136.943359375,650.9608154296875,-500.4970703125,-516.7680053710938,-222.94775390625,-999.88818359375,22.46484375,-657.3876953125,-230.015625,-327.45703125,-238.513671875,-322.751953125,-34.272064208984375,1000.3701171875,-425.52001953125,-346.0316162109375,-101.1365966796875,-54.0458984375,-617.135986328125,-1025.6156005859375,-248.97589111328125,-134.9775390625,-113.603759765625,796.991943359375,78.0458984375,1041.103515625,-75.7890625,-301.58404541015625,-59.241668701171875,22.163211822509766,14.823345184326172,15.615776062011719,38.036075592041016,39.44725799560547,80.30084991455078,22.163211822509766,14.823345184326172,15.615776062011719,38.036075592041016,39.44725799560547,80.30084991455078,4220.613020906674,3691.05855602169,7911.671576928364,529.5544648849841
8.798565450997557,22.17727105553513,15.105485232067522,19.000892060660135,38.95781637717121,39.046626725709814,80.51349572086899,362.543701171875,153.74365234375,662.5767822265625,-474.09765625,-514.3679809570312,-199.7158203125,-1009.48828125,15.2646484375,-676.74755859375,-246.8154296875,-298.6572265625,-238.513671875,-315.5517578125,-31.8720703125,1000.3701171875,-423.1199951171875,-346.0316162109375,-108.880615234375,-51.646484375,-619.5360107421875,-1021.7435302734375,-248.97589111328125,-134.9775390625,-117.4755859375,792.1919555664062,87.646484375,1044.9754638671875,-66.189453125,-301.58404541015625,-55.369659423828125,22.186216354370117,15.190448760986328,15.071842193603516,38.07826232910156,39.35786819458008,80.23234558105469,22.186216354370117,15.190448760986328,15.071842193603516,38.07826232910156,39.35786819458008,80.23234558105469,4218.104134761056,3687.885254590374,7905.989389351431,530.218880170682
8.835514988997602,22.17727105553513,15.358649789029542,18.64406779661016,38.95781637717121,39.046626725709814,80.51349572086899,364.943603515625,156.1435546875,670.3209228515625,-466.8974609375,-516.7680053710938,-199.7158203125,-1009.48828125,5.66455078125,-672.87548828125,-244.41552734375,-296.25732421875,-242.3857421875,-310.751953125,-31.8720703125,996.498046875,-425.52001953125,-353.231689453125,-108.880615234375,-49.24609375,-617.135986328125,-1025.6156005859375,-248.97589111328125,-132.5771484375,-117.4755859375,796.991943359375,87.646484375,1048.847412109375,-70.9892578125,-301.58404541015625,-59.241668701171875,22.126453399658203,15.989612579345703,14.473030090332031,37.94195556640625,39.510459899902344,80.26192474365234,22.126453399658203,15.989612579345703,14.473030090332031,37.94195556640625,39.510459899902344,80.26192474365234,4215.226864562769,3702.8397577792934,7918.066622342063,512.3871067834757
8.869626944000629,22.17727105553513,15.611814345991576,18.19803746654773,38.95781637717121,39.046626725709814,80.51349572086899,372.1435546875,175.34326171875,666.4488525390625,-452.4970703125,-511.968017578125,-168.73974609375,-1009.48828125,3.2646484375,-696.107421875,-254.015625,-267.45703125,-246.2578125,-289.1513671875,-31.8720703125,1008.1142578125,-423.1199951171875,-365.231689453125,-108.880615234375,-39.646484375,-626.7359619140625,-1044.9754638671875,-241.77590942382812,-137.376953125,-98.11572265625,799.3919677734375,94.8466796875,1052.719482421875,-80.5888671875,-306.3840637207031,-55.369659423828125,22.003679275512695,16.383380889892578,14.136642456054688,37.916133880615234,39.41534423828125,80.22650909423828,22.003679275512695,16.383380889892578,14.136642456054688,37.916133880615234,39.41534423828125,80.22650909423828,4205.9815061718955,3730.333836214205,7936.3153423861,475.6476699576906
8.904639469998074,22.17727105553513,16.1181434599156,17.662801070472796,38.792390405293645,39.046626725709814,80.4476629361422,381.74365234375,187.34326171875,678.0648193359375,-423.697265625,-521.5679931640625,-137.76416015625,-1019.08837890625,-8.7353515625,-719.33935546875,-268.41552734375,-231.45703125,-265.61767578125,-274.751953125,-24.67205810546875,1011.98583984375,-415.9200134277344,-377.231689453125,-101.1365966796875,-37.24609375,-636.3359375,-1068.2076416015625,-239.37588500976562,-142.1767578125,-78.755615234375,794.5919799804688,106.8466796875,1041.103515625,-80.5888671875,-306.3840637207031,-47.62567138671875,21.99542808532715,16.548351287841797,14.016380310058594,37.85008239746094,39.37663269042969,80.27499389648438,21.99542808532715,16.548351287841797,14.016380310058594,37.85008239746094,39.37663269042969,80.27499389648438,4225.5736989088,3738.2223513645495,7963.7960502733495,487.35134754425053
8.93503292099922,22.17727105553513,16.708860759493675,17.12756467439786,38.792390405293645,39.046626725709814,80.4476629361422,391.343505859375,213.74365234375,681.9368896484375,-385.2978515625,-519.16796875,-95.171875,-1023.88818359375,-20.7353515625,-754.1875,-285.215576171875,-183.45703125,-273.36181640625,-257.9521484375,-17.472076416015625,1008.1142578125,-423.1199951171875,-382.0316162109375,-105.00860595703125,-27.646484375,-636.3359375,-1068.2076416015625,-239.37588500976562,-142.1767578125,-78.755615234375,801.7919921875,109.24609375,1037.2314453125,-73.3896484375,-306.3840637207031,-51.497650146484375,21.89956283569336,16.867938995361328,13.65414047241211,37.91694641113281,39.401451110839844,80.25352478027344,21.89956283569336,16.867938995361328,13.65414047241211,37.91694641113281,39.401451110839844,80.25352478027344,4216.433806574981,3747.461314549179,7963.89512112416,468.9724920258018
8.965624434997153,22.17727105553513,17.130801687763707,16.949152542372886,38.62696443341605,39.046626725709814,80.4476629361422,391.343505859375,218.54345703125,681.9368896484375,-380.4970703125,-519.16796875,-87.427734375,-1019.08837890625,-18.33544921875,-761.931640625,-282.8154296875,-176.25732421875,-273.36181640625,-250.751953125,-19.8720703125,1011.98583984375,-418.32000732421875,-377.231689453125,-108.880615234375,-34.8466796875,-636.3359375,-1072.0794677734375,-236.97589111328125,-139.77734375,-78.755615234375,801.7919921875,109.24609375,1041.103515625,-75.7890625,-306.3840637207031,-47.62567138671875,21.86519432067871,17.50839614868164,13.134326934814453,37.750633239746094,39.43360900878906,80.26693725585938,21.86519432067871,17.50839614868164,13.134326934814453,37.750633239746094,39.43360900878906,80.26693725585938,4212.000313779847,3744.877875990567,7956.878189770414,467.1224377892795
9.007614693000505,22.17727105553513,17.468354430379748,16.681534344335418,38.62696443341605,39.046626725709814,80.4476629361422,388.943603515625,223.34326171875,689.6807861328125,-370.8974609375,-516.7680053710938,-71.93994140625,-1021.48828125,-23.13525390625,-758.0595703125,-282.8154296875,-176.25732421875,-273.36181640625,-241.1513671875,-22.272064208984375,1011.98583984375,-420.7200012207031,-379.631591796875,-112.75259399414062,-39.646484375,-638.7359619140625,-1068.2076416015625,-241.77590942382812,-139.77734375,-86.499755859375,794.5919799804688,111.646484375,1037.2314453125,-78.189453125,-308.7840576171875,-47.62567138671875,21.862396240234375,17.822925567626953,12.733112335205078,37.85333251953125,39.38644027709961,80.26494598388672,21.862396240234375,17.822925567626953,12.733112335205078,37.85333251953125,39.38644027709961,80.26494598388672,4206.670832686469,3748.8299280997103,7955.500760786179,457.8409045867588
9.036246481999115,22.17727105553513,17.805907172995774,16.32471008028547,38.62696443341605,39.046626725709814,80.4476629361422,388.943603515625,235.34326171875,681.9368896484375,-363.697265625,-519.16796875,-52.580078125,-1026.288330078125,-35.13525390625,-777.41943359375,-290.015625,-159.45703125,-273.36181640625,-231.5517578125,-19.8720703125,1004.2421875,-418.32000732421875,-384.431640625,-108.880615234375,-34.8466796875,-636.3359375,-1068.2076416015625,-239.37588500976562,-139.77734375,-78.755615234375,796.991943359375,109.24609375,1048.847412109375,-82.9892578125,-308.7840576171875,-47.62567138671875,21.79299545288086,18.226856231689453,12.388866424560547,37.805267333984375,39.36579895019531,80.26448059082031,21.79299545288086,18.226856231689453,12.388866424560547,37.805267333984375,39.36579895019531,80.26448059082031,4203.653845580447,3755.6018510598797,7959.255696640326,448.05199452056695
9.063592247999622,22.030158146377346,18.312236286919827,15.700267618198026,38.62696443341605,39.046626725709814,80.4476629361422,391.343505859375,240.1435546875,701.2967529296875,-358.8974609375,-516.7680053710938,-52.580078125,-1028.688232421875,-32.7353515625,-781.29150390625,-294.8154296875,-161.85693359375,-273.36181640625,-238.751953125,-15.07208251953125,1011.98583984375,-415.9200134277344,-401.231689453125,-116.62460327148438,-18.0458984375,-650.7359619140625,-1099.1834716796875,-239.37588500976562,-149.376953125,-63.267578125,801.7919921875,118.8466796875,1041.103515625,-78.189453125,-311.18408203125,-39.88165283203125,21.69821548461914,18.556133270263672,12.235416412353516,37.70606994628906,39.46833419799805,80.27967071533203,21.69821548461914,18.556133270263672,12.235416412353516,37.70606994628906,39.46833419799805,80.27967071533203,4235.045275960116,3798.9702883459618,8034.015564306077,436.074987614154
9.098166755997227,21.809488782640685,18.649789029535867,15.343443354148079,38.62696443341605,39.046626725709814,80.4476629361422,393.74365234375,235.34326171875,685.8089599609375,-361.2978515625,-516.7680053710938,-48.7080078125,-1023.88818359375,-30.33544921875,-777.41943359375,-290.015625,-164.25732421875,-277.233642578125,-233.9521484375,-15.07208251953125,992.6259765625,-418.32000732421875,-398.8316650390625,-112.75259399414062,-27.646484375,-648.3359375,-1095.3116455078125,-234.57589721679688,-144.5771484375,-59.395751953125,796.991943359375,116.4462890625,1029.487548828125,-87.7890625,-311.18408203125,-43.753662109375,21.647520065307617,18.848468780517578,11.94049072265625,37.69477844238281,39.427146911621094,80.30021667480469,21.647520065307617,18.848468780517578,11.94049072265625,37.69477844238281,39.427146911621094,80.30021667480469,4196.907724079203,3777.27554185384,7974.183265933043,419.63218222536307
9.134330863998912,21.735932328061793,19.15611814345992,15.165031222123119,38.62696443341605,39.098723625944274,80.4476629361422,391.343505859375,232.943359375,685.8089599609375,-363.697265625,-516.7680053710938,-60.32373046875,-1026.288330078125,-27.93505859375,-781.29150390625,-294.8154296875,-161.85693359375,-273.36181640625,-233.9521484375,-15.07208251953125,1004.2421875,-413.52001953125,-398.8316650390625,-112.75259399414062,-30.0458984375,-650.7359619140625,-1106.9276123046875,-239.37588500976562,-154.1767578125,-63.267578125,799.3919677734375,126.0458984375,1033.359375,-73.3896484375,-311.18408203125,-36.0096435546875,21.683130264282227,19.131214141845703,11.619770050048828,37.631614685058594,39.38394546508789,80.25138854980469,21.683130264282227,19.131214141845703,11.619770050048828,37.631614685058594,39.38394546508789,80.25138854980469,4212.838246091229,3795.811157655207,8008.649403746436,417.02708843602204
9.168253845000436,21.735932328061793,19.409282700421954,14.98661909009813,38.62696443341605,39.15082052617868,80.4476629361422,396.1435546875,235.34326171875,693.5528564453125,-354.09765625,-519.16796875,-56.4521484375,-1021.48828125,-30.33544921875,-785.16357421875,-290.015625,-159.45703125,-269.48974609375,-229.1513671875,-17.472076416015625,1008.1142578125,-415.9200134277344,-391.631591796875,-112.75259399414062,-32.4462890625,-648.3359375,-1091.4395751953125,-234.57589721679688,-146.9775390625,-63.267578125,794.5919799804688,116.4462890625,1041.103515625,-75.7890625,-308.7840576171875,-36.0096435546875,21.565048217773438,19.581256866455078,11.275337219238281,37.61553955078125,39.33013916015625,80.24711608886719,21.565048217773438,19.581256866455078,11.275337219238281,37.61553955078125,39.33013916015625,80.24711608886719,4213.139104440535,3770.987222434745,7984.126326875281,442.1518820057904
9.20591082899773,21.735932328061793,19.578059071729953,14.719000892060663,38.62696443341605,39.15082052617868,80.4476629361422,398.543701171875,237.74365234375,701.2967529296875,-351.697265625,-511.968017578125,-56.4521484375,-1026.288330078125,-25.53515625,-781.29150390625,-294.8154296875,-169.05712890625,-277.233642578125,-238.751953125,-12.67205810546875,1004.2421875,-413.52001953125,-398.8316650390625,-112.75259399414062,-27.646484375,-650.7359619140625,-1103.0555419921875,-234.57589721679688,-149.376953125,-63.267578125,799.3919677734375,121.24609375,1033.359375,-78.189453125,-313.58404541015625,-28.265655517578125,21.47085952758789,19.999309539794922,11.023197174072266,37.499778747558594,39.38233947753906,80.23989868164062,21.47085952758789,19.999309539794922,11.023197174072266,37.499778747558594,39.38233947753906,80.23989868164062,4225.612762095003,3788.1762459785778,8013.789008073581,437.4365161164251
9.236505307999323,21.735932328061793,20.0,14.362176628010715,38.46153846153845,39.15082052617868,80.4476629361422,396.1435546875,242.54345703125,689.6807861328125,-349.2978515625,-511.968017578125,-52.580078125,-1023.88818359375,-32.7353515625,-777.41943359375,-292.41552734375,-159.45703125,-273.36181640625,-233.9521484375,-17.472076416015625,1000.3701171875,-418.32000732421875,-398.8316650390625,-105.00860595703125,-30.0458984375,-650.7359619140625,-1103.0555419921875,-234.57589721679688,-142.1767578125,-63.267578125,799.3919677734375,111.646484375,1041.103515625,-78.189453125,-311.18408203125,-36.0096435546875,21.535465240478516,20.367183685302734,10.326576232910156,37.52734375,39.43226623535156,80.23870849609375,21.535465240478516,20.367183685302734,10.326576232910156,37.52734375,39.43226623535156,80.23870849609375,4197.910871666048,3790.2043814028775,7988.115253068925,407.70649026317005
9.266379679000238,21.735932328061793,20.33755274261604,13.91614629794826,38.37882547559968,39.15082052617868,80.4476629361422,388.943603515625,247.34326171875,689.6807861328125,-356.4970703125,-514.3679809570312,-37.091796875,-1028.688232421875,-30.33544921875,-792.90771484375,-294.8154296875,-159.45703125,-273.36181640625,-229.1513671875,-17.472076416015625,1004.2421875,-411.1199951171875,-408.431640625,-108.880615234375,-20.4462890625,-653.135986328125,-1114.6715087890625,-234.57589721679688,-139.77734375,-51.651611328125,801.7919921875,123.646484375,1033.359375,-80.5888671875,-311.18408203125,-32.137664794921875,21.388900756835938,20.468379974365234,10.489727020263672,37.44895935058594,39.36647033691406,80.25497436523438,21.388900756835938,20.468379974365234,10.489727020263672,37.44895935058594,39.36647033691406,80.25497436523438,4218.336773024019,3796.4711210720757,8014.807894096095,421.86565195194316
9.298142424999241,21.735932328061793,20.843881856540094,13.559322033898312,38.296112489660885,39.15082052617868,80.4476629361422,400.943603515625,244.943359375,693.5528564453125,-344.4970703125,-511.968017578125,-33.2197265625,-1028.688232421875,-35.13525390625,-785.16357421875,-297.215576171875,-149.85693359375,-277.233642578125,-224.3515625,-15.07208251953125,1004.2421875,-411.1199951171875,-406.0316162109375,-101.1365966796875,-25.24609375,-657.9359130859375,-1114.6715087890625,-239.37588500976562,-149.376953125,-59.395751953125,801.7919921875,123.646484375,1029.487548828125,-80.5888671875,-313.58404541015625,-28.265655517578125,21.362730026245117,20.601566314697266,10.250308990478516,37.45760726928711,39.393821716308594,80.25132751464844,21.362730026245117,20.601566314697266,10.250308990478516,37.45760726928711,39.393821716308594,80.25132751464844,4212.559830281573,3805.292178114284,8017.852008395857,407.26765216728927
9.330874694998784,21.58881941890401,21.265822784810126,13.380909901873324,38.296112489660885,39.20291742641314,80.4476629361422,393.74365234375,244.943359375,693.5528564453125,-346.8974609375,-516.7680053710938,-33.2197265625,-1031.08837890625,-27.93505859375,-789.03564453125,-299.615478515625,-149.85693359375,-277.233642578125,-229.1513671875,-15.07208251953125,1004.2421875,-406.32000732421875,-406.0316162109375,-108.880615234375,-22.8466796875,-657.9359130859375,-1118.5435791015625,-241.77590942382812,-149.376953125,-47.779541015625,801.7919921875,128.4462890625,1029.487548828125,-70.9892578125,-318.3840637207031,-20.52166748046875,21.23686981201172,21.005619049072266,10.026020050048828,37.36968994140625,39.39158630371094,80.22837829589844,21.23686981201172,21.005619049072266,10.026020050048828,37.36968994140625,39.39158630371094,80.22837829589844,4221.241900199983,3808.76850869472,8030.010408894703,412.4733915052634
9.367797391998465,21.515262964325103,21.265822784810126,13.291703835860844,38.296112489660885,39.20291742641314,80.4476629361422,391.343505859375,247.34326171875,685.8089599609375,-339.697265625,-507.1679992675781,-40.9638671875,-1021.48828125,-35.13525390625,-777.41943359375,-292.41552734375,-147.45703125,-273.36181640625,-217.1513671875,-12.67205810546875,988.75390625,-406.32000732421875,-408.431640625,-105.00860595703125,-37.24609375,-657.9359130859375,-1110.7994384765625,-234.57589721679688,-146.9775390625,-51.651611328125,799.3919677734375,116.4462890625,1037.2314453125,-87.7890625,-313.58404541015625,-20.52166748046875,21.208415985107422,21.150257110595703,9.839824676513672,37.332252502441406,39.33488082885742,80.24948120117188,21.208415985107422,21.150257110595703,9.839824676513672,37.332252502441406,39.33488082885742,80.24948120117188,4162.377625855692,3799.7584107481057,7962.136036603797,362.6192151075861
9.395349529000669,21.368150055167348,21.43459915611814,13.113291703835856,38.296112489660885,39.20291742641314,80.4476629361422,391.343505859375,249.74365234375,685.8089599609375,-344.4970703125,-509.5679931640625,-25.47607421875,-1023.88818359375,-27.93505859375,-785.16357421875,-292.41552734375,-147.45703125,-269.48974609375,-229.1513671875,-17.472076416015625,996.498046875,-406.32000732421875,-410.8316650390625,-105.00860595703125,-32.4462890625,-660.3359375,-1110.7994384765625,-239.37588500976562,-144.5771484375,-47.779541015625,799.3919677734375,118.8466796875,1033.359375,-82.9892578125,-315.98406982421875,-20.52166748046875,21.05646514892578,21.41634750366211,9.627960205078125,37.276851654052734,39.34709930419922,80.23860168457031,21.05646514892578,21.41634750366211,9.627960205078125,37.276851654052734,39.34709930419922,80.23860168457031,4181.140096456025,3802.8551383327986,7983.995234788824,378.2849581232267
9.431654444000742,21.294593600588456,21.68776371308016,12.845673505798388,38.296112489660885,39.20291742641314,80.4476629361422,396.1435546875,252.1435546875,697.4249267578125,-334.8974609375,-514.3679809570312,-29.34814453125,-1026.288330078125,-35.13525390625,-785.16357421875,-297.215576171875,-137.85693359375,-277.233642578125,-212.3515625,-12.67205810546875,1004.2421875,-408.7200012207031,-413.231689453125,-105.00860595703125,-30.0458984375,-657.9359130859375,-1114.6715087890625,-239.37588500976562,-146.9775390625,-51.651611328125,804.1919555664062,126.0458984375,1041.103515625,-80.5888671875,-315.98406982421875,-16.649658203125,21.08685302734375,21.550716400146484,9.332500457763672,37.24238204956055,39.36550521850586,80.30282592773438,21.08685302734375,21.550716400146484,9.332500457763672,37.24238204956055,39.36550521850586,80.30282592773438,4203.640323916572,3819.022231055113,8022.662554971685,384.618092861459
9.468603190998692,21.221037146009564,21.856540084388172,12.48884924174844,38.296112489660885,39.20291742641314,80.4476629361422,393.74365234375,252.1435546875,693.5528564453125,-344.4970703125,-511.968017578125,-29.34814453125,-1028.688232421875,-32.7353515625,-789.03564453125,-297.215576171875,-147.45703125,-269.48974609375,-219.5517578125,-15.07208251953125,1004.2421875,-411.1199951171875,-413.231689453125,-105.00860595703125,-22.8466796875,-660.3359375,-1118.5435791015625,-239.37588500976562,-146.9775390625,-51.651611328125,801.7919921875,123.646484375,1033.359375,-75.7890625,-315.98406982421875,-24.393646240234375,21.028409957885742,21.802486419677734,9.249008178710938,37.199134826660156,39.3452033996582,80.24552917480469,21.028409957885742,21.802486419677734,9.249008178710938,37.199134826660156,39.3452033996582,80.24552917480469,4206.589115223598,3816.6430874775792,8023.232202701178,389.9460277460189
9.499395462000393,21.221037146009564,22.109704641350206,12.221231043710972,38.21339950372209,39.20291742641314,80.4476629361422,398.543701171875,247.34326171875,689.6807861328125,-337.2978515625,-516.7680053710938,-17.73193359375,-1026.288330078125,-37.53515625,-785.16357421875,-297.215576171875,-145.05712890625,-269.48974609375,-221.9521484375,-15.07208251953125,1004.2421875,-406.32000732421875,-408.431640625,-101.1365966796875,-27.646484375,-662.7359619140625,-1118.5435791015625,-241.77590942382812,-139.77734375,-63.267578125,799.3919677734375,111.646484375,1029.487548828125,-82.9892578125,-315.98406982421875,-24.393646240234375,20.888315200805664,21.901599884033203,9.171207427978516,37.1745491027832,39.24604034423828,80.28498840332031,20.888315200805664,21.901599884033203,9.171207427978516,37.1745491027832,39.24604034423828,80.28498840332031,4199.370629901579,3807.5002633290665,8006.870893230645,391.8703665725129
9.538302475997625,21.221037146009564,22.362869198312225,11.953612845673518,37.96526054590569,39.20291742641314,80.4476629361422,391.343505859375,252.1435546875,689.6807861328125,-332.4970703125,-514.3679809570312,-21.60400390625,-1023.88818359375,-32.7353515625,-800.6513671875,-292.41552734375,-142.6572265625,-269.48974609375,-224.3515625,-15.07208251953125,1004.2421875,-411.1199951171875,-415.631591796875,-105.00860595703125,-25.24609375,-660.3359375,-1130.1595458984375,-239.37588500976562,-146.9775390625,-51.651611328125,804.1919555664062,123.646484375,1037.2314453125,-80.5888671875,-320.7840576171875,-20.52166748046875,20.946598052978516,22.236125946044922,8.880298614501953,37.114906311035156,39.37256622314453,80.28559875488281,20.946598052978516,22.236125946044922,8.880298614501953,37.114906311035156,39.37256622314453,80.28559875488281,4196.712994390759,3838.417024594013,8035.1300189847725,358.29596979674625
9.569621365997591,21.14748069143066,22.447257383966246,11.953612845673518,37.96526054590569,39.20291742641314,80.4476629361422,393.74365234375,254.54345703125,693.5528564453125,-334.8974609375,-509.5679931640625,-25.47607421875,-1021.48828125,-30.33544921875,-789.03564453125,-297.215576171875,-142.6572265625,-269.48974609375,-217.1513671875,-17.472076416015625,996.498046875,-401.52001953125,-420.431640625,-101.1365966796875,-25.24609375,-667.5360107421875,-1137.9034423828125,-244.1759033203125,-142.1767578125,-47.779541015625,804.1919555664062,126.0458984375,1033.359375,-87.7890625,-320.7840576171875,-12.77764892578125,20.806018829345703,22.473194122314453,8.705066680908203,37.03295135498047,39.31782531738281,80.32398986816406,20.806018829345703,22.473194122314453,8.705066680908203,37.03295135498047,39.31782531738281,80.32398986816406,4184.402788120353,3844.4401863716266,8028.8429744919795,339.96260174872623
9.602049958997668,21.000367782272903,22.784810126582286,11.86440677966101,37.88254755996692,39.20291742641314,80.4476629361422,396.1435546875,244.943359375,689.6807861328125,-330.09765625,-514.3679809570312,-21.60400390625,-1026.288330078125,-37.53515625,-785.16357421875,-297.215576171875,-145.05712890625,-269.48974609375,-214.751953125,-15.07208251953125,1004.2421875,-401.52001953125,-418.0316162109375,-97.26458740234375,-25.24609375,-672.3359375,-1141.7755126953125,-246.57589721679688,-146.9775390625,-47.779541015625,804.1919555664062,121.24609375,1033.359375,-80.5888671875,-323.18408203125,-16.649658203125,20.765775680541992,22.688289642333984,8.512805938720703,37.023128509521484,39.31488037109375,80.28661346435547,20.765775680541992,22.688289642333984,8.512805938720703,37.023128509521484,39.31488037109375,80.28661346435547,4190.187241090154,3852.511224417057,8042.698465507211,337.67601667309737
9.635800700998516,20.853254873115105,23.122362869198312,11.596788581623542,37.799834574028125,39.20291742641314,80.4476629361422,396.1435546875,249.74365234375,689.6807861328125,-337.2978515625,-509.5679931640625,-29.34814453125,-1021.48828125,-37.53515625,-796.779296875,-292.41552734375,-149.85693359375,-281.105712890625,-217.1513671875,-15.07208251953125,1000.3701171875,-401.52001953125,-415.631591796875,-105.00860595703125,-22.8466796875,-674.7359619140625,-1137.9034423828125,-241.77590942382812,-146.9775390625,-47.779541015625,799.3919677734375,133.24609375,1025.615478515625,-78.189453125,-320.7840576171875,2.710357666015625,20.614280700683594,22.862781524658203,8.587867736816406,36.91687774658203,39.30427551269531,80.26011657714844,20.614280700683594,22.862781524658203,8.587867736816406,36.91687774658203,39.30427551269531,80.26011657714844,4197.665769684376,3834.7691114733802,8032.4348811577565,362.8966582109956
9.673328212000342,20.779698418536213,23.375527426160332,11.418376449598583,37.799834574028125,39.20291742641314,80.4476629361422,398.543701171875,252.1435546875,689.6807861328125,-332.4970703125,-514.3679809570312,-25.47607421875,-1023.88818359375,-27.93505859375,-796.779296875,-297.215576171875,-145.05712890625,-277.233642578125,-214.751953125,-15.07208251953125,996.498046875,-401.52001953125,-418.0316162109375,-108.880615234375,-20.4462890625,-669.9359130859375,-1130.1595458984375,-236.97589111328125,-144.5771484375,-51.651611328125,806.5919799804688,126.0458984375,1037.2314453125,-85.3896484375,-320.7840576171875,-8.905670166015625,20.613466262817383,22.957195281982422,8.455883026123047,36.873085021972656,39.28676223754883,80.26010131835938,20.613466262817383,22.957195281982422,8.455883026123047,36.873085021972656,39.28676223754883,80.26010131835938,4197.238254392422,3838.1344637785664,8035.372718170989,359.10379061385584
9.704554216998076,20.779698418536213,23.459915611814353,11.418376449598583,37.799834574028125,39.20291742641314,80.4476629361422,393.74365234375,254.54345703125,689.6807861328125,-332.4970703125,-509.5679931640625,-37.091796875,-1021.48828125,-35.13525390625,-800.6513671875,-292.41552734375,-142.6572265625,-273.36181640625,-217.1513671875,-15.07208251953125,1000.3701171875,-403.9200134277344,-413.231689453125,-101.1365966796875,-25.24609375,-667.5360107421875,-1134.0316162109375,-241.77590942382812,-149.376953125,-47.779541015625,804.1919555664062,121.24609375,1033.359375,-78.189453125,-318.3840637207031,-8.905670166015625,20.436248779296875,22.98428726196289,8.564590454101562,36.819488525390625,39.25223922729492,80.33163452148438,20.436248779296875,22.98428726196289,8.564590454101562,36.819488525390625,39.25223922729492,80.33163452148438,4190.621508145326,3833.9567818295295,8024.578289974856,356.6647263157961
9.743785475999175,20.779698418536213,23.459915611814353,11.329170383586074,37.71712158808933,39.20291742641314,80.4476629361422,391.343505859375,252.1435546875,685.8089599609375,-327.697265625,-514.3679809570312,-21.60400390625,-1028.688232421875,-30.33544921875,-792.90771484375,-299.615478515625,-145.05712890625,-273.36181640625,-219.5517578125,-17.472076416015625,1000.3701171875,-403.9200134277344,-418.0316162109375,-101.1365966796875,-27.646484375,-672.3359375,-1137.9034423828125,-244.1759033203125,-144.5771484375,-40.03564453125,799.3919677734375,123.646484375,1041.103515625,-82.9892578125,-320.7840576171875,-20.52166748046875,20.431808471679688,23.49930191040039,8.116485595703125,36.762107849121094,39.2938232421875,80.28472900390625,20.431808471679688,23.49930191040039,8.116485595703125,36.762107849121094,39.2938232421875,80.28472900390625,4193.389949698921,3848.974668850831,8042.364618549752,344.4152808480894
9.768140514999686,20.779698418536213,23.459915611814353,11.329170383586074,37.63440860215056,39.20291742641314,80.4476629361422,396.1435546875,252.1435546875,685.8089599609375,-330.09765625,-507.1679992675781,-29.34814453125,-1021.48828125,-35.13525390625,-796.779296875,-294.8154296875,-142.6572265625,-277.233642578125,-219.5517578125,-17.472076416015625,1000.3701171875,-403.9200134277344,-420.431640625,-105.00860595703125,-20.4462890625,-672.3359375,-1137.9034423828125,-244.1759033203125,-142.1767578125,-47.779541015625,801.7919921875,128.4462890625,1033.359375,-80.5888671875,-323.18408203125,-5.033660888671875,20.376853942871094,23.502361297607422,8.035820007324219,36.69786834716797,39.29351806640625,80.33341217041016,20.376853942871094,23.502361297607422,8.035820007324219,36.69786834716797,39.29351806640625,80.33341217041016,4186.4043161298005,3848.16155907384,8034.565875203641,338.2427570559603
9.805685718998575,20.63258550937846,23.628691983122366,11.239964317573595,37.63440860215056,39.20291742641314,80.4476629361422,396.1435546875,254.54345703125,693.5528564453125,-325.2978515625,-511.968017578125,-21.60400390625,-1028.688232421875,-42.33544921875,-800.6513671875,-292.41552734375,-140.25732421875,-269.48974609375,-212.3515625,-15.07208251953125,1004.2421875,-401.52001953125,-418.0316162109375,-108.880615234375,-20.4462890625,-674.7359619140625,-1130.1595458984375,-244.1759033203125,-139.77734375,-51.651611328125,806.5919799804688,123.646484375,1037.2314453125,-87.7890625,-320.7840576171875,-5.033660888671875,20.205368041992188,23.707111358642578,8.03946304321289,36.604190826416016,39.24577331542969,80.31129455566406,20.205368041992188,23.707111358642578,8.03946304321289,36.604190826416016,39.24577331542969,80.31129455566406,4197.714894444221,3844.598784587646,8042.313679031867,353.11610985657444
9.842067327997938,20.41191614564177,24.0506329113924,11.061552185548607,37.46898263027296,39.20291742641314,80.4476629361422,400.943603515625,256.943359375,685.8089599609375,-325.2978515625,-507.1679992675781,-25.47607421875,-1031.08837890625,-44.7353515625,-796.779296875,-299.615478515625,-137.85693359375,-281.105712890625,-212.3515625,-12.67205810546875,1004.2421875,-401.52001953125,-425.231689453125,-108.880615234375,-25.24609375,-677.135986328125,-1141.7755126953125,-244.1759033203125,-142.1767578125,-51.651611328125,806.5919799804688,118.8466796875,1033.359375,-80.5888671875,-320.7840576171875,-5.033660888671875,20.24936294555664,23.782878875732422,7.877349853515625,36.57245635986328,39.25680160522461,80.33013153076172,20.24936294555664,23.782878875732422,7.877349853515625,36.57245635986328,39.25680160522461,80.33013153076172,4201.715549009726,3856.8844154093063,8058.599964419032,344.83113360041943
9.88133724599902,20.338359691062905,24.303797468354432,10.883140053523647,37.303556658395365,39.25501432664757,80.3818301514154,381.74365234375,237.74365234375,674.1929931640625,-354.09765625,-507.1679992675781,-56.4521484375,-1014.288330078125,-18.33544921875,-781.29150390625,-290.015625,-154.6572265625,-257.873779296875,-241.1513671875,-15.07208251953125,984.8818359375,-399.1199951171875,-415.631591796875,-97.26458740234375,-34.8466796875,-669.9359130859375,-1134.0316162109375,-246.57589721679688,-137.376953125,-55.523681640625,806.5919799804688,118.8466796875,1029.487548828125,-78.189453125,-320.7840576171875,-8.905670166015625,20.124927520751953,23.980777740478516,7.725749969482422,36.506874084472656,39.23201370239258,80.32057189941406,20.124927520751953,23.980777740478516,7.725749969482422,36.506874084472656,39.23201370239258,80.32057189941406,4143.838871381553,3833.1730478505324,7977.011919232085,310.6658235310206
9.906665569000324,20.338359691062905,24.303797468354432,10.793933987511167,37.303556658395365,39.20291742641314,80.3818301514154,398.543701171875,254.54345703125,689.6807861328125,-330.09765625,-514.3679809570312,-17.73193359375,-1026.288330078125,-42.33544921875,-796.779296875,-299.615478515625,-130.6572265625,-273.36181640625,-209.9521484375,-12.67205810546875,1000.3701171875,-399.1199951171875,-420.431640625,-101.1365966796875,-20.4462890625,-674.7359619140625,-1137.9034423828125,-248.97589111328125,-146.9775390625,-51.651611328125,806.5919799804688,126.0458984375,1033.359375,-78.189453125,-325.58404541015625,-5.033660888671875,20.12860107421875,24.04757308959961,7.631931304931641,36.46415328979492,39.21366882324219,80.39685821533203,20.12860107421875,24.04757308959961,7.631931304931641,36.46415328979492,39.21366882324219,80.39685821533203,4195.989015136622,3857.0414706545434,8053.030485791165,338.94754448207823
9.936197113998787,20.338359691062905,24.38818565400844,10.5263157894737,37.303556658395365,39.20291742641314,80.3818301514154,393.74365234375,259.34326171875,693.5528564453125,-318.09765625,-504.76800537109375,-21.60400390625,-1026.288330078125,-39.93505859375,-800.6513671875,-297.215576171875,-128.25732421875,-273.36181640625,-207.5517578125,-15.07208251953125,1004.2421875,-401.52001953125,-418.0316162109375,-105.00860595703125,-22.8466796875,-674.7359619140625,-1141.7755126953125,-246.57589721679688,-146.9775390625,-51.651611328125,811.3919677734375,123.646484375,1037.2314453125,-78.189453125,-325.58404541015625,-1.161651611328125,20.089282989501953,24.170642852783203,7.6136016845703125,36.38096618652344,39.2320556640625,80.3779525756836,20.089282989501953,24.170642852783203,7.6136016845703125,36.38096618652344,39.2320556640625,80.3779525756836,4187.200292953421,3864.6980805235426,8051.898373476964,322.50221242987845
9.972758088999399,20.41191614564177,24.38818565400844,10.437109723461191,37.303556658395365,39.20291742641314,80.3818301514154,396.1435546875,256.943359375,681.9368896484375,-318.09765625,-509.5679931640625,-17.73193359375,-1021.48828125,-35.13525390625,-789.03564453125,-294.8154296875,-130.6572265625,-265.61767578125,-214.751953125,-15.07208251953125,996.498046875,-399.1199951171875,-420.431640625,-97.26458740234375,-20.4462890625,-674.7359619140625,-1137.9034423828125,-246.57589721679688,-142.1767578125,-47.779541015625,806.5919799804688,121.24609375,1025.615478515625,-73.3896484375,-325.58404541015625,-1.161651611328125,19.998682022094727,24.400447845458984,7.486743927001953,36.30059814453125,39.20823669433594,80.38887786865234,19.998682022094727,24.400447845458984,7.486743927001953,36.30059814453125,39.20823669433594,80.38887786865234,4158.903634369733,3843.656474632931,8002.560109002663,315.2471597368017
10.006280695997702,20.41191614564177,24.55696202531645,10.347903657448711,37.303556658395365,39.20291742641314,80.3818301514154,396.1435546875,254.54345703125,681.9368896484375,-310.8974609375,-507.1679992675781,-13.85986328125,-1021.48828125,-44.7353515625,-792.90771484375,-294.8154296875,-121.05712890625,-277.233642578125,-205.1513671875,-12.67205810546875,1000.3701171875,-396.7200012207031,-422.8316650390625,-101.1365966796875,-25.24609375,-679.5360107421875,-1134.0316162109375,-244.1759033203125,-146.9775390625,-55.523681640625,808.991943359375,130.8466796875,1033.359375,-87.7890625,-320.7840576171875,-1.161651611328125,19.96100425720215,24.390064239501953,7.478664398193359,36.261714935302734,39.225738525390625,80.38268280029297,19.96100425720215,24.390064239501953,7.478664398193359,36.261714935302734,39.225738525390625,80.38268280029297,4161.310015834557,3852.6526360483404,8013.962651882897,308.65737978621655
10.03562406799756,20.191246781905107,24.810126582278485,10.169491525423723,37.303556658395365,39.20291742641314,80.3818301514154,396.1435546875,256.943359375,689.6807861328125,-313.2978515625,-507.1679992675781,-9.98779296875,-1026.288330078125,-42.33544921875,-804.5234375,-294.8154296875,-125.85693359375,-273.36181640625,-205.1513671875,-12.67205810546875,1000.3701171875,-394.32000732421875,-422.8316650390625,-97.26458740234375,-18.0458984375,-674.7359619140625,-1145.6475830078125,-248.97589111328125,-149.376953125,-51.651611328125,808.991943359375,128.4462890625,1033.359375,-80.5888671875,-325.58404541015625,10.454345703125,19.90216827392578,24.488544464111328,7.450897216796875,36.213932037353516,39.18522262573242,80.3922119140625,19.90216827392578,24.488544464111328,7.450897216796875,36.213932037353516,39.18522262573242,80.3922119140625,4179.329424662393,3865.104300527354,8044.433725189747,314.22512413503864
10.07018363699899,20.044133872747324,24.978902953586484,10.080285459411243,37.1381306865178,39.25501432664757,80.3159973666886,398.543701171875,256.943359375,681.9368896484375,-308.4970703125,-511.968017578125,-17.73193359375,-1023.88818359375,-35.13525390625,-792.90771484375,-292.41552734375,-125.85693359375,-277.233642578125,-209.9521484375,-15.07208251953125,996.498046875,-394.32000732421875,-422.8316650390625,-97.26458740234375,-25.24609375,-686.7359619140625,-1157.2635498046875,-248.97589111328125,-144.5771484375,-43.90771484375,806.5919799804688,126.0458984375,1025.615478515625,-85.3896484375,-325.58404541015625,6.58233642578125,19.86089324951172,24.634197235107422,7.4043731689453125,36.13618469238281,39.25160217285156,80.40322875976562,19.86089324951172,24.634197235107422,7.4043731689453125,36.13618469238281,39.25160217285156,80.40322875976562,4164.709118745025,3870.9718356501216,8035.680954395147,293.73728309490343
10.108222377999482,19.970577418168432,25.063291139240505,9.901873327386255,36.8899917287014,39.20291742641314,80.3159973666886,398.543701171875,252.1435546875,681.9368896484375,-315.697265625,-514.3679809570312,-21.60400390625,-1021.48828125,-39.93505859375,-796.779296875,-297.215576171875,-125.85693359375,-281.105712890625,-214.751953125,-12.67205810546875,1000.3701171875,-396.7200012207031,-422.8316650390625,-101.1365966796875,-10.8466796875,-684.3359375,-1137.9034423828125,-246.57589721679688,-146.9775390625,-51.651611328125,808.991943359375,133.24609375,1021.7434692382812,-70.9892578125,-327.98406982421875,6.58233642578125,19.87452507019043,24.663150787353516,7.244579315185547,36.131126403808594,39.21086120605469,80.40557861328125,19.87452507019043,24.663150787353516,7.244579315185547,36.131126403808594,39.21086120605469,80.40557861328125,4180.396979757021,3853.778453669465,8034.175433426486,326.6185260875559
10.189976385998307,19.89702096358957,25.063291139240505,9.901873327386255,36.807278742762605,39.20291742641314,80.3159973666886,400.943603515625,249.74365234375,685.8089599609375,-310.8974609375,-511.968017578125,-13.85986328125,-1023.88818359375,-42.33544921875,-796.779296875,-299.615478515625,-123.45703125,-281.105712890625,-202.751953125,-19.8720703125,1008.1142578125,-399.1199951171875,-420.431640625,-108.880615234375,-27.646484375,-684.3359375,-1145.6475830078125,-253.77590942382812,-144.5771484375,-51.651611328125,808.991943359375,118.8466796875,1029.487548828125,-87.7890625,-332.7840576171875,6.58233642578125,21.073009490966797,25.181171417236328,6.3737030029296875,37.687767028808594,41.76897430419922,79.11186218261719,21.073009490966797,25.181171417236328,6.3737030029296875,37.687767028808594,41.76897430419922,79.11186218261719,4187.432578736186,3880.1382914081505,8067.570870144336,307.29428732803535
10.203590236997115,19.970577418168432,25.063291139240505,9.901873327386255,36.807278742762605,39.20291742641314,80.3159973666886,396.1435546875,252.1435546875,689.6807861328125,-315.697265625,-509.5679931640625,-17.73193359375,-1019.08837890625,-39.93505859375,-789.03564453125,-292.41552734375,-123.45703125,-277.233642578125,-202.751953125,-17.472076416015625,996.498046875,-396.7200012207031,-422.8316650390625,-101.1365966796875,-20.4462890625,-681.9359130859375,-1145.6475830078125,-246.57589721679688,-146.9775390625,-55.523681640625,808.991943359375,126.0458984375,1025.615478515625,-82.9892578125,-330.3840637207031,14.32635498046875,21.074554443359375,25.251598358154297,6.387840270996094,37.64879608154297,41.80618667602539,79.15628814697266,21.074554443359375,25.251598358154297,6.387840270996094,37.64879608154297,41.80618667602539,79.15628814697266,4162.026456183191,3867.6313751180232,8029.657831301214,294.3950810651677
10.240345228998194,19.970577418168432,25.063291139240505,9.901873327386255,36.807278742762605,39.20291742641314,80.3159973666886,398.543701171875,256.943359375,681.9368896484375,-315.697265625,-507.1679992675781,-21.60400390625,-1021.48828125,-37.53515625,-800.6513671875,-294.8154296875,-128.25732421875,-273.36181640625,-200.3515625,-15.07208251953125,996.498046875,-399.1199951171875,-425.231689453125,-101.1365966796875,-22.8466796875,-681.9359130859375,-1153.3914794921875,-244.1759033203125,-144.5771484375,-59.395751953125,813.7919921875,126.0458984375,1033.359375,-82.9892578125,-325.58404541015625,6.58233642578125,21.036865234375,25.192623138427734,6.5516204833984375,37.64214324951172,41.7451057434082,79.20904541015625,21.036865234375,25.192623138427734,6.5516204833984375,37.64214324951172,41.7451057434082,79.20904541015625,4165.367179172279,3879.332979139953,8044.700158312232,286.0342000323262
10.267788903998735,20.191246781905107,25.569620253164558,9.36663693131132,37.1381306865178,39.67178952852305,79.92100065832784,398.543701171875,266.54345703125,681.9368896484375,-315.697265625,-504.76800537109375,-21.60400390625,-1028.688232421875,-44.7353515625,-800.6513671875,-290.015625,-128.25732421875,-281.105712890625,-197.9521484375,-12.67205810546875,1000.3701171875,-394.32000732421875,-415.631591796875,-101.1365966796875,-15.646484375,-677.135986328125,-1141.7755126953125,-248.97589111328125,-146.9775390625,-55.523681640625,813.7919921875,126.0458984375,1021.7434692382812,-80.5888671875,-327.98406982421875,2.710357666015625,20.944091796875,25.258052825927734,6.542797088623047,37.63074493408203,41.7272834777832,79.29574584960938,20.944091796875,25.258052825927734,6.542797088623047,37.63074493408203,41.7272834777832,79.29574584960938,4177.303761918855,3853.7817737621117,8031.085535680967,323.52198815674365
10.305389582998032,20.338359691062905,25.73839662447257,9.099018733273851,37.38626964433416,40.55743683250847,79.65766951942066,348.1435546875,165.74365234375,558.0328369140625,-248.4970703125,-432.76800537109375,-83.55615234375,-829.48828125,-157.53515625,-661.25927734375,-268.41552734375,3.74267578125,-323.69775390625,-137.9521484375,-17.472076416015625,857.10595703125,-391.9200134277344,-420.431640625,-108.880615234375,-10.8466796875,-679.5360107421875,-1149.5196533203125,-253.77590942382812,-156.5771484375,-55.523681640625,808.991943359375,126.0458984375,1021.7434692382812,-68.5888671875,-330.3840637207031,14.32635498046875,20.95685577392578,25.287906646728516,6.572639465332031,37.614315032958984,41.7958984375,79.351806640625,20.95685577392578,25.287906646728516,6.572639465332031,37.614315032958984,41.7958984375,79.351806640625,3545.5528865163615,3870.7595370743597,7416.312423590722,-325.2066505579983
10.336861039999349,20.41191614564177,25.822784810126592,9.099018733273851,37.38626964433416,40.92211513414952,79.65766951942066,348.1435546875,168.1435546875,550.2889404296875,-229.2978515625,-420.76800537109375,-118.40380859375,-819.88818359375,-186.33544921875,-641.8994140625,-261.215576171875,6.14306640625,-327.56982421875,-121.1513671875,-12.67205810546875,845.490234375,-394.32000732421875,-427.631591796875,-101.1365966796875,-18.0458984375,-681.9359130859375,-1153.3914794921875,-253.77590942382812,-137.376953125,-43.90771484375,808.991943359375,118.8466796875,1033.359375,-82.9892578125,-327.98406982421875,6.58233642578125,20.924564361572266,25.30556869506836,6.665798187255859,37.59507751464844,41.79012680053711,79.40064239501953,20.924564361572266,25.30556869506836,6.665798187255859,37.59507751464844,41.79012680053711,79.40064239501953,3497.1795809343735,3878.452808430242,7375.632389364615,-381.27322749586847
10.368791501998203,20.41191614564177,25.822784810126592,9.099018733273851,37.46898263027296,41.130502735087276,79.59183673469387,345.74365234375,158.54345703125,542.5447998046875,-231.697265625,-423.1679992675781,-118.40380859375,-817.48828125,-195.93505859375,-638.02734375,-261.215576171875,6.14306640625,-331.441650390625,-128.3515625,-19.8720703125,849.36181640625,-396.7200012207031,-422.8316650390625,-101.1365966796875,-10.8466796875,-679.5360107421875,-1153.3914794921875,-251.37588500976562,-151.77734375,-55.523681640625,816.1919555664062,126.0458984375,1029.487548828125,-73.3896484375,-325.58404541015625,2.710357666015625,20.892284393310547,25.335887908935547,6.679470062255859,37.550254821777344,41.81473159790039,79.47734069824219,20.892284393310547,25.335887908935547,6.679470062255859,37.550254821777344,41.81473159790039,79.47734069824219,3495.986744583348,3879.7108448974727,7375.69758948082,-383.7241003141248
10.403817076999985,20.41191614564177,25.822784810126592,9.099018733273851,37.46898263027296,41.28679343579057,79.59183673469387,336.1435546875,153.74365234375,527.0567626953125,-234.09765625,-411.1679992675781,-126.14794921875,-803.08837890625,-200.7353515625,-626.41162109375,-256.41552734375,15.74267578125,-339.185791015625,-121.1513671875,-15.07208251953125,837.74609375,-396.7200012207031,-420.431640625,-101.1365966796875,-10.8466796875,-684.3359375,-1161.1356201171875,-251.37588500976562,-149.376953125,-55.523681640625,808.991943359375,126.0458984375,1029.487548828125,-73.3896484375,-330.3840637207031,-1.161651611328125,20.872255325317383,25.406620025634766,6.788242340087891,37.508033752441406,41.77235794067383,79.55723571777344,20.872255325317383,25.406620025634766,6.788242340087891,37.508033752441406,41.77235794067383,79.55723571777344,3443.6013170043657,3886.1202745423843,7329.72159154675,-442.51895753801864
10.436643977998756,20.41191614564177,25.822784810126592,9.099018733273851,37.46898263027296,41.390987236259434,79.59183673469387,333.74365234375,151.34326171875,530.9288330078125,-226.8974609375,-411.1679992675781,-137.76416015625,-798.288330078125,-207.93505859375,-622.53955078125,-251.615478515625,15.74267578125,-343.0576171875,-121.1513671875,-19.8720703125,830.001953125,-394.32000732421875,-420.431640625,-108.880615234375,-8.4462890625,-684.3359375,-1149.5196533203125,-248.97589111328125,-151.77734375,-55.523681640625,811.3919677734375,128.4462890625,1025.615478515625,-68.5888671875,-330.3840637207031,6.58233642578125,20.856098175048828,25.455867767333984,6.754764556884766,37.501609802246094,41.793678283691406,79.58648681640625,20.856098175048828,25.455867767333984,6.754764556884766,37.501609802246094,41.793678283691406,79.58648681640625,3432.7564122227627,3872.811870176515,7305.568282399277,-440.05545795375247
10.469857173997298,20.41191614564177,25.822784810126592,9.099018733273851,37.46898263027296,41.443084136493866,79.59183673469387,343.343505859375,148.943359375,527.0567626953125,-222.09765625,-411.1679992675781,-133.89208984375,-800.688232421875,-212.7353515625,-622.53955078125,-256.41552734375,22.94287109375,-335.313720703125,-118.751953125,-22.272064208984375,826.1298828125,-396.7200012207031,-420.431640625,-108.880615234375,-6.0458984375,-681.9359130859375,-1149.5196533203125,-253.77590942382812,-149.376953125,-51.651611328125,811.3919677734375,128.4462890625,1029.487548828125,-73.3896484375,-330.3840637207031,14.32635498046875,20.883012771606445,25.609447479248047,6.651130676269531,37.46931457519531,41.797386169433594,79.553466796875,20.883012771606445,25.609447479248047,6.651130676269531,37.46931457519531,41.797386169433594,79.553466796875,3426.4981743615117,3879.601038311685,7306.099212673196,-453.1028639501733
10.503276878000179,20.41191614564177,25.822784810126592,9.099018733273851,37.46898263027296,41.443084136493866,79.59183673469387,336.1435546875,148.943359375,527.0567626953125,-226.8974609375,-411.1679992675781,-137.76416015625,-795.88818359375,-212.7353515625,-618.66748046875,-254.015625,25.3427734375,-339.185791015625,-118.751953125,-17.472076416015625,833.8740234375,-396.7200012207031,-422.8316650390625,-105.00860595703125,-8.4462890625,-679.5360107421875,-1157.2635498046875,-251.37588500976562,-146.9775390625,-55.523681640625,811.3919677734375,128.4462890625,1029.487548828125,-73.3896484375,-325.58404541015625,6.58233642578125,20.875568389892578,25.646221160888672,6.6670074462890625,37.46021270751953,41.81918716430664,79.47706604003906,20.875568389892578,25.646221160888672,6.6670074462890625,37.46021270751953,41.81918716430664,79.47706604003906,3429.279930146383,3878.6227032720544,7307.902633418437,-449.34277312567156
10.5383598849985,20.41191614564177,25.822784810126592,9.099018733273851,37.46898263027296,41.443084136493866,79.59183673469387,338.543701171875,151.34326171875,530.9288330078125,-224.4970703125,-411.1679992675781,-133.89208984375,-798.288330078125,-205.53515625,-618.66748046875,-256.41552734375,20.54296875,-343.0576171875,-116.3515625,-19.8720703125,833.8740234375,-391.9200134277344,-425.231689453125,-108.880615234375,-10.8466796875,-681.9359130859375,-1153.3914794921875,-248.97589111328125,-149.376953125,-55.523681640625,808.991943359375,133.24609375,1033.359375,-75.7890625,-330.3840637207031,6.58233642578125,20.837627410888672,25.774517059326172,6.7386932373046875,37.40711975097656,41.839439392089844,79.18289184570312,20.837627410888672,25.774517059326172,6.7386932373046875,37.40711975097656,41.839439392089844,79.18289184570312,3436.468743721734,3882.1548240909433,7318.623567812678,-445.6860803692093
10.571200867998414,20.41191614564177,25.822784810126592,9.099018733273851,37.46898263027296,41.443084136493866,79.59183673469387,340.943603515625,153.74365234375,523.1849365234375,-222.09765625,-411.1679992675781,-133.89208984375,-795.88818359375,-207.93505859375,-622.53955078125,-256.41552734375,25.3427734375,-343.0576171875,-121.1513671875,-17.472076416015625,826.1298828125,-389.52001953125,-420.431640625,-101.1365966796875,-8.4462890625,-684.3359375,-1153.3914794921875,-246.57589721679688,-149.376953125,-55.523681640625,811.3919677734375,130.8466796875,1029.487548828125,-70.9892578125,-327.98406982421875,10.454345703125,20.874610900878906,25.89400863647461,6.638782501220703,37.375953674316406,41.8326530456543,76.13603210449219,20.874610900878906,25.89400863647461,6.638782501220703,37.375953674316406,41.8326530456543,76.13603210449219,3425.0493979635576,3869.799394617782,7294.84879258134,-444.74999665422456
10.608806644999277,20.41191614564177,25.99156118143459,9.099018733273851,37.46898263027296,41.495181036728326,79.52600394996708,336.1435546875,151.34326171875,523.1849365234375,-224.4970703125,-411.1679992675781,-126.14794921875,-793.48828125,-207.93505859375,-618.66748046875,-256.41552734375,22.94287109375,-339.185791015625,-118.751953125,-22.272064208984375,822.2578125,-391.9200134277344,-418.0316162109375,-105.00860595703125,-10.8466796875,-684.3359375,-1153.3914794921875,-251.37588500976562,-149.376953125,-51.651611328125,813.7919921875,130.8466796875,1033.359375,-73.3896484375,-327.98406982421875,10.454345703125,20.695419311523438,25.885555267333984,6.735954284667969,37.394309997558594,41.739559173583984,72.34011840820312,20.695419311523438,25.885555267333984,6.735954284667969,37.394309997558594,41.739559173583984,74.32850559578671,3409.501960581393,3878.7493093449484,7288.251269926342,-469.24734876355524
10.647646912999335,20.41191614564177,26.160337552742604,9.009812667261372,37.46898263027296,41.495181036728326,78.93350888742594,340.943603515625,153.74365234375,530.9288330078125,-226.8974609375,-411.1679992675781,-118.40380859375,-791.08837890625,-215.13525390625,-610.92333984375,-251.615478515625,25.3427734375,-346.9296875,-106.751953125,-15.07208251953125,826.1298828125,-394.32000732421875,-422.8316650390625,-101.1365966796875,-8.4462890625,-684.3359375,-1153.3914794921875,-256.1759033203125,-149.376953125,-47.779541015625,808.991943359375,128.4462890625,1033.359375,-70.9892578125,-327.98406982421875,14.32635498046875,20.720077514648438,25.92892837524414,6.658939361572266,37.419921875,41.789363861083984,71.5633544921875,20.720077514648438,25.92892837524414,6.658939361572266,37.419921875,41.789363861083984,73.275181040158,3418.615476534109,3882.989755596903,7301.605232131012,-464.3742790627939
10.67343081999934,20.41191614564177,26.160337552742604,8.831400535236384,37.46898263027296,41.495181036728326,77.48518762343647,333.74365234375,153.74365234375,527.0567626953125,-226.8974609375,-411.1679992675781,-130.02001953125,-788.688232421875,-217.53515625,-622.53955078125,-249.215576171875,27.74267578125,-335.313720703125,-118.751953125,-15.07208251953125,830.001953125,-394.32000732421875,-420.431640625,-101.1365966796875,-8.4462890625,-677.135986328125,-1161.1356201171875,-253.77590942382812,-149.376953125,-51.651611328125,813.7919921875,135.646484375,1033.359375,-75.7890625,-330.3840637207031,14.32635498046875,20.651897430419922,25.929584503173828,6.810356140136719,37.39411926269531,41.80085372924805,68.92967224121094,20.651897430419922,25.929584503173828,6.810356140136719,37.39411926269531,41.80085372924805,71.95852534562212,3415.1419740612246,3889.9412007107003,7305.083174771925,-474.7992266494757
10.713613820000319,20.41191614564177,26.244725738396625,8.742194469223904,37.46898263027296,41.495181036728326,75.90520078999342,328.943603515625,136.943359375,503.8248291015625,-195.697265625,-406.36798095703125,-130.02001953125,-762.288330078125,-241.53515625,-595.435546875,-230.015625,70.94287109375,-343.0576171875,-101.9521484375,-19.8720703125,814.51416015625,-394.32000732421875,-422.8316650390625,-105.00860595703125,-6.0458984375,-686.7359619140625,-1161.1356201171875,-258.5758972167969,-146.9775390625,-47.779541015625,818.5919799804688,130.8466796875,1029.487548828125,-73.3896484375,-330.3840637207031,14.32635498046875,20.573001861572266,25.919780731201172,6.837684631347656,37.357505798339844,41.726165771484375,66.5008773803711,20.573001861572266,25.919780731201172,6.837684631347656,37.357505798339844,41.726165771484375,70.04937458854509,3323.6583781283625,3898.398161305068,7222.05653943343,-574.7397831767053
10.749891493000177,20.41191614564177,26.244725738396625,8.742194469223904,37.46898263027296,41.495181036728326,74.45687952600395,324.1435546875,124.943359375,499.9527587890625,-183.697265625,-406.36798095703125,-145.5078125,-750.288330078125,-243.93505859375,-591.5634765625,-227.615478515625,82.94287109375,-343.0576171875,-92.3515625,-15.07208251953125,814.51416015625,-387.1199951171875,-430.0316162109375,-108.880615234375,-3.646484375,-691.5360107421875,-1165.0074462890625,-256.1759033203125,-146.9775390625,-51.651611328125,816.1919555664062,130.8466796875,1029.487548828125,-75.7890625,-330.3840637207031,14.32635498046875,20.43568229675293,25.858463287353516,7.07086181640625,37.403175354003906,41.54210662841797,60.49355697631836,20.43568229675293,25.858463287353516,7.07086181640625,37.403175354003906,41.54210662841797,68.79855167873602,3303.8326313309226,3902.9365596524412,7206.769190983364,-599.1039283215187
10.776920421998511,20.41191614564177,26.244725738396625,8.742194469223904,37.46898263027296,41.54727793696276,73.27188940092167,333.74365234375,124.943359375,492.2088623046875,-181.2978515625,-401.5679931640625,-133.89208984375,-747.88818359375,-253.53515625,-595.435546875,-227.615478515625,90.14306640625,-346.9296875,-92.3515625,-24.67205810546875,818.38623046875,-391.9200134277344,-425.231689453125,-108.880615234375,-3.646484375,-686.7359619140625,-1168.8795166015625,-251.37588500976562,-151.77734375,-47.779541015625,811.3919677734375,135.646484375,1037.2314453125,-78.189453125,-330.3840637207031,18.198333740234375,20.384288787841797,25.85036849975586,7.129493713378906,37.355308532714844,41.60062026977539,59.60083770751953,20.384288787841797,25.85036849975586,7.129493713378906,37.355308532714844,41.60062026977539,67.6793943383805,3305.7451185116192,3905.5080983575986,7211.253216869218,-599.7629798459793
10.815464302999317,20.41191614564177,26.244725738396625,8.742194469223904,37.46898263027296,41.54727793696276,71.7577353522054,324.1435546875,120.1435546875,484.4649658203125,-162.09765625,-396.76800537109375,-133.89208984375,-728.688232421875,-272.7353515625,-583.8193359375,-215.615478515625,114.14306640625,-346.9296875,-80.3515625,-27.07208251953125,799.02587890625,-391.9200134277344,-425.231689453125,-105.00860595703125,1.1533203125,-684.3359375,-1165.0074462890625,-258.5758972167969,-146.9775390625,-43.90771484375,818.5919799804688,135.646484375,1033.359375,-70.9892578125,-332.7840576171875,14.32635498046875,20.302520751953125,25.755939483642578,7.299171447753906,37.327354431152344,41.47734832763672,56.3481330871582,20.302520751953125,25.755939483642578,7.299171447753906,37.327354431152344,41.47734832763672,65.90190915075708,3244.5546792883993,3905.3717695050796,7149.926448793479,-660.8170902166803
10.847846995999134,20.41191614564177,26.244725738396625,8.742194469223904,37.46898263027296,41.54727793696276,70.24358130348914,355.343505859375,-170.25634765625,275.3768310546875,94.7021484375,-365.5679931640625,-478.5,-457.48828125,-438.33544921875,-270.1875,-93.215576171875,445.3427734375,-455.345703125,-8.3515625,-106.27207946777344,752.56201171875,-389.52001953125,-422.8316650390625,-101.1365966796875,-3.646484375,-686.7359619140625,-1168.8795166015625,-260.97589111328125,-146.9775390625,-47.779541015625,820.991943359375,130.8466796875,1025.615478515625,-68.5888671875,-332.7840576171875,14.32635498046875,20.21833038330078,25.693477630615234,7.353435516357422,37.251426696777344,41.397796630859375,50.37602996826172,20.21833038330078,25.693477630615234,7.353435516357422,37.251426696777344,41.397796630859375,64.65108624094799,3182.8567017808687,3903.0477588471354,7085.904460628004,-720.1910570662667
10.879594116999215,20.41191614564177,26.244725738396625,8.742194469223904,37.46898263027296,41.54727793696276,69.12442396313364,362.543701171875,-170.25634765625,286.9927978515625,97.1025390625,-358.36798095703125,-470.755859375,-462.288330078125,-435.93505859375,-270.1875,-88.41552734375,447.7431640625,-455.345703125,-1.1513671875,-103.8720703125,756.43408203125,-391.9200134277344,-430.0316162109375,-101.1365966796875,1.1533203125,-684.3359375,-1168.8795166015625,-260.97589111328125,-149.376953125,-47.779541015625,811.3919677734375,133.24609375,1029.487548828125,-70.9892578125,-335.18408203125,18.198333740234375,20.07782745361328,25.60403823852539,7.512905120849609,37.22596740722656,41.28208923339844,47.141563415527344,20.07782745361328,25.60403823852539,7.512905120849609,37.22596740722656,41.28208923339844,63.400263331138916,3190.9930019784315,3910.162813090591,7101.1558150690225,-719.1698111121596
10.911428772000363,20.41191614564177,26.244725738396625,8.742194469223904,37.46898263027296,41.54727793696276,67.61026991441737,352.943603515625,-172.65673828125,286.9927978515625,92.302734375,-365.5679931640625,-478.5,-459.88818359375,-443.13525390625,-274.0595703125,-83.615478515625,447.7431640625,-451.4736328125,-5.9521484375,-101.47207641601562,756.43408203125,-391.9200134277344,-427.631591796875,-105.00860595703125,3.5537109375,-684.3359375,-1172.7515869140625,-256.1759033203125,-149.376953125,-43.90771484375,816.1919555664062,140.4462890625,1029.487548828125,-73.3896484375,-332.7840576171875,18.198333740234375,20.027423858642578,25.532154083251953,7.5152435302734375,37.19855880737305,41.222740173339844,43.724952697753906,20.027423858642578,25.532154083251953,7.5152435302734375,37.19855880737305,41.222740173339844,62.017774851876226,3195.2804433417914,3909.617613262761,7104.898056604552,-714.3371699209697
10.951303494999593,20.41191614564177,26.244725738396625,8.742194469223904,37.46898263027296,41.54727793696276,66.03028308097433,355.343505859375,-170.25634765625,279.2489013671875,87.5029296875,-360.76800537109375,-470.755859375,-455.088134765625,-447.93505859375,-266.3154296875,-90.8154296875,454.94287109375,-455.345703125,-5.9521484375,-99.07208251953125,756.43408203125,-391.9200134277344,-427.631591796875,-108.880615234375,1.1533203125,-684.3359375,-1168.8795166015625,-258.5758972167969,-151.77734375,-51.651611328125,818.5919799804688,130.8466796875,1029.487548828125,-73.3896484375,-337.58404541015625,25.942352294921875,19.952373504638672,25.521907806396484,7.459140777587891,37.10350036621094,41.31732177734375,41.135658264160156,19.952373504638672,25.521907806396484,7.459140777587891,37.10350036621094,41.31732177734375,60.174456879526005,3187.2901885215206,3917.1148980340504,7104.405086555571,-729.8247095125298
10.976755406998564,20.338359691062905,26.244725738396625,8.742194469223904,37.46898263027296,41.443084136493866,64.71362738643845,355.343505859375,-165.45654296875,279.2489013671875,94.7021484375,-365.5679931640625,-474.6279296875,-457.48828125,-443.13525390625,-274.0595703125,-78.8154296875,457.3427734375,-451.4736328125,-3.5517578125,-99.07208251953125,760.30615234375,-389.52001953125,-430.0316162109375,-105.00860595703125,3.5537109375,-691.5360107421875,-1168.8795166015625,-263.3758850097656,-151.77734375,-55.523681640625,818.5919799804688,135.646484375,1025.615478515625,-70.9892578125,-335.18408203125,18.198333740234375,19.89378547668457,25.489818572998047,7.682228088378906,37.112464904785156,41.091819763183594,39.115264892578125,19.89378547668457,25.489818572998047,7.682228088378906,37.112464904785156,41.091819763183594,59.25279789335089,3195.384070571119,3919.117590644242,7114.501661215361,-723.7335200731227
11.017880464998598,20.338359691062905,26.244725738396625,8.742194469223904,37.46898263027296,41.390987236259434,63.39697169190257,352.943603515625,-163.056640625,271.5047607421875,104.302734375,-365.5679931640625,-474.6279296875,-459.88818359375,-450.33544921875,-270.1875,-81.215576171875,459.7431640625,-455.345703125,1.248046875,-101.47207641601562,756.43408203125,-387.1199951171875,-430.0316162109375,-97.26458740234375,-3.646484375,-691.5360107421875,-1180.4954833984375,-263.3758850097656,-151.77734375,-43.90771484375,818.5919799804688,138.0458984375,1029.487548828125,-70.9892578125,-339.98406982421875,22.070343017578125,19.788021087646484,25.388446807861328,7.685314178466797,37.06734085083008,41.08622360229492,35.69221878051758,19.788021087646484,25.388446807861328,7.685314178466797,37.06734085083008,41.08622360229492,57.54114549045424,3195.740057346975,3932.5129758511334,7128.253033198109,-736.7729185041585
11.050931554000272,20.264803236484013,26.244725738396625,8.742194469223904,37.46898263027296,41.338890336025,61.81698485845951,340.943603515625,-153.45654296875,248.2728271484375,147.5029296875,-348.76800537109375,-439.77978515625,-445.48828125,-450.33544921875,-293.41943359375,-42.8154296875,502.94287109375,-412.753662109375,25.248046875,-106.27207946777344,717.714111328125,-389.52001953125,-425.231689453125,-105.00860595703125,1.1533203125,-693.9359130859375,-1176.6236572265625,-263.3758850097656,-151.77734375,-51.651611328125,820.991943359375,130.8466796875,1029.487548828125,-70.9892578125,-337.58404541015625,22.070343017578125,19.62421989440918,25.394306182861328,7.794921875,36.96684646606445,41.066978454589844,30.424373626708984,19.62421989440918,25.394306182861328,7.794921875,36.96684646606445,41.066978454589844,56.15865701119157,3105.2807716772204,3929.4251057447846,7034.705877422005,-824.1443340675642
11.081865207997907,20.191246781905107,26.244725738396625,8.742194469223904,37.46898263027296,41.28679343579057,60.56616194865043,328.943603515625,-151.056640625,248.2728271484375,159.5029296875,-343.968017578125,-435.90771484375,-445.48828125,-464.7353515625,-308.90771484375,-38.015380859375,512.54296875,-408.8818359375,34.8486328125,-111.07208251953125,713.842041015625,-384.7200012207031,-432.431640625,-101.1365966796875,1.1533203125,-691.5360107421875,-1172.7515869140625,-263.3758850097656,-151.77734375,-43.90771484375,816.1919555664062,135.646484375,1037.2314453125,-73.3896484375,-335.18408203125,25.942352294921875,19.654003143310547,25.41202163696289,7.695648193359375,36.929046630859375,41.116607666015625,30.43922233581543,19.654003143310547,25.41202163696289,7.695648193359375,36.929046630859375,41.116607666015625,54.907834101382484,3110.7364810623976,3927.0709121091413,7037.807393171539,-816.3344310467437
11.115562954997586,20.044133872747324,26.244725738396625,8.742194469223904,37.46898263027296,41.28679343579057,59.05200789993417,331.343505859375,-148.65673828125,248.2728271484375,157.1025390625,-348.76800537109375,-428.1640625,-440.688232421875,-462.33544921875,-305.03564453125,-40.41552734375,514.94287109375,-408.8818359375,37.248046875,-108.67207336425781,717.714111328125,-384.7200012207031,-432.431640625,-101.1365966796875,-3.646484375,-698.7359619140625,-1180.4954833984375,-260.97589111328125,-144.5771484375,-43.90771484375,820.991943359375,133.24609375,1021.7434692382812,-73.3896484375,-337.58404541015625,18.198333740234375,19.36428451538086,25.41079330444336,7.925128936767578,36.74307632446289,41.121639251708984,24.652029037475586,19.36428451538086,25.41079330444336,7.925128936767578,36.74307632446289,41.121639251708984,53.262014483212646,3107.5065216671624,3924.344351601363,7031.850873268526,-816.8378299342007
11.149785252000584,19.970577418168432,26.244725738396625,8.742194469223904,37.46898263027296,41.28679343579057,57.6036866359447,292.943603515625,-131.8564453125,194.0648193359375,221.90234375,-322.36798095703125,-420.419921875,-409.48828125,-474.33544921875,-328.267578125,24.384521484375,582.14306640625,-346.9296875,73.248046875,-123.07208251953125,644.14599609375,-391.9200134277344,-432.431640625,-108.880615234375,-3.646484375,-696.3359375,-1180.4954833984375,-260.97589111328125,-151.77734375,-47.779541015625,820.991943359375,138.0458984375,1037.2314453125,-75.7890625,-339.98406982421875,18.198333740234375,19.444976806640625,25.464305877685547,7.756488800048828,36.729034423828125,41.10469436645508,25.18878936767578,19.444976806640625,25.464305877685547,7.756488800048828,36.729034423828125,41.10469436645508,51.81369321922317,2995.108158748364,3948.725636110758,6943.833794859122,-953.6174773623939
11.182982455000456,19.74990805443177,26.244725738396625,8.742194469223904,37.46898263027296,41.28679343579057,56.22119815668203,276.1435546875,-127.056640625,159.2169189453125,272.302734375,-307.9679870605469,-424.2919921875,-395.088134765625,-493.53515625,-347.62744140625,67.58447265625,627.7431640625,-308.209716796875,106.8486328125,-130.27207946777344,613.169921875,-389.52001953125,-432.431640625,-101.1365966796875,3.5537109375,-691.5360107421875,-1176.6236572265625,-256.1759033203125,-151.77734375,-47.779541015625,823.3919677734375,135.646484375,1029.487548828125,-73.3896484375,-337.58404541015625,25.942352294921875,19.441011428833008,25.449199676513672,7.7381439208984375,36.738067626953125,40.99406051635742,23.271099090576172,19.441011428833008,25.449199676513672,7.7381439208984375,36.738067626953125,40.99406051635742,50.431204739960506,2993.86940502616,3928.7583389685346,6922.627743994695,-934.8889339423745
11.212904536998394,19.602795145273987,26.244725738396625,8.742194469223904,37.46898263027296,41.28679343579057,54.707044107965764,271.343505859375,-131.8564453125,155.3448486328125,277.1025390625,-305.5679931640625,-424.2919921875,-397.48828125,-495.93505859375,-355.37158203125,79.58447265625,634.94287109375,-312.081787109375,109.248046875,-139.8720703125,605.426025390625,-389.52001953125,-434.8316650390625,-105.00860595703125,-3.646484375,-696.3359375,-1180.4954833984375,-258.5758972167969,-142.1767578125,-43.90771484375,820.991943359375,138.0458984375,1033.359375,-68.5888671875,-335.18408203125,29.8143310546875,19.342426300048828,25.452465057373047,7.7511444091796875,36.72880172729492,41.0299072265625,21.408506393432617,19.342426300048828,25.452465057373047,7.7511444091796875,36.72880172729492,41.0299072265625,48.982883475971036,3002.126138404514,3932.4815252386747,6934.607663643189,-930.3553868341605
11.248246364997613,19.52923869069511,26.244725738396625,8.742194469223904,37.46898263027296,41.28679343579057,53.19289005924951,273.74365234375,-127.056640625,159.2169189453125,286.7021484375,-307.9679870605469,-416.5478515625,-397.48828125,-493.53515625,-347.62744140625,81.984619140625,642.14306640625,-308.209716796875,116.4482421875,-139.8720703125,605.426025390625,-391.9200134277344,-427.631591796875,-105.00860595703125,-8.4462890625,-693.9359130859375,-1180.4954833984375,-265.7759094238281,-146.9775390625,-47.779541015625,823.3919677734375,135.646484375,1033.359375,-70.9892578125,-332.7840576171875,29.8143310546875,19.21719741821289,25.473705291748047,7.836277008056641,36.640846252441406,41.05982971191406,18.386472702026367,19.21719741821289,25.473705291748047,7.836277008056641,36.640846252441406,41.05982971191406,47.53456221198156,3005.250933894353,3936.1174855985714,6941.368419492925,-930.8665517042186
11.280902350998076,19.455682236116218,26.244725738396625,8.742194469223904,37.46898263027296,41.28679343579057,51.74456879526004,230.543701171875,-124.65673828125,93.3929443359375,344.302734375,-286.36798095703125,-428.1640625,-366.288330078125,-510.33544921875,-374.7314453125,165.984619140625,704.54296875,-234.641845703125,150.0478515625,-163.8720703125,547.345947265625,-391.9200134277344,-432.431640625,-105.00860595703125,-3.646484375,-693.9359130859375,-1180.4954833984375,-263.3758850097656,-154.1767578125,-43.90771484375,820.991943359375,138.0458984375,1029.487548828125,-73.3896484375,-335.18408203125,25.942352294921875,19.05860710144043,25.42953872680664,7.893497467041016,36.57465362548828,41.05116271972656,15.38405990600586,19.05860710144043,25.42953872680664,7.893497467041016,36.57465362548828,41.05116271972656,46.0862409479921,2980.9043071025435,3938.746328328173,6919.650635430717,-957.8420212256297
11.314321325000492,19.382125781537326,26.244725738396625,8.742194469223904,37.38626964433416,41.28679343579057,50.29624753127058,228.1435546875,-124.65673828125,93.3929443359375,351.5029296875,-286.36798095703125,-424.2919921875,-366.288330078125,-512.7353515625,-382.4755859375,173.1845703125,704.54296875,-226.897705078125,154.8486328125,-163.8720703125,547.345947265625,-389.52001953125,-430.0316162109375,-105.00860595703125,-8.4462890625,-698.7359619140625,-1172.7515869140625,-258.5758972167969,-146.9775390625,-47.779541015625,823.3919677734375,140.4462890625,1037.2314453125,-75.7890625,-342.3840637207031,29.8143310546875,19.059242248535156,25.477001190185547,7.865489959716797,36.571372985839844,40.9610481262207,14.120361328125,19.059242248535156,25.477001190185547,7.865489959716797,36.571372985839844,40.9610481262207,44.70375246872943,2986.4546164347485,3939.7249298883557,6926.179546323105,-953.2703134536073
11.347291893998772,19.382125781537326,26.244725738396625,8.742194469223904,37.303556658395365,41.28679343579057,48.78209348255431,225.74365234375,-129.45654296875,93.3929443359375,353.90234375,-288.76800537109375,-428.1640625,-366.288330078125,-510.33544921875,-374.7314453125,180.384521484375,709.3427734375,-219.15380859375,150.0478515625,-168.67208862304688,543.47412109375,-389.52001953125,-430.0316162109375,-97.26458740234375,-6.0458984375,-693.9359130859375,-1176.6236572265625,-268.1759033203125,-151.77734375,-47.779541015625,825.7919921875,138.0458984375,1029.487548828125,-70.9892578125,-337.58404541015625,22.070343017578125,19.019916534423828,25.493450164794922,7.897449493408203,36.52116394042969,41.06282424926758,12.991205215454102,19.019916534423828,25.493450164794922,7.897449493408203,36.52116394042969,41.06282424926758,43.18959842001317,2986.5277019108476,3938.8060835489496,6925.333785459798,-952.278381638102
11.382142623999243,19.382125781537326,26.244725738396625,8.742194469223904,37.303556658395365,41.28679343579057,47.333772218564846,230.543701171875,-131.8564453125,77.9049072265625,373.1025390625,-288.76800537109375,-447.52392578125,-371.088134765625,-498.33544921875,-382.4755859375,197.1845703125,723.7431640625,-207.537841796875,145.248046875,-173.47207641601562,551.218017578125,-396.7200012207031,-432.431640625,-101.1365966796875,-10.8466796875,-696.3359375,-1180.4954833984375,-263.3758850097656,-151.77734375,-51.651611328125,825.7919921875,135.646484375,1029.487548828125,-75.7890625,-332.7840576171875,22.070343017578125,18.92180633544922,25.440670013427734,7.8965606689453125,36.53279113769531,41.11332321166992,11.483430862426758,18.92180633544922,25.440670013427734,7.8965606689453125,36.53279113769531,41.11332321166992,41.675444371296905,3030.82213121786,3943.1738484636526,6973.995979681513,-912.3517172457928
11.417081987998245,19.382125781537326,26.244725738396625,8.742194469223904,37.303556658395365,41.28679343579057,45.88545095457538,232.943603515625,-134.25634765625,85.6488037109375,377.90234375,-291.1679992675781,-443.65185546875,-373.48828125,-507.93505859375,-382.4755859375,197.1845703125,718.94287109375,-207.537841796875,152.4482421875,-178.27207946777344,555.090087890625,-391.9200134277344,-427.631591796875,-101.1365966796875,-10.8466796875,-696.3359375,-1176.6236572265625,-268.1759033203125,-144.5771484375,-47.779541015625,828.1919555664062,135.646484375,1025.615478515625,-75.7890625,-339.98406982421875,25.942352294921875,18.862089157104492,25.518085479736328,7.967197418212891,36.493873596191406,41.12009811401367,11.399696350097656,18.862089157104492,25.518085479736328,7.967197418212891,36.493873596191406,41.12009811401367,40.16129032258064,3047.5208008954096,3938.9831665517495,6986.503967447159,-891.4623656563399
11.446822662997874,19.382125781537326,26.244725738396625,8.742194469223904,37.303556658395365,41.28679343579057,44.43712969058591,228.1435546875,-124.65673828125,85.6488037109375,377.90234375,-288.76800537109375,-439.77978515625,-373.48828125,-507.93505859375,-382.4755859375,204.384521484375,718.94287109375,-207.537841796875,157.248046875,-175.8720703125,551.218017578125,-391.9200134277344,-432.431640625,-101.1365966796875,-1.24609375,-691.5360107421875,-1180.4954833984375,-260.97589111328125,-149.376953125,-51.651611328125,825.7919921875,130.8466796875,1033.359375,-73.3896484375,-335.18408203125,22.070343017578125,18.82710838317871,25.45736312866211,8.073280334472656,36.419002532958984,41.13481521606445,9.817611694335938,18.82710838317871,25.45736312866211,8.073280334472656,36.419002532958984,41.13481521606445,38.976300197498354,3034.196363031479,3938.623407981653,6972.819771013132,-904.4270449501741
11.480264136000187,19.308569326958434,26.244725738396625,8.742194469223904,37.303556658395365,41.28679343579057,42.98880842659645,232.943603515625,-127.056640625,77.9049072265625,382.7021484375,-286.36798095703125,-443.65185546875,-373.48828125,-500.7353515625,-378.603515625,209.1845703125,723.7431640625,-203.665771484375,162.0478515625,-178.27207946777344,543.47412109375,-394.32000732421875,-432.431640625,-108.880615234375,-10.8466796875,-696.3359375,-1180.4954833984375,-260.97589111328125,-154.1767578125,-43.90771484375,825.7919921875,135.646484375,1029.487548828125,-73.3896484375,-335.18408203125,25.942352294921875,18.697978973388672,25.50741195678711,8.097625732421875,36.40228271484375,41.25625228881836,9.581356048583984,18.697978973388672,25.50741195678711,8.097625732421875,36.40228271484375,41.25625228881836,37.46214614878209,3034.036399908864,3942.974001579859,6977.010401488723,-908.9376016709948
11.51310918499803,19.235012872379542,26.244725738396625,8.742194469223904,37.303556658395365,41.28679343579057,41.474654377880185,225.74365234375,-124.65673828125,70.1607666015625,377.90234375,-286.36798095703125,-443.65185546875,-368.688232421875,-503.13525390625,-374.7314453125,218.784423828125,718.94287109375,-199.793701171875,159.6484375,-178.27207946777344,535.72998046875,-389.52001953125,-430.0316162109375,-105.00860595703125,-6.0458984375,-693.9359130859375,-1180.4954833984375,-265.7759094238281,-151.77734375,-51.651611328125,828.1919555664062,138.0458984375,1037.2314453125,-78.189453125,-332.7840576171875,25.942352294921875,18.661121368408203,25.529705047607422,8.088481903076172,36.40690612792969,41.23814010620117,9.432029724121094,18.661121368408203,25.529705047607422,8.088481903076172,36.40690612792969,41.23814010620117,35.88215931533904,3008.607834461981,3946.692964126508,6955.300798588489,-938.0851296645269
11.549388504998205,19.087899963221773,26.244725738396625,8.742194469223904,37.303556658395365,41.28679343579057,40.09216589861751,218.543701171875,-117.45654296875,66.2889404296875,392.302734375,-286.36798095703125,-439.77978515625,-363.88818359375,-505.53515625,-397.96337890625,225.984619140625,728.54296875,-192.0498046875,174.0478515625,-175.8720703125,524.114013671875,-394.32000732421875,-430.0316162109375,-105.00860595703125,-6.0458984375,-698.7359619140625,-1184.3675537109375,-270.5758972167969,-151.77734375,-43.90771484375,830.5919799804688,133.24609375,1029.487548828125,-73.3896484375,-332.7840576171875,37.558349609375,18.634809494018555,25.443462371826172,8.142585754394531,36.328094482421875,41.28825759887695,9.38815689086914,18.634809494018555,25.443462371826172,8.142585754394531,36.328094482421875,41.28825759887695,34.36800526662278,3017.3671057380734,3953.6007206411296,6970.967826379203,-936.2336149030562
11.579350497999258,19.01434350864288,26.244725738396625,8.742194469223904,37.303556658395365,41.28679343579057,38.643844634628046,165.74365234375,-107.8564453125,4.3369140625,430.7021484375,-252.76800537109375,-435.90771484375,-327.88818359375,-498.33544921875,-394.09130859375,300.384521484375,742.94287109375,-91.377685546875,202.8486328125,-195.07208251953125,450.546142578125,-387.1199951171875,-432.431640625,-105.00860595703125,-10.8466796875,-693.9359130859375,-1176.6236572265625,-263.3758850097656,-149.376953125,-55.523681640625,823.3919677734375,133.24609375,1033.359375,-70.9892578125,-332.7840576171875,22.070343017578125,18.54401969909668,25.501163482666016,8.249336242675781,36.42131042480469,41.315940856933594,9.322513580322266,18.54401969909668,25.501163482666016,8.249336242675781,36.42131042480469,41.315940856933594,33.24884792626728,2913.4099269914086,3932.6880623723946,6846.097989363803,-1019.278135380986
11.61786428599953,18.867230599485097,26.244725738396625,8.742194469223904,37.1381306865178,41.28679343579057,37.195523370638575,112.943603515625,-91.056640625,-65.359130859375,464.302734375,-219.16799926757812,-435.90771484375,-299.088134765625,-486.33544921875,-425.0673828125,415.58447265625,757.3427734375,9.294189453125,234.0478515625,-223.8720703125,369.234130859375,-391.9200134277344,-427.631591796875,-105.00860595703125,-20.4462890625,-698.7359619140625,-1180.4954833984375,-265.7759094238281,-151.77734375,-51.651611328125,828.1919555664062,133.24609375,1029.487548828125,-78.189453125,-330.3840637207031,22.070343017578125,18.49447250366211,25.569408416748047,8.143905639648438,36.32146453857422,41.347190856933594,9.232154846191406,18.49447250366211,25.569408416748047,8.143905639648438,36.32146453857422,41.347190856933594,31.537195523370634,2899.5152151052157,3940.012978859537,6839.528193964752,-1040.497763754321
11.647327430997393,18.720117690327328,26.244725738396625,8.742194469223904,37.1381306865178,41.28679343579057,35.68136932192232,88.943603515625,-86.25634765625,-73.1031494140625,476.302734375,-214.36798095703125,-420.419921875,-294.288330078125,-476.7353515625,-432.8115234375,422.784423828125,754.94287109375,40.270263671875,246.0478515625,-226.27207946777344,338.258056640625,-399.1199951171875,-425.231689453125,-108.880615234375,-18.0458984375,-693.9359130859375,-1172.7515869140625,-268.1759033203125,-156.5771484375,-59.395751953125,832.991943359375,135.646484375,1033.359375,-75.7890625,-332.7840576171875,18.198333740234375,18.48538589477539,25.53841781616211,8.184913635253906,36.38587188720703,41.3884391784668,9.251049041748047,18.48538589477539,25.53841781616211,8.184913635253906,36.38587188720703,41.3884391784668,30.154707044107965,2864.081627466079,3948.2371002751447,6812.3187277412235,-1084.1554728090655
11.680967991000216,18.720117690327328,26.244725738396625,8.742194469223904,36.9727047146402,41.28679343579057,34.56221198156682,88.943603515625,-83.8564453125,-76.97509765625,476.302734375,-204.76800537109375,-428.1640625,-287.088134765625,-469.53515625,-436.68359375,427.58447265625,757.3427734375,40.270263671875,241.248046875,-219.07208251953125,338.258056640625,-399.1199951171875,-430.0316162109375,-105.00860595703125,-18.0458984375,-691.5360107421875,-1184.3675537109375,-272.97589111328125,-149.376953125,-51.651611328125,828.1919555664062,133.24609375,1033.359375,-85.3896484375,-330.3840637207031,22.070343017578125,18.347339630126953,25.69620132446289,8.010429382324219,36.33570098876953,41.31875991821289,9.17657470703125,18.347339630126953,25.69620132446289,8.010429382324219,36.33570098876953,41.31875991821289,28.96971691902567,2859.740319270598,3955.982414716609,6815.722733987207,-1096.2420954460113
11.710290216997237,18.646561235748436,26.244725738396625,8.742194469223904,36.9727047146402,41.28679343579057,33.04805793285056,88.943603515625,-83.8564453125,-80.84716796875,481.1025390625,-207.16799926757812,-428.1640625,-294.288330078125,-479.13525390625,-432.8115234375,429.984619140625,759.7431640625,48.01416015625,243.6484375,-223.8720703125,326.64208984375,-399.1199951171875,-427.631591796875,-112.75259399414062,-13.24609375,-696.3359375,-1180.4954833984375,-265.7759094238281,-158.9775390625,-55.523681640625,830.5919799804688,133.24609375,1037.2314453125,-75.7890625,-330.3840637207031,25.942352294921875,18.359514236450195,25.47347640991211,8.312339782714844,36.350765228271484,41.37419509887695,9.197277069091797,18.359514236450195,25.47347640991211,8.312339782714844,36.350765228271484,41.37419509887695,27.52139565503621,2871.924217810925,3956.40941981748,6828.333637628404,-1084.485202006555
11.74880845199732,18.646561235748436,26.244725738396625,8.742194469223904,36.8899917287014,41.28679343579057,31.468071099407506,74.54345703125,-76.65673828125,-100.2071533203125,493.1025390625,-197.5679931640625,-424.2919921875,-279.88818359375,-459.93505859375,-428.939453125,449.1845703125,752.54296875,67.374267578125,246.0478515625,-223.8720703125,311.154052734375,-399.1199951171875,-432.431640625,-108.880615234375,-22.8466796875,-696.3359375,-1180.4954833984375,-268.1759033203125,-156.5771484375,-47.779541015625,832.991943359375,133.24609375,1037.2314453125,-75.7890625,-325.58404541015625,25.942352294921875,18.288246154785156,25.588504791259766,8.223930358886719,36.33320617675781,41.45711135864258,9.167896270751953,18.288246154785156,25.588504791259766,8.223930358886719,36.33320617675781,41.45711135864258,25.809743252139565,2849.2658087284826,3955.6664321153094,6804.932240843792,-1106.4006233868267
11.782548717997997,18.646561235748436,26.244725738396625,8.742194469223904,36.807278742762605,41.28679343579057,30.019749835418036,74.54345703125,-69.45654296875,-100.2071533203125,505.1025390625,-192.76797485351562,-412.67578125,-272.688232421875,-455.13525390625,-436.68359375,444.384521484375,759.7431640625,71.246337890625,253.248046875,-223.8720703125,303.409912109375,-399.1199951171875,-422.8316650390625,-108.880615234375,-18.0458984375,-693.9359130859375,-1180.4954833984375,-265.7759094238281,-163.77734375,-47.779541015625,832.991943359375,135.646484375,1033.359375,-70.9892578125,-330.3840637207031,22.070343017578125,18.20275115966797,25.599803924560547,8.14333724975586,36.238922119140625,41.438438415527344,9.054317474365234,18.20275115966797,25.599803924560547,8.14333724975586,36.238922119140625,41.438438415527344,24.427254772876893,2847.470618663767,3949.6957337500116,6797.166352413778,-1102.2251150862448
11.81588130399905,18.646561235748436,26.244725738396625,8.742194469223904,36.807278742762605,41.28679343579057,28.637261356155364,60.1435546875,-64.65673828125,-127.3111572265625,536.302734375,-168.76797485351562,-397.18798828125,-260.688232421875,-423.93505859375,-428.939453125,487.58447265625,750.14306640625,117.710205078125,262.8486328125,-238.27207946777344,256.946044921875,-401.52001953125,-430.0316162109375,-105.00860595703125,-22.8466796875,-693.9359130859375,-1180.4954833984375,-265.7759094238281,-156.5771484375,-47.779541015625,837.7919921875,133.24609375,1033.359375,-68.5888671875,-327.98406982421875,22.070343017578125,18.350196838378906,25.639507293701172,8.15383529663086,36.354759216308594,41.438148498535156,9.0850830078125,18.350196838378906,25.639507293701172,8.15383529663086,36.354759216308594,41.438148498535156,23.242264647794602,2840.7656567907025,3952.098534316429,6792.864191107132,-1111.3328775257264
11.845242968000093,18.573004781169544,26.244725738396625,8.742194469223904,36.807278742762605,41.28679343579057,27.123107307439103,55.343505859375,-43.056640625,-150.5430908203125,560.302734375,-161.5679931640625,-381.69970703125,-260.688232421875,-359.13525390625,-448.29931640625,521.1845703125,726.14306640625,171.918212890625,265.248046875,-247.87208557128906,253.073974609375,-403.9200134277344,-430.0316162109375,-101.1365966796875,-30.0458984375,-693.9359130859375,-1176.6236572265625,-268.1759033203125,-161.376953125,-55.523681640625,837.7919921875,133.24609375,1029.487548828125,-73.3896484375,-323.18408203125,22.070343017578125,18.218578338623047,25.665889739990234,8.148540496826172,36.321495056152344,41.44852066040039,9.101398468017578,18.218578338623047,25.665889739990234,8.148540496826172,36.321495056152344,41.44852066040039,21.596445029624753,2846.5685009637396,3948.9274981726885,6795.4959991364285,-1102.358997208949
11.88549362899721,18.499448326590652,26.244725738396625,8.742194469223904,36.807278742762605,41.28679343579057,25.608953258722845,88.943603515625,-35.8564453125,-131.18310546875,586.7021484375,-195.16799926757812,-385.57177734375,-315.88818359375,-265.53515625,-471.53173828125,552.384521484375,694.94287109375,218.38232421875,236.4482421875,-279.07208251953125,318.89794921875,-406.32000732421875,-430.0316162109375,-105.00860595703125,-25.24609375,-689.135986328125,-1172.7515869140625,-260.97589111328125,-166.1767578125,-51.651611328125,844.991943359375,138.0458984375,1033.359375,-66.189453125,-320.7840576171875,22.070343017578125,18.09384536743164,25.569210052490234,8.388683319091797,36.23059844970703,41.51475143432617,9.05496597290039,18.09384536743164,25.569210052490234,8.388683319091797,36.23059844970703,41.51475143432617,19.950625411454904,2917.255710338321,3945.2829701055425,6862.538680443864,-1028.0272597672215
11.91554239999823,18.352335417432883,26.244725738396625,8.742194469223904,36.807278742762605,41.28679343579057,24.226464779460173,139.343505859375,-38.25634765625,-88.591064453125,584.302734375,-247.96798706054688,-397.18798828125,-380.688232421875,-171.93505859375,-502.50732421875,569.1845703125,663.7431640625,229.998291015625,181.248046875,-295.8720703125,415.697998046875,-403.9200134277344,-432.431640625,-108.880615234375,-27.646484375,-691.5360107421875,-1184.3675537109375,-270.5758972167969,-166.1767578125,-55.523681640625,842.5919799804688,140.4462890625,1033.359375,-68.5888671875,-320.7840576171875,18.198333740234375,18.072261810302734,25.575923919677734,8.321590423583984,36.23201370239258,41.49842834472656,9.111026763916016,18.072261810302734,25.575923919677734,8.321590423583984,36.23201370239258,41.49842834472656,18.69980250164582,3017.307601906969,3965.026419584448,6982.334021491417,-947.7188176774789
11.951372086998163,18.2052225082751,26.244725738396625,8.742194469223904,36.807278742762605,41.28679343579057,22.909809084924294,194.543701171875,-31.056640625,-34.3831787109375,572.302734375,-303.1679992675781,-424.2919921875,-459.88818359375,-95.13525390625,-548.9716796875,571.58447265625,646.94287109375,229.998291015625,138.0478515625,-315.07208251953125,535.72998046875,-406.32000732421875,-432.431640625,-108.880615234375,-34.8466796875,-696.3359375,-1180.4954833984375,-270.5758972167969,-166.1767578125,-51.651611328125,842.5919799804688,133.24609375,1033.359375,-70.9892578125,-318.3840637207031,18.198333740234375,17.924026489257812,25.535205841064453,8.437477111816406,36.20012664794922,41.506103515625,9.080974578857422,17.924026489257812,25.535205841064453,8.437477111816406,36.20012664794922,41.506103515625,17.18564845292956,3226.7221048621386,3962.6853066605736,7189.407411522712,-735.963201798435
11.987095780998061,18.05810959911733,26.244725738396625,8.742194469223904,36.807278742762605,41.28679343579057,21.329822251481236,220.943603515625,-35.8564453125,-3.4071044921875,553.1025390625,-336.76800537109375,-432.0361328125,-515.08837890625,-30.33544921875,-568.33154296875,581.1845703125,622.94287109375,237.7421875,92.4482421875,-324.6720886230469,593.81005859375,-411.1199951171875,-425.231689453125,-101.1365966796875,-34.8466796875,-689.135986328125,-1184.3675537109375,-270.5758972167969,-170.9775390625,-63.267578125,852.1919555664062,138.0458984375,1041.103515625,-68.5888671875,-315.98406982421875,14.32635498046875,17.84741973876953,25.516788482666016,8.394393920898438,36.192100524902344,41.56691360473633,9.03756332397461,17.84741973876953,25.516788482666016,8.394393920898438,36.192100524902344,41.56691360473633,15.605661619486504,3337.498454243993,3973.1656772245947,7310.664131468588,-635.6672229806018
12.017332060997433,17.984553144538438,26.244725738396625,8.742194469223904,36.807278742762605,41.28679343579057,19.749835418038185,232.943603515625,-23.8564453125,8.2088623046875,565.1025390625,-343.968017578125,-424.2919921875,-529.48828125,-15.93505859375,-576.07568359375,578.784423828125,615.7431640625,245.486328125,102.0478515625,-329.4720764160156,609.298095703125,-423.1199951171875,-442.0316162109375,-116.62460327148438,-73.24609375,-693.9359130859375,-1215.3436279296875,-270.5758972167969,-173.376953125,-67.1396484375,861.7919921875,128.4462890625,1033.359375,-102.189453125,-325.58404541015625,6.58233642578125,17.646364212036133,25.400592803955078,8.58236312866211,36.07387161254883,41.61043930053711,9.059307098388672,17.646364212036133,25.400592803955078,8.58236312866211,36.07387161254883,41.61043930053711,14.289005924950626,3382.985709358456,4045.6091199452108,7428.594829303667,-662.6234105867547
12.048603139999614,17.984553144538438,26.244725738396625,8.742194469223904,36.807278742762605,41.28679343579057,18.367346938775512,261.74365234375,7.34326171875,39.1849365234375,615.5029296875,-355.968017578125,-366.2119140625,-541.48828125,-20.7353515625,-568.33154296875,552.384521484375,632.54296875,241.6142578125,152.4482421875,-312.6720886230469,651.89013671875,-425.52001953125,-466.0316162109375,-120.49661254882812,-118.8466796875,-703.5360107421875,-1242.4476318359375,-251.37588500976562,-144.5771484375,-47.779541015625,864.1919555664062,121.24609375,1033.359375,-166.9892578125,-325.58404541015625,-1.161651611328125,17.78567886352539,25.44985580444336,8.535133361816406,36.16259002685547,41.58369827270508,8.989635467529297,17.78567886352539,25.44985580444336,8.535133361816406,36.16259002685547,41.58369827270508,12.906517445687953,3462.5656042811543,4087.567584160126,7550.13318844128,-625.0019798789717
12.084896530999686,17.984553144538438,26.244725738396625,8.742194469223904,36.807278742762605,41.28679343579057,16.91902567478604,405.74365234375,153.74365234375,186.3209228515625,877.1025390625,-396.76800537109375,-141.6357421875,-623.08837890625,-66.33544921875,-645.771484375,437.1845703125,716.54296875,148.686279296875,387.6484375,-274.2720947265625,849.36181640625,-379.9200134277344,-545.2315673828125,-108.880615234375,-210.0458984375,-737.135986328125,-1285.0394287109375,-236.97589111328125,90.623046875,33.5322265625,837.7919921875,32.4462890625,1033.359375,-416.5888671875,-335.18408203125,41.430328369140625,17.718326568603516,25.319103240966797,8.552810668945312,36.151763916015625,41.61170959472656,9.054244995117188,17.718326568603516,25.319103240966797,8.552810668945312,36.151763916015625,41.61170959472656,11.392363396971692,4170.597486825487,4292.589444144751,8463.186930970238,-121.99195731926375
12.12332783400052,17.984553144538438,26.244725738396625,8.742194469223904,36.807278742762605,41.28679343579057,15.470704410796577,612.1435546875,410.54345703125,352.8167724609375,1256.302734375,-454.36798095703125,226.2041015625,-791.08837890625,-224.7353515625,-862.603515625,290.784423828125,877.3427734375,13.166259765625,757.248046875,-235.87208557128906,1147.505859375,-346.32000732421875,-701.2315673828125,-120.49661254882812,-493.24609375,-773.135986328125,-1424.4315185546875,-174.57589721679688,551.4228515625,196.15625,828.1919555664062,-226.75390625,1041.103515625,-937.3896484375,-354.3840637207031,14.32635498046875,17.734241485595703,25.424983978271484,8.528121948242188,36.06788635253906,41.60415267944336,9.002662658691406,17.734241485595703,25.424983978271484,8.528121948242188,36.06788635253906,41.60415267944336,10.009874917709018,5683.226293265483,5447.957845948512,11131.184139213994,235.2684473169711
12.155593399998907,17.984553144538438,26.244725738396625,8.742194469223904,36.807278742762605,41.23469653555614,14.21988150098749,796.943603515625,662.54345703125,503.8248291015625,1623.5029296875,-526.3679809570312,489.5,-990.288330078125,-488.7353515625,-1125.8994140625,165.984619140625,1136.54296875,-164.94580078125,1155.6484375,-204.67208862304688,1426.2900390625,-379.9200134277344,-847.6317138671875,-128.2406005859375,-915.646484375,-801.9359130859375,-1602.5435791015625,-124.1759033203125,1038.623046875,331.67626953125,852.1919555664062,-553.1533203125,1099.1834716796875,-1474.9892578125,-337.58404541015625,-24.393646240234375,17.537906646728516,25.223163604736328,8.726524353027344,35.983551025390625,41.568092346191406,9.112628936767578,17.537906646728516,25.223163604736328,8.726524353027344,35.983551025390625,41.568092346191406,9.112628936767578,7512.411562134235,7057.537738378027,14569.949300512262,454.87382375620837
12.191486878000433,17.910996689959546,26.244725738396625,8.742194469223904,36.72456575682381,41.23469653555614,13.232389730085584,979.343505859375,835.34375,689.6807861328125,1885.1025390625,-605.5679931640625,725.69189453125,-1167.88818359375,-757.53515625,-1354.34765625,31.58447265625,1364.54296875,-323.69775390625,1465.248046875,-156.6720733642578,1716.68994140625,-456.7200012207031,-982.0316162109375,-132.11260986328125,-1448.4462890625,-842.7359619140625,-1753.5516357421875,-97.77587890625,1425.0224609375,474.9404296875,892.991943359375,-896.353515625,1207.5994873046875,-1988.5888671875,-323.18408203125,-97.961669921875,17.307476043701172,25.055530548095703,8.928604125976562,35.837005615234375,41.65324020385742,9.065837860107422,17.307476043701172,25.055530548095703,8.928604125976562,35.837005615234375,41.65324020385742,9.065837860107422,9176.4794466981,8787.963402447542,17964.442849145642,388.5160442505585
12.222209174000454,17.69032732622287,26.244725738396625,8.831400535236384,36.55913978494624,41.23469653555614,12.179065174456879,1118.543701171875,1000.943359375,848.4329833984375,2153.90234375,-689.5679931640625,903.80419921875,-1340.688232421875,-1011.93505859375,-1532.45947265625,-90.8154296875,1554.14306640625,-490.193603515625,1758.0478515625,-108.67207336425781,1964.498046875,-531.1199951171875,-1109.2315673828125,-147.6005859375,-1834.8466796875,-869.135986328125,-1892.9434814453125,-52.1759033203125,1701.0224609375,598.84423828125,933.7919921875,-1191.5537109375,1319.887451171875,-2391.7890625,-303.98406982421875,-194.76165771484375,17.234390258789062,25.238086700439453,8.72237777709961,35.81050109863281,41.714630126953125,8.855537414550781,17.234390258789062,25.238086700439453,8.72237777709961,35.81050109863281,41.714630126953125,8.855537414550781,10704.10592145298,10245.940230052582,20950.04615150556,458.1656914003979
12.257653966997168,17.616770871643993,26.244725738396625,8.831400535236384,36.311000827129845,41.28679343579057,11.652402896642528,1236.1435546875,1130.54345703125,972.3367919921875,2331.5029296875,-754.3680419921875,1050.93994140625,-1477.48828125,-1172.7353515625,-1683.46728515625,-177.215576171875,1702.94287109375,-594.73779296875,1950.0478515625,-91.8720703125,2165.841796875,-624.7200317382812,-1181.2315673828125,-159.21661376953125,-2168.4462890625,-888.3359375,-1970.3834228515625,-28.1759033203125,1914.623046875,680.15625,974.5919799804688,-1405.1533203125,1408.9434814453125,-2703.7890625,-291.98406982421875,-260.5856628417969,17.016267776489258,24.797100067138672,9.016666412353516,35.64872741699219,41.71333694458008,9.128841400146484,17.016267776489258,24.797100067138672,9.016666412353516,35.64872741699219,41.71333694458008,9.128841400146484,11859.885183109136,11387.084679852487,23246.969862961625,472.8005032566489
12.292328130999522,17.46965796248621,26.244725738396625,8.831400535236384,36.311000827129845,41.390987236259434,11.323238973008557,1332.1435546875,1219.34375,1073.0089111328125,2453.90234375,-799.968017578125,1163.22802734375,-1575.888427734375,-1297.53515625,-1784.1396484375,-254.015625,1808.54296875,-695.40966796875,2079.6484375,-58.27207946777344,2312.97802734375,-677.52001953125,-1246.0316162109375,-163.08859252929688,-2358.046875,-890.7359619140625,-2043.9515380859375,-6.57586669921875,2025.0224609375,738.236328125,998.5919799804688,-1532.353515625,1470.8955078125,-2881.3896484375,-272.7840576171875,-322.53765869140625,16.738765716552734,24.452510833740234,9.238059997558594,35.41139221191406,41.61821365356445,9.157413482666016,16.738765716552734,24.452510833740234,9.238059997558594,35.41139221191406,41.61821365356445,9.157413482666016,12707.991351224111,12087.576216968037,24795.56756819215,620.4151342560745
12.32938642299996,17.396101507907318,26.244725738396625,8.831400535236384,36.14557485525228,41.443084136493866,11.19157340355497,1377.74365234375,1228.943359375,1111.7288818359375,2489.90234375,-816.7680053710938,1182.587890625,-1607.088134765625,-1321.53515625,-1799.62744140625,-285.215576171875,1839.7431640625,-738.001708984375,2120.4482421875,-46.27207946777344,2371.05810546875,-711.1199951171875,-1262.8316650390625,-174.70458984375,-2466.046875,-885.9359130859375,-2059.439453125,-1.77587890625,2070.623046875,757.596435546875,1015.3919677734375,-1592.353515625,1497.99951171875,-2965.3896484375,-267.98406982421875,-349.64166259765625,16.795188903808594,24.250545501708984,9.622001647949219,35.245052337646484,41.75181198120117,9.273235321044922,16.795188903808594,24.250545501708984,9.622001647949219,35.245052337646484,41.75181198120117,9.273235321044922,12964.907946215419,12405.900852112069,25370.80879832749,559.00709410335
12.358541121000599,17.396101507907318,26.244725738396625,9.099018733273851,35.89743589743591,41.443084136493866,11.19157340355497,1365.74365234375,1260.1435546875,1115.6009521484375,2511.5029296875,-804.7680053710938,1240.66845703125,-1599.888427734375,-1347.935546875,-1826.7314453125,-292.41552734375,1854.14306640625,-730.257568359375,2149.248046875,-36.67207336425781,2343.9541015625,-735.1199951171875,-1279.6317138671875,-178.57659912109375,-2480.4462890625,-883.5360107421875,-2078.79931640625,19.8240966796875,2075.4228515625,780.828369140625,1022.5919799804688,-1594.75390625,1525.103515625,-2979.7890625,-258.3840637207031,-392.233642578125,16.423358917236328,23.865550994873047,9.813247680664062,35.07478713989258,41.60055923461914,9.25701904296875,16.423358917236328,23.865550994873047,9.813247680664062,35.07478713989258,41.60055923461914,9.25701904296875,13053.776265507619,12507.485460896605,25561.261726404224,546.2908046110133
12.392159351998998,17.24898859874955,26.244725738396625,9.18822479928636,35.814722911497086,41.443084136493866,11.19157340355497,1370.54345703125,1267.34375,1111.7288818359375,2511.5029296875,-809.5679931640625,1240.66845703125,-1602.288330078125,-1343.1357421875,-1818.9873046875,-294.8154296875,1856.54296875,-734.129638671875,2151.6484375,-39.07206726074219,2355.56982421875,-737.52001953125,-1277.2315673828125,-182.4486083984375,-2504.4462890625,-878.7359619140625,-2071.0556640625,15.02410888671875,2089.8232421875,776.956298828125,1017.7919921875,-1616.353515625,1525.103515625,-3001.3896484375,-255.9840545654297,-407.7216491699219,16.258007049560547,23.360980987548828,10.187995910644531,34.86968994140625,41.60853958129883,9.493579864501953,16.258007049560547,23.360980987548828,10.187995910644531,34.86968994140625,41.60853958129883,9.493579864501953,13068.487789911429,12566.323413524851,25634.81120343628,502.1643763865777
12.422659571999247,17.101875689591765,26.244725738396625,9.545049063336307,35.56658395368072,41.443084136493866,11.19157340355497,1365.74365234375,1279.34375,1119.4727783203125,2511.5029296875,-804.7680053710938,1279.38818359375,-1597.488525390625,-1362.3349609375,-1826.7314453125,-311.615478515625,1861.3427734375,-730.257568359375,2166.048828125,-22.272064208984375,2336.2099609375,-778.3200073242188,-1303.6317138671875,-197.9365997314453,-2526.046875,-866.7359619140625,-2094.28759765625,41.42413330078125,2080.22265625,804.060302734375,1032.19189453125,-1621.1533203125,1544.4635009765625,-3013.3896484375,-241.58404541015625,-458.0576477050781,16.05519676208496,22.843639373779297,10.572925567626953,34.688072204589844,41.477333068847656,9.500114440917969,16.05519676208496,22.843639373779297,10.572925567626953,34.688072204589844,41.477333068847656,9.500114440917969,13104.369933307089,12678.700764200174,25783.07069750726,425.66916910691543
12.456197928997426,16.881206325855104,26.07594936708861,9.901873327386255,35.318444995864354,41.443084136493866,11.19157340355497,1372.94384765625,1274.54345703125,1138.8328857421875,2497.1025390625,-807.1680297851562,1287.13232421875,-1597.488525390625,-1335.935546875,-1811.24365234375,-342.8154296875,1837.3427734375,-749.617919921875,2144.4482421875,-12.67205810546875,2343.9541015625,-807.1199951171875,-1322.8316650390625,-213.4246063232422,-2562.046875,-861.9359130859375,-2129.1357421875,60.62408447265625,2087.4228515625,842.7802734375,1039.3919677734375,-1642.75390625,1575.439453125,-3034.9892578125,-239.18405151367188,-496.77764892578125,15.244016647338867,20.475505828857422,12.176456451416016,33.615150451660156,41.227516174316406,9.942869186401367,15.244016647338867,21.07594936708861,12.176456451416016,33.615150451660156,41.227516174316406,9.942869186401367,13065.970329542539,12844.026936125761,25909.997265668302,221.94339341677733
12.488007846997789,16.73409341669732,25.99156118143459,10.169491525423723,35.07030603804796,41.443084136493866,11.19157340355497,1380.1435546875,1274.54345703125,1146.5767822265625,2492.302734375,-811.968017578125,1310.36376953125,-1592.688232421875,-1323.935546875,-1795.75537109375,-354.8154296875,1839.7431640625,-753.489501953125,2137.248046875,-3.07208251953125,2347.826171875,-814.3200073242188,-1342.0316162109375,-213.4246063232422,-2581.24609375,-859.5360107421875,-2156.23974609375,75.02410888671875,2089.8232421875,862.140380859375,1048.991943359375,-1647.5537109375,1575.439453125,-3044.58984375,-236.7840576171875,-520.0096435546875,14.877470016479492,20.075611114501953,12.490348815917969,33.303062438964844,41.17167282104492,9.938060760498047,14.877470016479492,20.907172995780584,12.490348815917969,33.303062438964844,41.17167282104492,9.938060760498047,13067.00447476844,12924.672098846679,25991.67657361512,142.33237592176192
12.521062247997179,16.366311143802875,25.569620253164558,10.793933987511167,34.656741108354026,41.443084136493866,11.19157340355497,1389.74365234375,1274.54345703125,1162.0648193359375,2487.5029296875,-816.7680053710938,1306.49169921875,-1602.288330078125,-1328.7353515625,-1799.62744140625,-366.8154296875,1834.94287109375,-768.977783203125,2132.4482421875,4.1279296875,2359.44189453125,-807.1199951171875,-1334.8316650390625,-213.4246063232422,-2590.8466796875,-859.5360107421875,-2140.75146484375,65.42413330078125,2089.8232421875,858.268310546875,1032.19189453125,-1652.353515625,1556.0794677734375,-3046.9892578125,-229.58404541015625,-508.3936462402344,14.427343368530273,18.184268951416016,13.877269744873047,32.35891342163086,41.095237731933594,10.34046745300293,14.427343368530273,20.31645569620254,13.877269744873047,32.35891342163086,41.095237731933594,10.34046745300293,13096.075203878767,12894.61583538854,25990.69103926731,201.45936849022655
12.557473139997455,15.924972416329524,24.894514767932492,11.77520071364853,33.99503722084367,41.390987236259434,11.19157340355497,1408.94384765625,1269.74365234375,1193.0408935546875,2453.90234375,-840.7680053710938,1287.13232421875,-1643.088134765625,-1302.3349609375,-1811.24365234375,-381.215576171875,1815.7431640625,-788.337646484375,2086.8486328125,6.527923583984375,2409.77783203125,-742.3200073242188,-1327.6317138671875,-182.4486083984375,-2586.046875,-893.135986328125,-2152.36767578125,36.62408447265625,2092.22265625,842.7802734375,1017.7919921875,-1661.9541015625,1494.12744140625,-3022.9892578125,-251.18405151367188,-388.3616638183594,13.765296936035156,16.180538177490234,15.26944351196289,31.53644371032715,40.619834899902344,10.505666732788086,13.765296936035156,19.725738396624465,15.26944351196289,31.53644371032715,40.619834899902344,10.505666732788086,13110.717246746644,12782.804541401407,25893.52178814805,327.91270534523755
12.596238678997906,15.630746598013985,24.47257383966243,12.578055307760934,33.49875930521091,41.28679343579057,11.19157340355497,1420.94384765625,1255.34375,1189.1688232421875,2444.302734375,-847.968017578125,1248.41162109375,-1652.688232421875,-1314.3349609375,-1803.49951171875,-371.615478515625,1820.54296875,-799.953857421875,2082.0478515625,-5.472076416015625,2429.13818359375,-696.7200317382812,-1306.0316162109375,-170.83261108398438,-2578.8466796875,-900.3359375,-2125.263671875,12.62408447265625,2106.623046875,815.67626953125,991.3919677734375,-1666.75390625,1439.91943359375,-3027.7890625,-258.3840637207031,-334.1536560058594,12.520076751708984,11.606090545654297,19.144710540771484,29.56336784362793,39.79603576660156,11.078489303588867,12.520076751708984,19.21940928270044,18.20249776984835,29.56336784362793,39.79603576660156,11.078489303588867,13110.00735969,12682.56864100481,25792.57600069481,427.4387186851909
12.625795924999693,15.189407870540634,23.966244725738406,13.737734165923271,32.671629445823015,41.130502735087276,11.19157340355497,1406.54345703125,1284.1435546875,1204.6568603515625,2429.90234375,-845.5679931640625,1306.49169921875,-1650.288330078125,-1311.935546875,-1815.11572265625,-395.615478515625,1810.94287109375,-799.953857421875,2084.4482421875,13.727935791015625,2417.52197265625,-708.7200317382812,-1339.6317138671875,-182.4486083984375,-2581.24609375,-902.7359619140625,-2183.34375,22.22412109375,2099.4228515625,866.012451171875,1000.991943359375,-1673.9541015625,1443.79150390625,-3027.7890625,-255.9840545654297,-349.64166259765625,12.685113906860352,12.136905670166016,19.099720001220703,29.541135787963867,40.04167938232422,11.153696060180664,12.685113906860352,18.79746835443038,19.094558429973247,29.541135787963867,40.04167938232422,11.153696060180664,13132.067313530702,12782.171345559833,25914.238659090537,349.8959679708696
12.653760329998477,14.748069143067298,23.459915611814353,14.808206958073143,32.00992555831266,40.81792133368066,11.19157340355497,1406.54345703125,1243.34375,1193.0408935546875,2425.1025390625,-847.968017578125,1260.02783203125,-1628.688232421875,-1304.7353515625,-1784.1396484375,-393.215576171875,1818.14306640625,-811.569580078125,2062.8486328125,6.527923583984375,2405.90625,-694.3200073242188,-1334.8316650390625,-178.57659912109375,-2590.8466796875,-905.135986328125,-2179.4716796875,17.42413330078125,2101.8232421875,854.396240234375,993.7919921875,-1681.1533203125,1424.431396484375,-3025.3896484375,-263.18408203125,-326.40966796875,11.740264892578125,9.22869873046875,21.29726791381836,28.343833923339844,38.996883392333984,11.097209930419922,11.740264892578125,18.291139240506325,20.16503122212312,28.343833923339844,38.996883392333984,11.097209930419922,13030.026952033866,12760.147507383084,25790.17445941695,269.8794446507818
12.693857783000567,14.233173961015083,22.86919831223628,16.41391614629795,30.93465674110837,40.40114613180518,11.454904542462147,1348.94384765625,1204.943359375,1146.5767822265625,2348.302734375,-811.968017578125,1232.92431640625,-1571.088134765625,-1249.53515625,-1733.8037109375,-359.615478515625,1758.14306640625,-749.617919921875,1993.248046875,-0.67205810546875,2309.10595703125,-670.3200073242188,-1318.0316162109375,-170.83261108398438,-2499.646484375,-900.3359375,-2160.111328125,17.42413330078125,2046.623046875,846.65234375,984.1919555664062,-1611.5537109375,1401.199462890625,-2931.7890625,-270.3840637207031,-314.79364013671875,10.829292297363281,5.769397735595703,24.66018295288086,26.470691680908203,37.704254150390625,11.231073379516602,10.829292297363281,17.447257383966246,22.216770740410354,26.470691680908203,37.704254150390625,11.231073379516602,12563.052224244195,12440.013267393675,25003.06549163787,123.03895685051975
12.720565051000449,13.865391688120638,22.109704641350206,18.019625334522743,29.611248966087658,40.34904923157072,11.454904542462147,1336.94384765625,1202.54345703125,1123.3448486328125,2343.5029296875,-790.3680419921875,1229.05224609375,-1530.288330078125,-1263.93505859375,-1698.95556640625,-374.015625,1765.3427734375,-768.977783203125,2005.248046875,11.32794189453125,2270.38623046875,-682.3200073242188,-1327.6317138671875,-186.32058715820312,-2502.046875,-878.7359619140625,-2163.9833984375,39.02410888671875,2046.623046875,858.268310546875,967.3919677734375,-1613.9541015625,1377.967529296875,-2943.7890625,-253.5840606689453,-341.89764404296875,10.310249328613281,3.0506591796875,27.908348083496094,24.040281295776367,36.70820617675781,11.370763778686523,10.310249328613281,16.940928270042193,23.37644959857269,24.363110008271292,36.70820617675781,11.370763778686523,12485.310190026035,12453.361311947769,24938.671501973804,31.948878078266716
12.756213963999471,13.056270687752857,21.350210970464147,19.268510258697603,28.866832092638532,39.41130502735086,11.454904542462147,1334.54345703125,1176.1435546875,1119.4727783203125,2341.1025390625,-795.1680297851562,1205.81982421875,-1520.688232421875,-1263.93505859375,-1683.46728515625,-371.615478515625,1770.14306640625,-772.849853515625,1990.8486328125,1.727935791015625,2266.51416015625,-653.52001953125,-1327.6317138671875,-170.83261108398438,-2526.046875,-895.5360107421875,-2175.599609375,24.62408447265625,2061.0224609375,846.65234375,967.3919677734375,-1633.1533203125,1362.4794921875,-2958.189453125,-265.58404541015625,-295.43365478515625,9.869796752929688,1.7620277404785156,30.148033142089844,22.541471481323242,35.935115814208984,11.4486083984375,9.869796752929688,16.097046413502113,24.80374665477251,23.4532671629446,35.935115814208984,11.4486083984375,12433.201847242392,12491.124647667424,24924.326494909816,-57.92280042503262
12.79064181799913,12.39426259654283,20.506329113924053,21.05263157894737,27.37799834574028,38.26517322219328,11.52073732718894,1332.1435546875,1159.34375,1103.9849853515625,2317.1025390625,-795.1680297851562,1174.84423828125,-1508.688232421875,-1237.53515625,-1664.107421875,-364.41552734375,1736.54296875,-768.977783203125,1959.6484375,-3.07208251953125,2254.89794921875,-624.7200317382812,-1279.6317138671875,-159.21661376953125,-2528.4462890625,-907.5360107421875,-2129.1357421875,-13.77587890625,2051.4228515625,792.4443359375,952.991943359375,-1652.353515625,1308.271484375,-2917.3896484375,-277.58404541015625,-217.99365234375,9.626598358154297,-0.5247383117675781,32.173095703125,20.905929565429688,35.11433792114258,11.43940544128418,9.626598358154297,15.33755274261604,26.498661909009826,21.964433416046333,35.11433792114258,11.43940544128418,12285.369268071205,12311.548746131728,24596.918014202933,-26.17947806052325
12.832979196999077,11.732254505332833,19.746835443037966,22.569134701159683,25.80645161290323,37.43162281844229,11.586570111915734,1291.34375,1125.74365234375,1045.9049072265625,2305.1025390625,-768.7680053710938,1132.251953125,-1451.08837890625,-1254.33544921875,-1613.771484375,-338.015625,1738.94287109375,-745.745849609375,1959.6484375,-15.07208251953125,2196.81787109375,-574.3200073242188,-1229.2315673828125,-143.72860717773438,-2470.8466796875,-893.135986328125,-2043.9515380859375,-32.97589111328125,2027.4228515625,726.620361328125,919.3919677734375,-1635.5537109375,1254.0634765625,-2866.9892578125,-284.7840576171875,-163.78565979003906,9.335508346557617,-1.49609375,33.98088073730469,19.401885986328125,34.277748107910156,11.541862487792969,9.335508346557617,14.324894514767934,28.28278322925958,20.06203473945409,34.277748107910156,11.541862487792969,12060.53781483267,11989.580770626924,24050.118585459597,70.95704420574657
12.860189110997453,11.217359323280604,18.987341772151893,23.996431757359503,24.40033085194375,36.65016931492576,11.652402896642528,1303.34375,1135.34375,1073.0089111328125,2297.90234375,-775.968017578125,1155.48388671875,-1472.688232421875,-1235.13525390625,-1629.25927734375,-350.015625,1719.7431640625,-749.617919921875,1950.0478515625,-10.272064208984375,2212.30615234375,-552.719970703125,-1178.8316650390625,-147.6005859375,-2478.046875,-897.9359130859375,-2005.2315673828125,-61.77587890625,2027.4228515625,668.540283203125,924.1919555664062,-1654.75390625,1246.3194580078125,-2845.3896484375,-296.7840576171875,-128.93765258789062,9.02617073059082,-2.8603439331054688,35.53797912597656,17.92361831665039,33.355770111083984,11.373407363891602,9.02617073059082,13.734177215189888,29.53166815343444,18.986765922249802,33.355770111083984,11.373407363891602,12098.198436260795,11889.93837982641,23988.136816087204,208.26005643438475
12.89341839899862,10.70246414122839,18.312236286919827,25.423728813559322,23.159636062861864,35.92081271164366,11.652402896642528,1312.94384765625,1128.1435546875,1069.1368408203125,2312.302734375,-778.3680419921875,1132.251953125,-1477.48828125,-1232.7353515625,-1629.25927734375,-333.215576171875,1731.7431640625,-749.617919921875,1947.6484375,-12.67205810546875,2239.41015625,-543.1199951171875,-1142.8316650390625,-128.2406005859375,-2463.646484375,-897.9359130859375,-1970.3834228515625,-88.1759033203125,2032.22265625,598.84423828125,931.3919677734375,-1659.5537109375,1261.807373046875,-2828.58984375,-315.98406982421875,-94.08966064453125,8.6798677444458,-5.364845275878906,38.63169860839844,15.312305450439453,32.39474868774414,11.53436279296875,8.6798677444458,13.059071729957793,30.78055307760927,17.746071133167916,32.39474868774414,11.53436279296875,12129.767072295488,11803.342460306783,23933.10953260227,326.4246119887048
12.934476245998667,10.187568959176161,17.38396624472574,27.02943800178413,21.50537634408603,34.98306850742381,11.652402896642528,1308.1435546875,1113.74365234375,1073.0089111328125,2302.7021484375,-785.5679931640625,1120.63623046875,-1479.88818359375,-1225.53515625,-1617.6435546875,-340.41552734375,1729.3427734375,-753.489501953125,1938.0478515625,-15.07208251953125,2239.41015625,-528.719970703125,-1133.2315673828125,-132.11260986328125,-2461.24609375,-912.3359375,-1978.1275634765625,-114.57586669921875,2039.4228515625,575.6123046875,940.991943359375,-1664.353515625,1242.447509765625,-2823.7890625,-332.7840576171875,-51.497650146484375,8.3275146484375,-6.5911407470703125,40.537776947021484,13.11550521850586,31.755035400390625,11.406103134155273,8.3275146484375,11.962025316455694,32.921498661909,15.760959470636891,31.755035400390625,11.406103134155273,12094.4655159693,11790.434809173581,23884.90032514288,304.0307067957183
12.96421419699982,9.819786686281716,16.708860759493675,28.724353256021402,20.09925558312655,33.993227402969524,11.652402896642528,1317.74365234375,1094.54345703125,1065.2647705078125,2300.302734375,-795.1680297851562,1089.66015625,-1472.688232421875,-1218.33544921875,-1609.8994140625,-328.41552734375,1722.14306640625,-745.745849609375,1928.4482421875,-29.472076416015625,2251.02587890625,-511.9200134277344,-1078.0316162109375,-128.2406005859375,-2466.046875,-914.7359619140625,-1923.9195556640625,-150.57586669921875,2032.22265625,490.42822265625,948.1919555664062,-1676.353515625,1238.575439453125,-2804.58984375,-349.58404541015625,-5.033660888671875,8.006219863891602,-8.588909149169922,42.803810119628906,10.061939239501953,30.511430740356445,11.20600700378418,8.006219863891602,11.371308016877634,34.17038358608386,14.685690653432601,30.511430740356445,11.20600700378418,12052.34685397599,11671.147168389618,23723.49402236561,381.19968558637265
13.002491790997738,9.452004413387272,15.949367088607588,29.884032114183753,19.023986765922245,33.315967699921856,11.718235681369322,1327.34375,1077.74365234375,1065.2647705078125,2305.1025390625,-799.968017578125,1058.68408203125,-1482.288330078125,-1208.7353515625,-1606.02734375,-318.8154296875,1729.3427734375,-753.489501953125,1921.248046875,-36.67207336425781,2270.38623046875,-495.1200256347656,-1039.6317138671875,-124.36859130859375,-2466.046875,-924.3359375,-1881.3275146484375,-176.97589111328125,2051.4228515625,424.604248046875,964.991943359375,-1702.75390625,1250.19140625,-2802.189453125,-361.58404541015625,25.942352294921875,7.860540866851807,-9.380023956298828,44.377052307128906,8.316352844238281,30.012584686279297,11.237957000732422,7.860540866851807,10.443037974683534,35.776092774308665,13.114143920595538,30.012584686279297,11.237957000732422,12059.28323231806,11645.056901659489,23704.34013397755,414.2263306585701
13.027007409997168,9.157778595071719,15.105485232067522,31.66815343443355,17.369727047146412,32.43032039593646,11.718235681369322,1327.34375,1075.34375,1073.0089111328125,2288.302734375,-804.7680053710938,1066.42822265625,-1484.688232421875,-1196.7353515625,-1602.1552734375,-330.8154296875,1729.3427734375,-749.617919921875,1906.8486328125,-34.272064208984375,2274.2578125,-483.1200256347656,-965.2315673828125,-108.880615234375,-2485.24609375,-912.3359375,-1807.7596435546875,-224.97589111328125,2073.0224609375,323.932373046875,964.991943359375,-1760.353515625,1242.447509765625,-2773.3896484375,-378.3840637207031,64.662353515625,7.674821376800537,-10.999187469482422,45.68282699584961,6.605800628662109,29.138277053833008,11.18436050415039,7.674821376800537,9.852320675105489,37.203389830508485,11.956162117452436,29.138277053833008,11.18436050415039,12039.448030196167,11561.51995483716,23600.967985033327,477.92807535900647
13.0620165979999,8.937109231335043,14.345991561181435,33.273862622658356,16.129032258064527,31.49257619171658,11.718235681369322,1332.1435546875,1068.1435546875,1069.1368408203125,2300.302734375,-811.968017578125,1035.4521484375,-1491.88818359375,-1203.93505859375,-1602.1552734375,-309.215576171875,1738.94287109375,-761.233642578125,1909.248046875,-41.472076416015625,2289.74609375,-478.32000732421875,-816.4317626953125,-108.880615234375,-2521.24609375,-871.5360107421875,-1621.9034423828125,-277.7759094238281,2097.0224609375,138.076416015625,967.3919677734375,-1834.75390625,1254.0634765625,-2758.9892578125,-387.98406982421875,84.0223388671875,7.482083320617676,-11.58663558959961,46.791473388671875,5.522365570068359,28.038311004638672,11.225595474243164,7.482083320617676,9.092827004219416,38.630686886708304,10.632754342431767,28.038311004638672,11.225595474243164,12067.950428509615,11405.516349811665,23473.46677832128,662.4340786979501
13.101176456999383,8.716439867598382,13.41772151898735,34.879571810883135,14.474772539288665,30.606928887731186,11.718235681369322,1348.94384765625,1060.943359375,1076.8809814453125,2297.90234375,-823.968017578125,1027.7080078125,-1515.88818359375,-1184.7353515625,-1617.6435546875,-311.615478515625,1731.7431640625,-749.617919921875,1890.0478515625,-46.27207946777344,2309.10595703125,-447.1199951171875,-742.0316162109375,-97.26458740234375,-2523.646484375,-871.5360107421875,-1548.3355712890625,-330.5758972167969,2116.22265625,41.2763671875,974.5919799804688,-1880.353515625,1246.3194580078125,-2737.3896484375,-411.98406982421875,145.97433471679688,7.089391231536865,-13.738288879394531,49.12028884887695,2.077465057373047,26.679641723632812,11.073158264160156,7.089391231536865,8.164556962025316,40.68242640499554,8.73035566583954,26.679641723632812,11.073158264160156,12085.291551440554,11329.907862867867,23415.199414308423,755.3836885726869
13.12837639099962,8.569326958440598,12.742616033755283,36.48528099910794,13.068651778329183,29.773378483980196,11.718235681369322,1344.1435546875,1044.1435546875,1069.1368408203125,2309.90234375,-823.968017578125,1008.34814453125,-1501.48828125,-1206.33544921875,-1602.1552734375,-302.015625,1753.3427734375,-749.617919921875,1897.248046875,-53.472076416015625,2309.10595703125,-437.52001953125,-564.4317626953125,-101.1365966796875,-2562.046875,-816.3359375,-1358.6075439453125,-388.1759033203125,2159.4228515625,-191.043701171875,964.991943359375,-1969.1533203125,1238.575439453125,-2706.189453125,-421.5840759277344,165.33432006835938,6.918184757232666,-14.492755889892578,50.65486145019531,-0.1303558349609375,26.529836654663086,11.033422470092773,6.918184757232666,7.573839662447256,41.75289919714541,7.820512820512818,26.529836654663086,11.033422470092773,12086.640309518427,11198.617135592194,23285.25744511062,888.0231739262326
13.168962707997707,8.275101140125045,12.067510548523202,37.734165923282774,11.993382961124894,28.73144047929148,11.718235681369322,1363.34375,1029.74365234375,1073.0089111328125,2305.1025390625,-838.3680419921875,981.244140625,-1518.288330078125,-1184.7353515625,-1602.1552734375,-297.215576171875,1746.14306640625,-761.233642578125,1878.0478515625,-63.07206726074219,2340.08203125,-437.52001953125,-523.6317138671875,-89.52059936523438,-2581.24609375,-821.135986328125,-1277.2955322265625,-419.37591552734375,2166.623046875,-233.6357421875,974.5919799804688,-1995.5537109375,1257.935546875,-2708.58984375,-433.5840759277344,192.43832397460938,6.604891777038574,-16.50042724609375,52.44443893432617,-2.0022811889648438,25.09215545654297,10.992177963256836,6.604891777038574,6.645569620253156,43.4478144513827,6.248966087675754,25.09215545654297,10.992177963256836,12093.560318346588,11204.29628763157,23297.85660597816,889.2640307150177
13.195983658999467,8.054431776388384,11.308016877637144,39.42908117752006,10.339123242349046,27.897890075540516,11.718235681369322,1363.34375,1024.943359375,1080.7528076171875,2302.7021484375,-845.5679931640625,969.6279296875,-1525.48828125,-1184.7353515625,-1609.8994140625,-285.215576171875,1758.14306640625,-757.361572265625,1870.8486328125,-65.47207641601562,2351.6982421875,-418.32000732421875,-533.2315673828125,-89.52059936523438,-2571.646484375,-833.135986328125,-1304.3995361328125,-426.575927734375,2169.0224609375,-237.507568359375,981.7919921875,-1988.353515625,1246.3194580078125,-2703.7890625,-445.5840759277344,227.28634643554688,6.315021991729736,-19.11428451538086,55.45022201538086,-6.0464935302734375,23.0111141204834,10.979867935180664,6.315021991729736,6.05485232067511,44.964317573595,4.925558312655085,23.0111141204834,10.979867935180664,12112.66402897134,11201.848366629907,23314.512395601247,910.8156623414325
13.23476697499791,7.8337624126517085,10.632911392405049,40.85637823371991,9.181141439205959,27.22063037249282,11.718235681369322,1368.1435546875,1017.74365234375,1069.1368408203125,2317.1025390625,-847.968017578125,942.52392578125,-1523.08837890625,-1194.33544921875,-1606.02734375,-280.41552734375,1770.14306640625,-757.361572265625,1875.6484375,-75.07206726074219,2355.56982421875,-420.7200012207031,-521.2315673828125,-89.52059936523438,-2588.4462890625,-837.9359130859375,-1292.7835693359375,-438.575927734375,2171.4228515625,-245.251708984375,979.3919677734375,-1993.1533203125,1246.3194580078125,-2703.7890625,-447.98406982421875,235.03036499023438,6.012165546417236,-20.253379821777344,56.84971618652344,-6.938014984130859,22.230947494506836,10.879974365234375,6.012165546417236,5.210970464135016,46.570026761819804,3.436724565756819,22.230947494506836,10.879974365234375,12126.68960047486,11214.136047387357,23340.825647862217,912.5535530875022
13.26634564899723,7.613093048915047,9.789029535864984,42.46208742194469,7.526881720430097,26.07449856733524,11.718235681369322,1382.54345703125,998.54345703125,1084.6248779296875,2300.302734375,-862.3680419921875,919.2919921875,-1539.888427734375,-1177.53515625,-1602.1552734375,-282.8154296875,1774.94287109375,-765.105712890625,1851.6484375,-82.27207946777344,2378.80224609375,-394.32000732421875,-542.8316650390625,-85.64859008789062,-2569.24609375,-859.5360107421875,-1343.1195068359375,-450.575927734375,2169.0224609375,-233.6357421875,991.3919677734375,-1993.1533203125,1250.19140625,-2701.3896484375,-467.18408203125,277.6223449707031,5.788418769836426,-22.447551727294922,59.12382888793945,-9.39584732055664,20.852853775024414,10.924932479858398,5.788418769836426,4.53586497890295,48.17573595004461,2.030603804797366,20.852853775024414,10.924932479858398,12128.076045662381,11236.510931293684,23364.586976956067,891.5651143686973
13.301591796000139,7.392423685178386,9.113924050632917,44.067796610169495,6.286186931348212,24.667882261005474,11.718235681369322,1375.34375,972.1435546875,1053.6488037109375,2319.5029296875,-862.3680419921875,880.572265625,-1525.48828125,-1191.93505859375,-1602.1552734375,-251.615478515625,1796.54296875,-761.233642578125,1866.0478515625,-94.27207946777344,2374.93017578125,-396.7200012207031,-533.2315673828125,-74.0325927734375,-2581.24609375,-869.135986328125,-1339.2474365234375,-460.1759033203125,2185.8232421875,-245.251708984375,991.3919677734375,-1997.9541015625,1254.0634765625,-2725.3896484375,-474.3840637207031,293.1103210449219,5.747914791107178,-23.57370948791504,59.959381103515625,-9.822914123535156,20.26138687133789,10.960573196411133,5.747914791107178,3.776371308016877,49.51382694023195,0.8726220016542641,20.26138687133789,10.960573196411133,12115.32658558715,11291.622866863112,23406.949452450262,823.7037187240385
13.336430840998219,7.1717543214417105,8.270042194092824,45.673505798394274,4.79735318444996,23.36545975514457,11.718235681369322,1392.1435546875,962.54345703125,1053.6488037109375,2302.7021484375,-869.5679931640625,857.33984375,-1537.488525390625,-1177.53515625,-1590.53955078125,-263.615478515625,1789.3427734375,-780.593505859375,1827.6484375,-101.47207641601562,2398.162109375,-377.52001953125,-545.2315673828125,-70.16061401367188,-2588.4462890625,-885.9359130859375,-1350.8636474609375,-462.575927734375,2183.4228515625,-241.379638671875,991.3919677734375,-1995.5537109375,1250.19140625,-2732.58984375,-481.5840759277344,320.2143249511719,5.589948654174805,-24.62149429321289,61.26904296875,-10.92531967163086,19.646400451660156,10.945486068725586,5.589948654174805,3.01687763713079,51.3871543264942,-0.7816377171215834,19.646400451660156,10.945486068725586,12093.007665753204,11311.092696216994,23404.1003619702,781.9149695362103
13.36675410099997,6.951084957705049,7.510548523206765,47.36842105263156,3.391232423490493,22.16723104975253,11.718235681369322,1413.74365234375,960.1435546875,1084.6248779296875,2312.302734375,-893.5679931640625,834.10791015625,-1571.088134765625,-1251.93505859375,-1629.25927734375,-278.015625,1837.3427734375,-819.313720703125,1858.8486328125,-103.8720703125,2456.2421875,-379.9200134277344,-545.2315673828125,-70.16061401367188,-2588.4462890625,-890.7359619140625,-1350.8636474609375,-469.7759094238281,2202.623046875,-249.12353515625,991.3919677734375,-1990.75390625,1250.19140625,-2742.189453125,-486.3840637207031,327.9583435058594,5.506649971008301,-25.499685287475586,62.279197692871094,-11.788883209228516,18.986637115478516,10.912242889404297,5.506649971008301,2.2573839662447313,52.992863514719005,-2.022332506203469,18.986637115478516,10.912242889404297,12339.089157482253,11342.220063883986,23681.30922136624,996.8690935982668
13.406987007998396,6.73041559396836,6.751054852320678,48.79571810883141,2.3159636062861892,21.385777546236,11.718235681369322,1425.74365234375,960.1435546875,1088.4969482421875,2300.302734375,-903.1680297851562,837.97998046875,-1597.488525390625,-1230.33544921875,-1644.74755859375,-285.215576171875,1815.7431640625,-830.929931640625,1839.6484375,-106.27207946777344,2479.47412109375,-379.9200134277344,-538.0316162109375,-62.416595458984375,-2595.646484375,-893.135986328125,-1335.3756103515625,-476.97589111328125,2212.22265625,-256.86767578125,996.1919555664062,-2007.5537109375,1254.0634765625,-2749.3896484375,-486.3840637207031,347.3183288574219,5.342554092407227,-27.19273567199707,63.86442184448242,-12.79958724975586,18.04153060913086,10.965841293334961,5.342554092407227,1.329113924050617,54.77698483496877,-3.5938792390405325,18.04153060913086,10.965841293334961,12352.46659965944,11373.518121491354,23725.984721150795,978.9484781680858
13.432464171997708,6.656859139389468,5.991561181434605,50.669045495093656,0.7444168734491257,20.55222714248501,11.718235681369322,1430.54345703125,962.54345703125,1092.3687744140625,2302.7021484375,-905.5679931640625,826.3642578125,-1599.888427734375,-1244.7353515625,-1652.49169921875,-280.41552734375,1837.3427734375,-823.185791015625,1844.4482421875,-106.27207946777344,2479.47412109375,-353.52001953125,-538.0316162109375,-54.672607421875,-2578.8466796875,-900.3359375,-1358.6075439453125,-488.97589111328125,2212.22265625,-260.73974609375,993.7919921875,-1997.9541015625,1234.703369140625,-2734.9892578125,-498.3840637207031,378.2943420410156,5.220254898071289,-28.027708053588867,64.5006103515625,-12.91183090209961,17.686250686645508,11.016536712646484,5.220254898071289,0.7383966244725713,56.20428189116859,-4.669148056244822,17.686250686645508,11.016536712646484,12389.984556334712,11333.316834856027,23723.30139119074,1056.667721478685
13.46729179400063,6.509746230231713,5.316455696202539,52.18554861730598,-0.41356492969396186,19.82287053920291,11.718235681369322,1440.1435546875,974.54345703125,1111.7288818359375,2305.1025390625,-917.5679931640625,834.10791015625,-1631.088134765625,-1256.7353515625,-1679.595703125,-294.8154296875,1839.7431640625,-858.033935546875,1854.0478515625,-101.47207641601562,2510.4501953125,-355.9200134277344,-514.0316162109375,-46.9285888671875,-2586.046875,-897.9359130859375,-1323.7596435546875,-496.1759033203125,2221.8232421875,-283.9716796875,988.991943359375,-2007.5537109375,1250.19140625,-2742.189453125,-493.5840759277344,366.6783142089844,5.1799726486206055,-28.535747528076172,64.91146850585938,-13.245235443115234,17.459510803222656,11.02667236328125,5.1799726486206055,-0.02109704641350163,57.72078501338092,-5.909842845326708,17.459510803222656,11.02667236328125,12512.418693061774,11335.693713799126,23848.1124068609,1176.724979262648
13.502218690999143,6.362633321073915,4.388185654008453,53.88046387154327,-1.9023986765922274,18.989320135451933,11.718235681369322,1456.94384765625,972.1435546875,1138.8328857421875,2285.90234375,-931.968017578125,830.23583984375,-1657.488525390625,-1244.7353515625,-1695.08349609375,-297.215576171875,1832.54296875,-861.905517578125,1832.4482421875,-103.8720703125,2537.55419921875,-336.7200012207031,-526.0316162109375,-46.9285888671875,-2562.046875,-909.9359130859375,-1339.2474365234375,-500.97589111328125,2214.623046875,-268.483642578125,986.5919799804688,-2002.75390625,1234.703369140625,-2718.189453125,-510.3840637207031,413.1423645019531,4.951149940490723,-30.207683563232422,66.68704223632812,-14.147594451904297,16.652135848999023,11.007911682128906,4.951149940490723,-0.7805907172995887,59.504906333630686,-7.398676592224973,16.652135848999023,11.007911682128906,12549.874208964471,11291.142978616394,23841.017187580866,1258.7312303480776
13.587341823997122,6.289076866495023,3.713080168776358,55.66458519179304,-3.225806451612897,18.46835113310759,11.718235681369322,1456.94384765625,984.1435546875,1123.3448486328125,2293.1025390625,-929.5679931640625,834.10791015625,-1664.688232421875,-1273.53515625,-1726.0595703125,-297.215576171875,1844.54296875,-873.521728515625,1851.6484375,-108.67207336425781,2541.42578125,-336.7200012207031,-511.6317138671875,-46.9285888671875,-2569.24609375,-902.7359619140625,-1316.0155029296875,-512.9758911132812,2226.623046875,-287.84375,979.3919677734375,-2009.9541015625,1242.447509765625,-2732.58984375,-503.18408203125,401.5263366699219,4.142373561859131,-14.7403564453125,51.716041564941406,13.214656829833984,15.242095947265625,9.348037719726562,4.142373561859131,-2.4683544303797618,53.429973238180196,-0.459057071960288,15.242095947265625,9.348037719726562,12621.545492008998,11307.122955336756,23928.668447345754,1314.4225366722421
13.60155576499892,5.99485104817947,2.447257383966246,58.429973238180196,-5.541770057899086,17.478510028653304,11.718235681369322,1471.34375,998.54345703125,1150.4488525390625,2285.90234375,-943.968017578125,845.72412109375,-1705.488525390625,-1275.93505859375,-1768.6513671875,-304.41552734375,1846.94287109375,-889.009521484375,1846.8486328125,-106.27207946777344,2572.40185546875,-317.5199890136719,-497.231689453125,-31.44061279296875,-2559.646484375,-919.5360107421875,-1312.1434326171875,-532.1759033203125,2226.623046875,-307.20361328125,986.5919799804688,-2009.9541015625,1246.3194580078125,-2720.58984375,-517.5840454101562,436.3743591308594,3.9795596599578857,-16.003074645996094,52.820560455322266,12.946765899658203,14.842910766601562,9.459724426269531,3.9795596599578857,-2.6371308016877606,53.697591436217664,-0.6244830438378841,14.842910766601562,9.459724426269531,12740.930457819662,11286.527520601865,24027.457978421528,1454.4029372177974
13.634118390000367,5.847738139021715,2.1097046413502056,58.87600356824262,-5.872622001654264,17.218025527481103,11.718235681369322,1485.74365234375,1008.1435546875,1177.5528564453125,2273.90234375,-958.3680419921875,849.59619140625,-1722.288330078125,-1280.7353515625,-1776.3955078125,-335.615478515625,1842.14306640625,-908.369873046875,1839.6484375,-99.07208251953125,2595.6337890625,-324.7200012207031,-490.0316162109375,-35.312591552734375,-2569.24609375,-907.5360107421875,-1296.6556396484375,-527.3759155273438,2233.8232421875,-307.20361328125,984.1919555664062,-2021.9541015625,1250.19140625,-2722.9892578125,-517.5840454101562,436.3743591308594,3.8162779808044434,-17.981517791748047,54.297645568847656,12.713314056396484,14.489961624145508,9.587974548339844,3.8162779808044434,-3.0590717299578074,54.297645568847656,-0.8726220016542641,14.489961624145508,9.587974548339844,12807.184168571544,11301.026735402696,24108.210903974243,1506.157433168848
13.666206986999896,5.479955866127256,1.51898734177216,58.697591436217664,-5.459057071960288,16.488668924199004,11.389071757735353,1545.74365234375,1041.74365234375,1258.8648681640625,2341.1025390625,-996.76806640625,899.93212890625,-1806.288330078125,-1355.1357421875,-1846.09130859375,-383.615478515625,1921.3427734375,-978.065673828125,1909.248046875,-89.47207641601562,2711.7939453125,-322.32000732421875,-550.0316162109375,-27.568603515625,-2684.4462890625,-950.7359619140625,-1389.5836181640625,-517.77587890625,2322.623046875,-249.12353515625,1000.991943359375,-2103.5537109375,1257.935546875,-2847.7890625,-522.3840942382812,467.3503112792969,3.6242034435272217,-19.616256713867188,55.544525146484375,12.424583435058594,14.11773681640625,9.735847473144531,3.6242034435272217,-3.7341772151898738,55.544525146484375,-0.04549214226634035,14.11773681640625,9.735847473144531,13372.421265913254,11779.814085751577,25152.23535166483,1592.6071801616763
13.704512768999848,5.112173593232811,0.9282700421940859,57.80553077609278,-3.639371381306873,15.603021620213582,11.19157340355497,1615.34375,1056.1435546875,1270.4808349609375,2425.1025390625,-1025.5679931640625,884.44384765625,-1844.688232421875,-1422.3349609375,-1873.1953125,-402.8154296875,1976.54296875,-1047.761962890625,1971.6484375,-94.27207946777344,2793.10595703125,-360.7200012207031,-590.8316650390625,-27.568603515625,-2859.646484375,-972.3359375,-1412.8155517578125,-520.1759033203125,2452.22265625,-233.6357421875,1024.991943359375,-2216.353515625,1331.50341796875,-3042.189453125,-517.5840454101562,444.1183166503906,3.4923393726348877,-21.19674301147461,56.709041595458984,12.297904968261719,13.700651168823242,9.724655151367188,3.4923393726348877,-4.240506329113913,56.709041595458984,2.022332506203483,13.700651168823242,9.724655151367188,13770.581156515278,12443.986844449806,26214.568000965082,1326.594312065472
13.73830407299829,4.744391320338366,0.4219409282700326,57.270294380017845,-2.1505376344086073,15.029955717634792,11.19157340355497,1620.1435546875,1060.943359375,1297.5848388671875,2417.90234375,-1027.968017578125,892.18798828125,-1866.288330078125,-1429.53515625,-1884.8115234375,-417.215576171875,1983.7431640625,-1059.377685546875,1969.248046875,-94.27207946777344,2835.6982421875,-303.1199951171875,-622.0316162109375,-12.080596923828125,-2773.24609375,-1017.9359130859375,-1494.1275634765625,-527.3759155273438,2425.8232421875,-206.53173828125,1027.3919677734375,-2151.5537109375,1281.16748046875,-3003.7890625,-558.3840942382812,521.558349609375,3.1673591136932373,-24.151348114013672,58.943443298339844,11.858543395996094,12.958734512329102,9.736934661865234,3.1673591136932373,-4.831223628691987,58.943443298339844,3.3457402812241526,12.958734512329102,9.736934661865234,13859.95578490505,12299.765182507203,26159.720967412253,1560.1906023978481
13.771931866998784,4.376609047443907,-0.25316455696201956,57.448706512042804,-0.9098428453267076,14.561083615524879,11.19157340355497,1603.34375,1082.54345703125,1297.5848388671875,2408.302734375,-1018.3680419921875,923.1640625,-1856.688232421875,-1472.7353515625,-1908.04345703125,-429.215576171875,2002.94287109375,-1140.689697265625,1998.0478515625,-55.8720703125,2808.59423828125,-346.32000732421875,-473.231689453125,-19.824615478515625,-2842.8466796875,-866.7359619140625,-1223.0875244140625,-491.37591552734375,2454.623046875,-311.07568359375,952.991943359375,-2257.1533203125,1238.575439453125,-3022.9892578125,-469.5840759277344,366.6783142089844,2.986544132232666,-26.74934196472168,60.83198928833008,11.764976501464844,12.495519638061523,9.78915786743164,2.986544132232666,-5.59071729957806,60.83198928833008,4.669148056244822,12.495519638061523,9.78915786743164,13936.760658963507,12149.698817414252,26086.459476377757,1787.0618415492554
13.806312384000194,3.9352703199705843,-1.0126582278481067,57.98394290811774,0.7444168734491257,13.883823912477197,11.19157340355497,1612.94384765625,1192.943359375,1406.0008544921875,2319.5029296875,-1025.5679931640625,1105.14794921875,-1935.888427734375,-1460.7353515625,-1977.7392578125,-575.615478515625,1906.94287109375,-1132.945556640625,1978.8486328125,-3.07208251953125,2812.4658203125,-372.7200012207031,-283.631591796875,-19.824615478515625,-2938.8466796875,-708.3359375,-855.2474365234375,-476.97589111328125,2447.4228515625,-434.9796142578125,854.5919799804688,-2360.353515625,1153.3914794921875,-2982.189453125,-392.7840576171875,296.9823303222656,2.666736602783203,-29.820363998413086,63.07160568237305,11.478923797607422,11.597515106201172,9.761695861816406,2.666736602783203,-6.350210970464133,63.07160568237305,6.4061207609594675,11.597515106201172,9.761695861816406,14076.053904477752,11926.728462535017,26002.78236701277,2149.325441942736
13.840518540997437,3.346818683339464,-1.687763713080173,59.14362176628009,2.1505376344086073,13.362854910132853,11.125740618828177,1620.1435546875,1123.34375,1355.6649169921875,2355.5029296875,-1023.1680297851562,1008.34814453125,-1885.488525390625,-1511.1357421875,-1853.83544921875,-537.215576171875,1981.3427734375,-1160.049560546875,1926.0478515625,-29.472076416015625,2827.9541015625,-319.91998291015625,-336.431640625,7.279388427734375,-2931.646484375,-761.135986328125,-952.0474853515625,-488.97589111328125,2567.4228515625,-373.027587890625,847.3919677734375,-2470.75390625,1037.2314453125,-3109.3896484375,-409.5840759277344,362.8063659667969,2.513413429260254,-31.68094253540039,64.63543701171875,11.245807647705078,11.318609237670898,9.798782348632812,2.513413429260254,-7.278481012658233,64.63543701171875,7.729528535980137,11.318609237670898,9.798782348632812,13976.788623440625,12246.917899741024,26223.70652318165,1729.8707236996015
13.87562671699925,2.905479955866113,-2.8691983122362927,60.48171275646743,3.556658395368075,12.841885907788495,11.125740618828177,1632.1435546875,1065.74365234375,1309.2008056640625,2396.302734375,-999.1680297851562,950.26806640625,-1818.288330078125,-1499.1357421875,-1846.09130859375,-525.215576171875,2007.7431640625,-1175.537841796875,1993.248046875,-48.67207336425781,2785.36181640625,-389.52001953125,-312.431640625,-19.824615478515625,-3068.4462890625,-705.9359130859375,-859.1195068359375,-450.575927734375,2509.8232421875,-384.6435546875,835.3919677734375,-2429.9541015625,1141.775390625,-3099.7890625,-373.58404541015625,258.2623596191406,2.2379989624023438,-33.82474899291992,66.32720184326172,10.982925415039062,10.739612579345703,9.789947509765625,2.2379989624023438,-8.459915611814353,66.32720184326172,9.218362282878417,10.739612579345703,9.789947509765625,13916.992134455071,12286.916787964949,26203.90892242002,1630.0753464901227
13.90636480899775,2.684810592129466,-3.966244725738406,62.08742194469224,4.880066170388744,12.216723104975259,11.125740618828177,1624.94384765625,1147.34375,1363.4088134765625,2372.302734375,-1013.5679931640625,1035.4521484375,-1885.488525390625,-1496.7353515625,-1931.275390625,-549.215576171875,1959.7431640625,-1148.433837890625,2002.8486328125,-22.272064208984375,2793.10595703125,-324.7200012207031,-250.0316162109375,-8.208587646484375,-3061.24609375,-669.9359130859375,-754.5755615234375,-455.37591552734375,2505.0224609375,-438.8516845703125,780.1919555664062,-2458.75390625,1033.359375,-3056.58984375,-366.3840637207031,324.0863342285156,2.056612968444824,-36.094398498535156,67.93106079101562,10.822940826416016,10.301854133605957,9.817214965820312,2.056612968444824,-9.47257383966246,67.5334522747547,9.962779156327542,10.301854133605957,9.817214965820312,14051.621282135458,12091.125287690918,26142.746569826377,1960.49599444454
13.941805145997932,2.537697682971668,-5.232067510548518,63.42551293487958,5.872622001654264,11.747851002865332,11.125740618828177,1632.1435546875,1142.54345703125,1367.2808837890625,2365.1025390625,-1020.76806640625,1035.4521484375,-1890.288330078125,-1496.7353515625,-1927.4033203125,-556.41552734375,1950.14306640625,-1160.049560546875,1993.248046875,-22.272064208984375,2808.59423828125,-55.919986724853516,-257.231689453125,49.87139892578125,-3044.4462890625,-564.3359375,-626.799560546875,-364.1759033203125,2572.22265625,-245.251708984375,501.79193115234375,-2477.9541015625,518.3834838867188,-3051.7890625,-299.18408203125,552.5343017578125,1.7141437530517578,-38.55281066894531,69.87869262695312,10.538501739501953,9.406331062316895,9.705596923828125,1.7141437530517578,-10.822784810126578,69.1391614629795,10.538501739501953,9.406331062316895,9.705596923828125,14059.846694115146,11733.111902915833,25792.958597030978,2326.734791199313
13.977081447999808,2.537697682971668,-6.497890295358658,65.03122212310438,7.361455748552515,11.174785100286527,11.125740618828177,1636.94384765625,1111.34375,1347.9207763671875,2377.1025390625,-1020.76806640625,988.98828125,-1878.288330078125,-1506.3349609375,-1908.04345703125,-544.41552734375,1988.54296875,-1163.921630859375,1988.4482421875,-34.272064208984375,2804.72216796875,160.08001708984375,-271.631591796875,84.71939086914062,-2970.046875,-494.7359924316406,-526.1275634765625,-299.37591552734375,2622.623046875,-132.963623046875,307.3919372558594,-2453.9541015625,138.92745971679688,-3042.189453125,-267.98406982421875,726.7744140625,1.6239447593688965,-40.26976013183594,70.99555206298828,10.688064575195312,9.183314323425293,9.690059661865234,1.6239447593688965,-12.172995780590725,70.74487065120428,10.688064575195312,9.183314323425293,9.690059661865234,14041.566146394884,11642.356865001326,25683.92301139621,2399.209281393558
14.00194493500021,2.464141228392805,-7.679324894514778,66.28010704727922,8.354011579818035,10.653816097942183,11.125740618828177,1629.74365234375,1144.943359375,1359.5369873046875,2374.7021484375,-1011.1680297851562,1035.4521484375,-1878.288330078125,-1491.935546875,-1927.4033203125,-554.015625,1957.3427734375,-1160.049560546875,2000.4482421875,-27.07208251953125,2796.97802734375,176.8800048828125,-228.431640625,100.20742797851562,-2994.046875,-422.7359924316406,-429.3275146484375,-272.97589111328125,2646.623046875,-98.11572265625,213.79193115234375,-2477.9541015625,61.487457275390625,-3063.7890625,-231.98406982421875,750.00634765625,1.4321236610412598,-42.36703109741211,72.93728637695312,10.268199920654297,8.70418930053711,9.654533386230469,1.4321236610412598,-13.10126582278481,71.63693131132916,10.268199920654297,8.70418930053711,9.654533386230469,14050.197759873212,11673.026604575649,25723.224364448863,2377.171155297563
14.033809239997936,2.1699154100772233,-9.029535864978897,67.61819803746653,9.015715467328377,10.028653295128947,11.125740618828177,1641.74365234375,1156.943359375,1378.8968505859375,2369.90234375,-1027.968017578125,1047.06787109375,-1907.088134765625,-1472.7353515625,-1958.37939453125,-556.41552734375,1952.54296875,-1156.177490234375,1988.4482421875,-34.272064208984375,2816.337890625,299.280029296875,-228.431640625,111.82339477539062,-2941.24609375,-393.9360046386719,-355.759521484375,-251.37588500976562,2658.623046875,-71.01171875,141.79193115234375,-2453.9541015625,-116.62451171875,-3030.189453125,-224.7840576171875,827.4464111328125,1.2508797645568848,-44.83495330810547,74.46411895751953,10.4375,8.501216888427734,9.717643737792969,1.2508797645568848,-14.451476793248943,73.06422836752898,10.4375,8.501216888427734,9.717643737792969,14112.768427306206,11662.91294720663,25775.68137451284,2449.8554800995753
14.070678595999198,1.949246046340562,-10.548523206751057,69.31311329170384,9.181141439205959,9.507684292784575,11.125740618828177,1634.54345703125,1142.54345703125,1363.4088134765625,2377.1025390625,-1020.76806640625,1031.580078125,-1885.488525390625,-1499.1357421875,-1935.1474609375,-554.015625,1974.14306640625,-1163.921630859375,1998.0478515625,-31.8720703125,2793.10595703125,308.8800354003906,-245.231689453125,111.82339477539062,-2919.646484375,-398.7359924316406,-371.24755859375,-239.37588500976562,2658.623046875,-51.651611328125,127.39190673828125,-2434.75390625,-135.98455810546875,-3030.189453125,-217.58404541015625,823.5743408203125,1.0781126022338867,-46.10274887084961,75.66535949707031,10.052436828613281,7.893680572509766,9.668560028076172,1.0781126022338867,-15.886075949367097,74.66993755575379,10.052436828613281,7.893680572509766,9.668560028076172,14082.808027705918,11639.376662390414,25722.184690096332,2443.431365315504
14.111367073997826,1.7285766826038866,-11.814345991561183,70.74041034790366,9.511993382961109,9.09090909090908,11.125740618828177,1636.94384765625,1149.74365234375,1359.5369873046875,2384.302734375,-1018.3680419921875,1039.32421875,-1887.888427734375,-1475.1357421875,-1939.01953125,-554.015625,1957.3427734375,-1156.177490234375,1995.6484375,-31.8720703125,2800.85009765625,287.280029296875,-226.0316162109375,119.56741333007812,-2946.046875,-381.9360046386719,-324.7835693359375,-246.57589721679688,2665.8232421875,-78.755615234375,136.991943359375,-2453.9541015625,-101.13653564453125,-3044.58984375,-210.38406372070312,804.21435546875,0.9163303375244141,-47.661170959472656,76.7387924194336,9.92849349975586,7.509374618530273,9.673519134521484,0.9163303375244141,-17.573839662447256,76.45405887600359,9.92849349975586,7.509374618530273,9.673519134521484,14073.164387523622,11667.251325406696,25740.41571293032,2405.913062116926
14.148633230997802,1.5814637734461172,-13.248945147679322,72.16770740410348,9.511993382961109,8.726230789268044,11.125740618828177,1644.1435546875,1152.1435546875,1363.4088134765625,2379.5029296875,-1023.1680297851562,1035.4521484375,-1890.288330078125,-1496.7353515625,-1946.763671875,-563.615478515625,1962.14306640625,-1171.665771484375,1993.248046875,-29.472076416015625,2804.72216796875,308.8800354003906,-228.431640625,115.69540405273438,-2914.8466796875,-379.5359802246094,-340.271484375,-241.77590942382812,2656.22265625,-67.1396484375,129.79193115234375,-2434.75390625,-120.49652099609375,-3025.3896484375,-215.18405151367188,823.5743408203125,0.7179646492004395,-51.245880126953125,79.70769500732422,9.274303436279297,6.9573235511779785,9.586257934570312,0.7179646492004395,-18.92405063291139,77.97056199821589,9.274303436279297,6.9573235511779785,9.586257934570312,14110.013949142536,11612.390067774546,25722.404016917084,2497.62388136799
14.180988968997553,1.3607944097094418,-14.430379746835442,73.50579839429082,9.511993382961109,8.257358687158117,11.125740618828177,1634.54345703125,1144.943359375,1359.5369873046875,2389.1025390625,-1015.968017578125,1043.1962890625,-1890.288330078125,-1487.1357421875,-1942.8916015625,-551.615478515625,1974.14306640625,-1160.049560546875,1998.0478515625,-34.272064208984375,2796.97802734375,301.6800231933594,-233.231689453125,111.82339477539062,-2912.4462890625,-386.7359924316406,-348.0155029296875,-244.1759033203125,2661.0224609375,-74.883544921875,139.39190673828125,-2437.1533203125,-112.7525634765625,-3039.7890625,-222.38406372070312,811.9583740234375,0.6471290588378906,-53.467132568359375,81.12916564941406,9.641353607177734,6.959225654602051,9.782188415527344,0.6471290588378906,-20.18987341772153,79.30865298840322,9.641353607177734,6.959225654602051,9.782188415527344,14097.265635740434,11627.133573843112,25724.399209583546,2470.1320618973223
14.208660096999665,1.2136815005516723,-15.864978902953581,74.93309545049064,9.511993382961109,7.840583485282622,11.125740618828177,1651.34375,1159.34375,1375.0247802734375,2384.302734375,-1027.968017578125,1050.93994140625,-1902.288330078125,-1475.1357421875,-1958.37939453125,-561.215576171875,1954.94287109375,-1167.793701171875,1990.8486328125,-29.472076416015625,2816.337890625,301.6800231933594,-223.631591796875,123.43942260742188,-2902.8466796875,-381.9360046386719,-324.7835693359375,-244.1759033203125,2661.0224609375,-82.627685546875,132.19195556640625,-2429.9541015625,-120.49652099609375,-3020.58984375,-222.38406372070312,815.830322265625,0.41024112701416016,-57.367218017578125,83.96434020996094,9.484626770019531,6.353082656860352,9.614391326904297,0.41024112701416016,-21.540084388185647,80.64674397859054,9.484626770019531,6.353082656860352,9.614391326904297,14140.35790523493,11587.845206685453,25728.203111920382,2552.512698549477
14.239968680998572,0.9930121368149969,-17.38396624472574,76.6280107047279,9.429280397022339,7.528002083876004,11.125740618828177,1639.34375,1159.34375,1363.4088134765625,2401.1025390625,-1023.1680297851562,1050.93994140625,-1895.088134765625,-1494.3349609375,-1958.37939453125,-554.015625,1976.54296875,-1163.921630859375,2005.248046875,-24.67205810546875,2808.59423828125,308.8800354003906,-230.8316650390625,111.82339477539062,-2895.646484375,-386.7359924316406,-340.271484375,-241.77590942382812,2665.8232421875,-74.883544921875,132.19195556640625,-2427.5537109375,-120.49652099609375,-3022.9892578125,-222.38406372070312,815.830322265625,0.2449631690979004,-60.132781982421875,85.93440246582031,8.992332458496094,5.926279544830322,9.615253448486328,0.2449631690979004,-22.890295358649794,82.16324710080283,8.992332458496094,5.926279544830322,9.615253448486328,14159.467599714104,11593.573438833166,25753.04103854727,2565.894160880938
14.280955997997808,0.8458992276572275,-18.987341772151893,78.2337198929527,9.429280397022339,7.111226882000523,11.125740618828177,1651.34375,1149.74365234375,1367.2808837890625,2396.302734375,-1015.968017578125,1039.32421875,-1885.488525390625,-1482.3349609375,-1939.01953125,-556.41552734375,1959.7431640625,-1171.665771484375,1998.0478515625,-31.8720703125,2804.72216796875,301.6800231933594,-161.231689453125,100.20742797851562,-2490.046875,-312.3359680175781,-138.927490234375,-224.97589111328125,2646.623046875,-187.171630859375,129.79193115234375,-2105.9541015625,-12.080535888671875,-2929.3896484375,-212.7840576171875,684.182373046875,0.15174198150634766,-62.06379699707031,87.4388427734375,9.475128173828125,5.717893600463867,9.643634796142578,0.15174198150634766,-24.66244725738396,83.85816235504015,9.475128173828125,5.717893600463867,9.643634796142578,14113.447010226979,10658.321606339994,24771.768616566973,3455.1254038869847
14.315541591997317,0.625229863920552,-20.421940928270047,79.66101694915255,9.346567411083555,6.590257879656164,11.125740618828177,1641.74365234375,1154.54345703125,1363.4088134765625,2391.5029296875,-1025.5679931640625,1039.32421875,-1899.888427734375,-1484.7353515625,-1950.63525390625,-558.8154296875,1969.3427734375,-1171.665771484375,1993.248046875,-31.8720703125,2800.85009765625,318.4800109863281,-151.631591796875,88.59140014648438,-2370.046875,-312.3359680175781,-96.3355712890625,-220.1759033203125,2641.8232421875,-214.275634765625,134.5919189453125,-2033.9541015625,-8.208526611328125,-2898.189453125,-224.7840576171875,680.3104248046875,0.07306861877441406,-64.61732482910156,89.11497497558594,9.183395385742188,5.67073392868042,9.670757293701172,0.07306861877441406,-26.012658227848107,85.28545941123997,9.183395385742188,5.67073392868042,9.670757293701172,14126.345997475382,10439.655739581864,24566.001737057246,3686.6902578935187
14.34885520500029,0.4781169547627826,-21.68776371308016,80.90990187332739,9.346567411083555,6.277676478249546,11.125740618828177,1644.1435546875,1159.34375,1359.5369873046875,2386.7021484375,-1020.76806640625,1054.81201171875,-1897.488525390625,-1477.53515625,-1958.37939453125,-556.41552734375,1962.14306640625,-1163.921630859375,2005.248046875,-27.07208251953125,2796.97802734375,301.6800231933594,-132.431640625,88.59140014648438,-2382.046875,-295.5359802246094,-65.3594970703125,-222.57589721679688,2646.623046875,-225.8916015625,129.79193115234375,-2055.5537109375,7.27947998046875,-2905.3896484375,-219.98406982421875,657.078369140625,-0.013478755950927734,-67.82151794433594,91.37191009521484,9.487621307373047,5.411563873291016,9.634910583496094,-0.013478755950927734,-27.447257383966246,86.62355040142731,9.487621307373047,5.411563873291016,9.634910583496094,14121.358772111515,10454.462084024244,24575.82085613576,3666.8966880872704
14.384954877998098,0.4781169547627826,-23.122362869198312,82.42640499553971,9.346567411083555,6.0692888773117915,11.125740618828177,1651.34375,1152.1435546875,1375.0247802734375,2391.5029296875,-1025.5679931640625,1031.580078125,-1904.688232421875,-1479.935546875,-1946.763671875,-561.215576171875,1969.3427734375,-1171.665771484375,1995.6484375,-29.472076416015625,2816.337890625,318.4800109863281,-146.8316650390625,92.46340942382812,-2374.8466796875,-307.5359802246094,-96.3355712890625,-224.97589111328125,2644.22265625,-214.275634765625,134.5919189453125,-2043.5537109375,-4.3365478515625,-2893.3896484375,-224.7840576171875,680.3104248046875,-0.175537109375,-72.06776428222656,94.02879333496094,9.493064880371094,4.941589832305908,9.586944580078125,-0.175537109375,-28.96624472573839,88.22925958965212,9.493064880371094,4.941589832305908,9.586944580078125,14148.164780619065,10450.475015670056,24598.63979628912,3697.6897649490093
14.411072678998607,0.4781169547627826,-24.9789029535865,84.121320249777,9.346567411083555,5.860901276374065,11.125740618828177,1644.1435546875,1156.943359375,1371.1529541015625,2398.7021484375,-1020.76806640625,1050.93994140625,-1887.888427734375,-1482.3349609375,-1946.763671875,-556.41552734375,1976.54296875,-1163.921630859375,2005.248046875,-29.472076416015625,2796.97802734375,313.6800231933594,-146.8316650390625,84.71939086914062,-2374.8466796875,-302.7359924316406,-92.4635009765625,-222.57589721679688,2646.623046875,-214.275634765625,127.39190673828125,-2045.9541015625,-0.46453857421875,-2898.189453125,-219.98406982421875,672.56640625,-0.21774005889892578,-71.95713806152344,93.92559814453125,9.437950134277344,4.862200736999512,9.529731750488281,-0.21774005889892578,-30.654008438818565,89.56735057983943,9.437950134277344,4.862200736999512,9.529731750488281,14136.683048547908,10450.244136850994,24586.9271853989,3686.438911696914
14.451388016997953,0.33100404560499896,-26.58227848101265,85.54861730597679,9.346567411083555,5.496222974733001,11.125740618828177,1644.1435546875,1152.1435546875,1359.5369873046875,2401.1025390625,-1023.1680297851562,1047.06787109375,-1890.288330078125,-1463.1357421875,-1958.37939453125,-551.615478515625,1959.7431640625,-1160.049560546875,1990.8486328125,-39.07206726074219,2796.97802734375,299.280029296875,-139.631591796875,100.20742797851562,-2394.046875,-302.7359924316406,-80.8475341796875,-220.1759033203125,2651.4228515625,-210.403564453125,139.39190673828125,-2055.5537109375,26.63946533203125,-2912.58984375,-217.58404541015625,657.078369140625,-0.21173334121704102,-75.21516418457031,95.94835662841797,9.81521987915039,4.860633373260498,9.607269287109375,-0.21173334121704102,-32.34177215189874,91.3514719000892,9.81521987915039,4.860633373260498,9.607269287109375,14103.62843296528,10482.592993559672,24586.221426524953,3621.0354394056085
14.482176533998427,0.11033468186833773,-28.10126582278481,87.06512042818912,9.346567411083555,5.183641573326383,11.125740618828177,1644.1435546875,1147.34375,1359.5369873046875,2405.90234375,-1023.1680297851562,1043.1962890625,-1883.088134765625,-1477.53515625,-1950.63525390625,-558.8154296875,1974.14306640625,-1163.921630859375,1998.0478515625,-34.272064208984375,2793.10595703125,316.08001708984375,-156.431640625,88.59140014648438,-2382.046875,-302.7359924316406,-100.20751953125,-215.37588500976562,2651.4228515625,-202.65966796875,127.39190673828125,-2045.9541015625,-0.46453857421875,-2905.3896484375,-227.18405151367188,676.4383544921875,-0.304567813873291,-75.982666015625,96.34214782714844,9.933109283447266,4.872574329376221,9.553092956542969,-0.304567813873291,-33.77637130801688,92.60035682426405,9.933109283447266,4.872574329376221,9.553092956542969,14118.209691058935,10476.440585665505,24594.65027672444,3641.7691053934304
14.519776514000114,0.11033468186833773,-29.451476793248943,88.22479928635147,9.346567411083555,5.131544673091952,11.125740618828177,1648.94384765625,1156.943359375,1363.4088134765625,2410.7021484375,-1025.5679931640625,1054.81201171875,-1885.488525390625,-1467.935546875,-1958.37939453125,-554.015625,1966.94287109375,-1156.177490234375,2005.248046875,-36.67207336425781,2804.72216796875,306.4800109863281,-132.431640625,88.59140014648438,-2391.646484375,-295.5359802246094,-80.8475341796875,-222.57589721679688,2651.4228515625,-222.01953125,132.19195556640625,-2053.1533203125,11.151458740234375,-2910.189453125,-222.38406372070312,657.078369140625,-0.36341142654418945,-78.68799591064453,97.99365234375,9.99106216430664,4.340282440185547,9.491436004638672,-0.36341142654418945,-35.37974683544303,94.02765388046387,9.99106216430664,4.340282440185547,9.491436004638672,14141.954814030092,10475.768779276099,24617.72359330619,3666.186034753993
14.552333350999106,0.11033468186833773,-31.05485232067511,89.74130240856377,9.346567411083555,5.07944777285752,11.125740618828177,1644.1435546875,1156.943359375,1363.4088134765625,2405.90234375,-1020.76806640625,1058.68408203125,-1892.688232421875,-1470.3349609375,-1954.50732421875,-554.015625,1971.7431640625,-1156.177490234375,1998.0478515625,-34.272064208984375,2804.72216796875,311.280029296875,-137.231689453125,92.46340942382812,-2382.046875,-302.7359924316406,-84.719482421875,-224.97589111328125,2649.0224609375,-222.01953125,132.19195556640625,-2050.75390625,-0.46453857421875,-2898.189453125,-224.7840576171875,668.6943359375,-0.4327273368835449,-79.56890106201172,98.19071960449219,10.596176147460938,4.301327228546143,9.480857849121094,-0.4327273368835449,-36.81434599156118,95.36574487065121,10.596176147460938,4.301327228546143,9.480857849121094,14137.222120656037,10460.86884879975,24598.090969455785,3676.3532718562874
14.586568184997304,0.11033468186833773,-32.65822784810126,91.16859946476362,9.346567411083555,4.923157072154211,11.125740618828177,1644.1435546875,1147.34375,1363.4088134765625,2413.1025390625,-1023.1680297851562,1047.06787109375,-1880.688232421875,-1467.935546875,-1946.763671875,-549.215576171875,1976.54296875,-1152.305908203125,2007.6484375,-36.67207336425781,2789.23388671875,316.08001708984375,-149.231689453125,92.46340942382812,-2377.24609375,-307.5359802246094,-104.07958984375,-220.1759033203125,2646.623046875,-198.78759765625,129.79193115234375,-2045.9541015625,11.151458740234375,-2900.58984375,-227.18405151367188,684.182373046875,-0.5045199394226074,-81.84695434570312,99.31268310546875,10.671783447265625,3.9259724617004395,9.509296417236328,-0.5045199394226074,-38.50210970464134,96.97145405887602,10.671783447265625,3.9259724617004395,9.509296417236328,14115.999442689968,10463.003180407864,24579.002623097833,3652.996262282104
14.6189254719975,0.11033468186833773,-34.17721518987342,92.50669045495096,9.429280397022339,4.610575670747579,11.125740618828177,1629.74365234375,1156.943359375,1328.5609130859375,2427.5029296875,-1006.3680419921875,1058.68408203125,-1856.688232421875,-1439.1357421875,-1939.01953125,-520.41552734375,1959.7431640625,-1109.713623046875,2012.4482421875,-48.67207336425781,2750.51416015625,301.6800231933594,-146.8316650390625,92.46340942382812,-2401.24609375,-297.9359436035156,-80.8475341796875,-222.57589721679688,2651.4228515625,-202.65966796875,127.39190673828125,-2067.5537109375,18.895477294921875,-2919.7890625,-217.58404541015625,668.6943359375,-0.5946111679077148,-82.92434692382812,99.43675994873047,11.252788543701172,3.885098695755005,9.556526184082031,-0.5946111679077148,-40.0210970464135,98.22033898305085,11.252788543701172,3.885098695755005,9.556526184082031,13998.96099189873,10512.323417783857,24511.284409682587,3486.637574114873
14.658978892999585,0.11033468186833773,-35.69620253164557,93.66636931311331,9.677419354838705,4.45428497004427,11.125740618828177,1624.94384765625,1156.943359375,1336.3048095703125,2432.302734375,-1006.3680419921875,1058.68408203125,-1851.888427734375,-1431.935546875,-1942.8916015625,-515.615478515625,1959.7431640625,-1105.841552734375,2005.248046875,-51.07206726074219,2746.64208984375,306.4800109863281,-144.431640625,96.33541870117188,-2391.646484375,-307.5359802246094,-84.719482421875,-222.57589721679688,2649.0224609375,-218.147705078125,134.5919189453125,-2055.5537109375,15.023468017578125,-2914.9892578125,-224.7840576171875,676.4383544921875,-0.6393179893493652,-85.46217346191406,99.73339080810547,12.713096618652344,3.8735499382019043,9.760513305664062,-0.6393179893493652,-41.79324894514768,99.55842997323819,12.713096618652344,3.8735499382019043,9.760513305664062,13989.996814891038,10493.24188270763,24483.238697598666,3496.7549321834067
14.688232122000045,0.03677822728944591,-37.29957805907173,95.00446030330062,10.008271298593868,4.193800468872098,11.125740618828177,1612.94384765625,1159.34375,1313.0728759765625,2437.1025390625,-1006.3680419921875,1054.81201171875,-1844.688232421875,-1405.53515625,-1939.01953125,-486.8154296875,1952.54296875,-1063.249755859375,2002.8486328125,-60.67207336425781,2735.02587890625,313.6800231933594,-142.0316162109375,92.46340942382812,-2394.046875,-312.3359680175781,-100.20751953125,-227.37588500976562,2651.4228515625,-206.53173828125,134.5919189453125,-2057.9541015625,7.27947998046875,-2912.58984375,-227.18405151367188,691.9263916015625,-0.5891799926757812,-85.40570068359375,99.82386016845703,12.157577514648438,3.4214320182800293,9.758918762207031,-0.5891799926757812,-43.22784810126583,99.82386016845703,12.157577514648438,3.4214320182800293,9.758918762207031,13910.393896527503,10506.727916004093,24417.121812531594,3403.6659805234103
14.71485409899833,-0.18389113644722954,-38.81856540084389,96.25334522747545,10.421836228287845,4.089606668403235,11.125740618828177,1603.34375,1159.34375,1297.5848388671875,2449.1025390625,-987.1680297851562,1054.81201171875,-1818.288330078125,-1403.1357421875,-1931.275390625,-477.215576171875,1952.54296875,-1059.377685546875,2017.248046875,-60.67207336425781,2696.30615234375,306.4800109863281,-139.631591796875,80.84738159179688,-2408.4462890625,-297.9359436035156,-80.8475341796875,-222.57589721679688,2658.623046875,-206.53173828125,127.39190673828125,-2067.5537109375,15.023468017578125,-2924.58984375,-212.7840576171875,672.56640625,-0.7048606872558594,-87.38971710205078,99.85630798339844,13.603179931640625,3.3028416633605957,9.860374450683594,-0.7048606872558594,-44.32489451476793,99.85630798339844,13.603179931640625,3.3028416633605957,9.860374450683594,13850.413221258581,10530.405510385746,24380.81873164433,3320.0077108728347
14.751049700000294,-0.25744759102612136,-40.42194092827004,97.59143621766279,11.166253101736984,3.933315967699926,11.125740618828177,1574.54345703125,1132.943359375,1231.7608642578125,2494.7021484375,-967.968017578125,1031.580078125,-1760.688232421875,-1359.935546875,-1888.68359375,-412.41552734375,1942.94287109375,-981.937744140625,2029.248046875,-79.8720703125,2649.841796875,308.8800354003906,-151.631591796875,92.46340942382812,-2410.8466796875,-302.7359924316406,-92.4635009765625,-222.57589721679688,2668.22265625,-206.53173828125,134.5919189453125,-2069.9541015625,7.27947998046875,-2929.3896484375,-222.38406372070312,672.56640625,-0.7335300445556641,-87.4066162109375,99.8343276977539,13.610782623291016,3.0868825912475586,9.854690551757812,-0.7335300445556641,-46.0126582278481,99.8343276977539,13.610782623291016,3.0868825912475586,9.854690551757812,13638.248047717147,10561.44074001546,24199.688787732608,3076.807307701687
14.78720085799796,-0.4045605001838908,-41.68776371308017,98.12667261373772,12.076095947063692,3.6728314665277537,11.125740618828177,1564.94384765625,1137.74365234375,1224.0169677734375,2492.302734375,-960.7680053710938,1039.32421875,-1748.688232421875,-1326.3349609375,-1865.45166015625,-398.015625,1911.7431640625,-950.961669921875,2017.248046875,-91.8720703125,2630.48193359375,308.8800354003906,-146.8316650390625,88.59140014648438,-2386.8466796875,-305.1359558105469,-96.3355712890625,-222.57589721679688,2661.0224609375,-202.65966796875,124.991943359375,-2062.75390625,15.023468017578125,-2907.7890625,-222.38406372070312,668.6943359375,-0.7983717918395996,-88.6876220703125,99.77661895751953,15.00262451171875,2.997748613357544,9.961854934692383,-0.7983717918395996,-47.19409282700421,99.77661895751953,15.00262451171875,2.997748613357544,9.961854934692383,13524.264933328614,10498.04024613023,24022.305179458843,3026.2246871983843
14.813450132998696,-0.4045605001838908,-42.700421940928265,98.2158786797502,12.572373862696452,3.464443865589999,11.125740618828177,1562.54345703125,1137.74365234375,1208.5289306640625,2492.302734375,-955.968017578125,1023.8359375,-1731.888427734375,-1309.53515625,-1857.70751953125,-383.615478515625,1914.14306640625,-943.217529296875,2014.8486328125,-91.8720703125,2618.8662109375,311.280029296875,-144.431640625,92.46340942382812,-2389.24609375,-300.3359680175781,-96.3355712890625,-227.37588500976562,2656.22265625,-206.53173828125,132.19195556640625,-2065.1533203125,7.27947998046875,-2905.3896484375,-219.98406982421875,672.56640625,-0.9466004371643066,-89.99405670166016,99.60843658447266,16.422698974609375,2.7046151161193848,10.049623489379883,-0.9466004371643066,-48.12236286919832,99.60843658447266,16.422698974609375,2.7046151161193848,10.049623489379883,13469.727785828905,10499.009195833516,23968.73698166242,2970.7185899953893
14.850175861000025,-0.4045605001838908,-44.13502109704641,98.30508474576271,13.151364764267996,3.30815316488669,11.125740618828177,1576.94384765625,1142.54345703125,1235.6329345703125,2487.5029296875,-967.968017578125,1027.7080078125,-1755.888427734375,-1307.1357421875,-1857.70751953125,-390.8154296875,1911.7431640625,-954.833740234375,2010.0478515625,-89.47207641601562,2645.97021484375,328.08001708984375,-137.231689453125,92.46340942382812,-2367.646484375,-309.9359436035156,-115.695556640625,-227.37588500976562,2641.8232421875,-218.147705078125,127.39190673828125,-2045.9541015625,-19.82452392578125,-2888.58984375,-236.7840576171875,707.4144287109375,-1.0096721649169922,-90.64900207519531,99.59449005126953,17.112552642822266,2.361145257949829,10.027238845825195,-1.0096721649169922,-49.89451476793249,99.59449005126953,17.112552642822266,2.361145257949829,10.027238845825195,13533.974428745494,10452.01957347571,23985.994002221203,3081.9548552697834
14.880138180000358,-0.5516734093416744,-45.73839662447258,98.30508474576271,14.557485525227463,3.0997655639489494,11.125740618828177,1555.34375,1132.943359375,1196.9129638671875,2499.5029296875,-955.968017578125,1016.09228515625,-1727.088134765625,-1311.935546875,-1849.96337890625,-374.015625,1921.3427734375,-927.729736328125,2022.0478515625,-94.27207946777344,2611.1220703125,313.6800231933594,-144.431640625,96.33541870117188,-2384.4462890625,-307.5359802246094,-100.20751953125,-229.77590942382812,2663.4228515625,-214.275634765625,136.991943359375,-2057.9541015625,15.023468017578125,-2914.9892578125,-229.58404541015625,672.56640625,-1.0302724838256836,-91.19320678710938,99.48066711425781,17.902008056640625,2.2774200439453125,10.0821533203125,-1.0302724838256836,-51.07594936708861,99.48066711425781,17.902008056640625,2.2774200439453125,10.0821533203125,13449.273794594697,10509.62617187707,23958.899966471767,2939.647622717628
14.912818772998435,-0.6987863184994438,-46.83544303797469,98.39429081177519,15.632754342431767,2.839281062776749,11.125740618828177,1555.34375,1113.74365234375,1169.8089599609375,2499.5029296875,-943.968017578125,1000.60400390625,-1698.288330078125,-1280.7353515625,-1815.11572265625,-364.41552734375,1892.54296875,-919.985595703125,2017.248046875,-108.67207336425781,2595.6337890625,299.280029296875,-144.431640625,92.46340942382812,-2420.4462890625,-300.3359680175781,-88.591552734375,-217.77590942382812,2668.22265625,-202.65966796875,129.79193115234375,-2077.1533203125,15.023468017578125,-2919.7890625,-217.58404541015625,657.078369140625,-1.1019515991210938,-91.72403717041016,99.2491226196289,19.268157958984375,1.9382648468017578,10.07657241821289,-1.1019515991210938,-52.257383966244724,99.2491226196289,19.268157958984375,1.9382648468017578,10.07657241821289,13316.374728925675,10552.273497010776,23868.64822593645,2764.1012319148995
14.947735432997433,-0.7723427730783357,-48.270042194092824,98.39429081177519,16.45988420181969,2.6829903620734683,11.125740618828177,1552.94384765625,1113.74365234375,1196.9129638671875,2487.5029296875,-958.3680419921875,1000.60400390625,-1722.288330078125,-1287.93505859375,-1830.603515625,-362.015625,1906.94287109375,-908.369873046875,2012.4482421875,-106.27207946777344,2611.1220703125,335.280029296875,-151.631591796875,92.46340942382812,-2377.24609375,-317.1359558105469,-115.695556640625,-229.77590942382812,2653.8232421875,-210.403564453125,134.5919189453125,-2050.75390625,-12.080535888671875,-2893.3896484375,-236.7840576171875,707.4144287109375,-1.2100563049316406,-92.16803741455078,99.17170715332031,20.148395538330078,1.5710678100585938,10.106691360473633,-1.2100563049316406,-53.77637130801688,99.17170715332031,20.148395538330078,1.5710678100585938,10.106691360473633,13367.873541815914,10495.768996890043,23863.642538705957,2872.104544925871
14.986541717000364,-0.7723427730783357,-49.53586497890296,98.39429081177519,17.535153019023994,2.4225058609012677,11.125740618828177,1548.1435546875,1111.34375,1181.4249267578125,2494.7021484375,-941.5679931640625,1000.60400390625,-1703.088134765625,-1268.7353515625,-1815.11572265625,-362.015625,1890.14306640625,-904.497802734375,2007.6484375,-103.8720703125,2591.76220703125,304.08001708984375,-137.231689453125,88.59140014648438,-2408.4462890625,-293.1359558105469,-73.103515625,-217.77590942382812,2661.0224609375,-214.275634765625,132.19195556640625,-2086.75390625,18.895477294921875,-2910.189453125,-217.58404541015625,660.9503173828125,-1.2689714431762695,-92.94408416748047,98.946044921875,21.543346405029297,1.1804265975952148,10.135246276855469,-1.2689714431762695,-54.95780590717299,98.946044921875,21.543346405029297,1.1804265975952148,10.135246276855469,13290.476613608691,10534.244616375976,23824.721229984665,2756.231997232715
15.01433120999718,-0.7723427730783357,-50.54852320675106,98.39429081177519,18.69313482216708,2.10992445949465,11.125740618828177,1552.94384765625,1087.34375,1169.8089599609375,2489.90234375,-953.5679931640625,958.01220703125,-1700.688232421875,-1275.93505859375,-1799.62744140625,-350.015625,1906.94287109375,-912.241943359375,1998.0478515625,-113.47207641601562,2603.3779296875,332.8800354003906,-158.8316650390625,88.59140014648438,-2389.24609375,-326.7359924316406,-142.799560546875,-222.57589721679688,2651.4228515625,-191.043701171875,132.19195556640625,-2060.353515625,-8.208526611328125,-2900.58984375,-236.7840576171875,715.1583251953125,-1.4197635650634766,-93.55488586425781,98.78890991210938,22.883926391601562,1.0666158199310303,10.16524887084961,-1.4197635650634766,-55.88607594936709,98.78890991210938,22.883926391601562,1.0666158199310303,10.16524887084961,13272.673043345643,10524.055901338423,23796.728944684066,2748.6171420072205
15.05140120500073,-0.7723427730783357,-51.81434599156118,98.39429081177519,19.60297766749379,1.797343058088046,11.125740618828177,1545.74365234375,1101.74365234375,1173.6807861328125,2489.90234375,-946.3680419921875,981.244140625,-1703.088134765625,-1256.7353515625,-1815.11572265625,-354.8154296875,1882.94287109375,-900.625732421875,2000.4482421875,-108.67207336425781,2595.6337890625,316.08001708984375,-146.8316650390625,92.46340942382812,-2391.646484375,-307.5359802246094,-100.20751953125,-227.37588500976562,2661.0224609375,-202.65966796875,129.79193115234375,-2077.1533203125,7.27947998046875,-2898.189453125,-229.58404541015625,688.0543212890625,-1.618657112121582,-94.78661346435547,98.54502868652344,25.066543579101562,0.3061549663543701,10.270998001098633,-1.618657112121582,-57.32067510548523,98.54502868652344,25.01654259718775,0.3061549663543701,10.270998001098633,13254.754364848131,10521.189618093167,23775.9439829413,2733.5647467549643
15.079196825998224,-0.9194556822361193,-53.08016877637131,98.39429081177519,20.843672456575675,1.5368585569158597,11.125740618828177,1555.34375,1111.34375,1181.4249267578125,2489.90234375,-951.1680297851562,1004.47607421875,-1712.688232421875,-1266.33544921875,-1818.9873046875,-359.615478515625,1887.7431640625,-904.497802734375,2005.248046875,-103.8720703125,2603.3779296875,318.4800109863281,-149.231689453125,88.59140014648438,-2341.24609375,-307.5359802246094,-100.20751953125,-222.57589721679688,2646.623046875,-218.147705078125,129.79193115234375,-2043.5537109375,3.407470703125,-2876.58984375,-234.38406372070312,680.3104248046875,-1.782181739807129,-95.81546020507812,98.30960083007812,27.1492977142334,-0.20467185974121094,10.308116912841797,-1.782181739807129,-58.41772151898734,98.30960083007812,26.257237386269637,-0.20467185974121094,10.308116912841797,13308.276078062887,10403.98191941388,23712.257997476765,2904.294158649007
15.117167768999934,-1.1401250459727805,-54.09282700421941,98.39429081177519,22.167080231596373,1.1721802552748102,11.125740618828177,1550.54345703125,1108.943359375,1177.5528564453125,2497.1025390625,-951.1680297851562,1000.60400390625,-1707.888427734375,-1268.7353515625,-1811.24365234375,-347.615478515625,1894.94287109375,-900.625732421875,2005.248046875,-111.07208251953125,2599.505859375,330.4800109863281,-144.431640625,92.46340942382812,-2326.8466796875,-305.1359558105469,-96.3355712890625,-227.37588500976562,2644.22265625,-214.275634765625,124.991943359375,-2029.1533203125,-0.46453857421875,-2864.58984375,-236.7840576171875,688.0543212890625,-1.8730192184448242,-96.198974609375,98.07738494873047,28.548460006713867,-0.6382136344909668,10.27896499633789,-1.8730192184448242,-59.59915611814346,98.07738494873047,27.8287841191067,-0.6382136344909668,10.27896499633789,13299.732448425686,10372.251983774926,23671.98443220061,2927.48046465076
15.154062624998915,-1.360794409709456,-55.44303797468355,98.48349687778767,23.90405293631099,0.5470174524615743,11.125740618828177,1548.1435546875,1096.943359375,1165.9368896484375,2485.1025390625,-941.5679931640625,973.5,-1688.688232421875,-1259.13525390625,-1791.88330078125,-347.615478515625,1885.3427734375,-908.369873046875,1990.8486328125,-115.8720703125,2591.76220703125,318.4800109863281,-142.0316162109375,92.46340942382812,-2350.8466796875,-307.5359802246094,-84.719482421875,-224.97589111328125,2663.4228515625,-206.53173828125,124.991943359375,-2055.5537109375,18.895477294921875,-2893.3896484375,-231.98406982421875,672.56640625,-2.0574169158935547,-96.88077545166016,97.90022277832031,31.125362396240234,-1.1607856750488281,10.352067947387695,-2.0574169158935547,-61.0337552742616,97.90022277832031,29.648469809760144,-1.1607856750488281,10.352067947387695,13214.287357373647,10453.04301394926,23667.330371322907,2761.244343424387
15.180618848997256,-1.4343508642883336,-56.540084388185655,98.48349687778767,25.31017369727047,0.13024225058609318,11.125740618828177,1543.34375,1082.54345703125,1158.1927490234375,2499.5029296875,-941.5679931640625,965.755859375,-1683.888427734375,-1254.33544921875,-1784.1396484375,-335.615478515625,1887.7431640625,-892.881591796875,1998.0478515625,-120.67207336425781,2587.89013671875,340.08001708984375,-86.8316650390625,84.71939086914062,-2336.4462890625,-285.9359436035156,-22.767578125,-236.97589111328125,2670.623046875,-287.84375,129.79193115234375,-2065.1533203125,-0.46453857421875,-2866.9892578125,-241.58404541015625,699.67041015625,-2.110332489013672,-97.04054260253906,97.88817596435547,31.42458724975586,-1.2793974876403809,10.33211898803711,-2.110332489013672,-61.87763713080169,97.88817596435547,30.723738626964447,-1.2793974876403809,10.33211898803711,13194.813448416468,10441.810696324683,23636.624144741152,2753.0027520917847
15.21546040999965,-1.5079073188672254,-57.80590717299578,98.39429081177519,26.88172043010752,-0.28653295128940215,11.125740618828177,1540.94384765625,1106.54345703125,1165.9368896484375,2489.90234375,-943.968017578125,992.85986328125,-1695.888427734375,-1247.13525390625,-1807.37158203125,-340.41552734375,1885.3427734375,-873.521728515625,1995.6484375,-118.27207946777344,2587.89013671875,332.8800354003906,-82.0316162109375,80.84738159179688,-2322.046875,-285.9359436035156,-18.8955078125,-246.57589721679688,2665.8232421875,-295.587646484375,129.79193115234375,-2067.5537109375,11.151458740234375,-2854.9892578125,-248.7840576171875,688.0543212890625,-2.2267227172851562,-97.42059326171875,97.77174377441406,33.1844367980957,-1.6166491508483887,10.333751678466797,-2.2267227172851562,-63.312236286919834,97.77174377441406,32.460711331679065,-1.6166491508483887,10.333751678466797,13218.878048584866,10404.277550000414,23623.15559858528,2814.600498584452
15.251072327999282,-1.655020228025009,-59.15611814345992,98.30508474576271,28.618693134822166,-0.7033081531648833,11.125740618828177,1543.34375,1092.1435546875,1162.0648193359375,2485.1025390625,-946.3680419921875,977.3720703125,-1703.088134765625,-1244.7353515625,-1799.62744140625,-340.41552734375,1882.94287109375,-881.265869140625,1983.6484375,-123.07208251953125,2595.6337890625,344.8800354003906,-84.431640625,84.71939086914062,-2319.646484375,-297.9359436035156,-26.6395263671875,-246.57589721679688,2673.0224609375,-299.459716796875,129.79193115234375,-2065.1533203125,-0.46453857421875,-2862.189453125,-255.9840545654297,711.286376953125,-2.262660026550293,-97.45407104492188,97.72431945800781,34.213035583496094,-1.8927812576293945,10.378568649291992,-2.262660026550293,-64.49367088607595,97.72431945800781,34.03225806451613,-1.8927812576293945,10.378568649291992,13200.99919051395,10434.471476150955,23635.470666664907,2766.5277143629955
15.290290939999977,-1.7285766826039008,-60.25316455696203,98.30508474576271,29.859387923904052,-1.0158895545715012,11.125740618828177,1538.54345703125,1080.1435546875,1150.4488525390625,2497.1025390625,-941.5679931640625,965.755859375,-1679.088134765625,-1254.33544921875,-1780.267578125,-335.615478515625,1897.3427734375,-889.009521484375,1995.6484375,-123.07208251953125,2580.14599609375,344.8800354003906,-89.231689453125,88.59140014648438,-2322.046875,-288.3359680175781,-30.5115966796875,-244.1759033203125,2677.8232421875,-287.84375,127.39190673828125,-2065.1533203125,-4.3365478515625,-2864.58984375,-241.58404541015625,695.79833984375,-2.3763046264648438,-97.570556640625,97.58633422851562,36.20124053955078,-2.298159599304199,10.410900115966797,-2.3763046264648438,-66.0126582278481,97.58633422851562,35.60380479735318,-2.298159599304199,10.410900115966797,13178.136104092784,10438.309786316651,23616.445890409435,2739.826317776133
15.319909428999381,-1.8021331371827927,-61.60337552742617,98.30508474576271,31.5136476426799,-1.3284709559781192,11.125740618828177,1545.74365234375,1094.54345703125,1162.0648193359375,2489.90234375,-948.7680053710938,977.3720703125,-1700.688232421875,-1247.13525390625,-1807.37158203125,-338.015625,1887.7431640625,-881.265869140625,1998.0478515625,-118.27207946777344,2595.6337890625,349.6800231933594,-89.231689453125,88.59140014648438,-2307.646484375,-297.9359436035156,-42.1275634765625,-248.97589111328125,2670.623046875,-303.33154296875,127.39190673828125,-2060.353515625,-12.080535888671875,-2852.58984375,-255.9840545654297,703.5423583984375,-2.5386905670166016,-97.83837127685547,97.60470581054688,38.8718147277832,-2.410734176635742,10.474027633666992,-2.5386905670166016,-66.94092827004219,97.60470581054688,36.92721257237386,-2.410734176635742,10.474027633666992,13225.987408178233,10411.604187287056,23637.59159546529,2814.383220891177
15.353425302997493,-1.949246046340562,-62.78481012658228,98.39429081177519,33.00248138957815,-1.641052357384737,11.125740618828177,1536.1435546875,1111.34375,1165.9368896484375,2494.7021484375,-946.3680419921875,992.85986328125,-1691.088134765625,-1247.13525390625,-1807.37158203125,-338.015625,1887.7431640625,-877.393798828125,2000.4482421875,-113.47207641601562,2584.01806640625,347.280029296875,-86.8316650390625,88.59140014648438,-2307.646484375,-290.7359924316406,-30.5115966796875,-246.57589721679688,2665.8232421875,-299.459716796875,124.991943359375,-2065.1533203125,-0.46453857421875,-2852.58984375,-255.9840545654297,703.5423583984375,-2.5205564498901367,-97.873291015625,97.51808166503906,38.73634338378906,-2.64670991897583,10.430618286132812,-2.5205564498901367,-68.29113924050633,97.51808166503906,38.41604631927214,-2.64670991897583,10.430618286132812,13223.095295875975,10406.888439774712,23629.983735650687,2816.206856101264
15.391129944000568,-2.1699154100772375,-64.21940928270043,98.2158786797502,34.49131513647643,-1.953633758791355,11.125740618828177,1543.34375,1082.54345703125,1158.1927490234375,2489.90234375,-948.7680053710938,965.755859375,-1700.688232421875,-1242.33544921875,-1799.62744140625,-335.615478515625,1894.94287109375,-881.265869140625,1981.248046875,-123.07208251953125,2587.89013671875,359.280029296875,-101.231689453125,92.46340942382812,-2314.8466796875,-305.1359558105469,-53.7435302734375,-244.1759033203125,2677.8232421875,-287.84375,132.19195556640625,-2055.5537109375,-12.080535888671875,-2869.3896484375,-263.18408203125,726.7744140625,-2.633122444152832,-97.7844009399414,97.41958618164062,42.43445587158203,-3.0841927528381348,10.591724395751953,-2.633122444152832,-69.81012658227849,97.41958618164062,40.318444995864354,-3.0841927528381348,10.591724395751953,13195.106435650374,10455.848194410584,23650.954630060958,2739.2582412397896
15.426908273999288,-2.243471864656115,-65.40084388185653,98.12667261373772,35.98014888337468,-2.214118259963527,11.125740618828177,1536.1435546875,1089.74365234375,1150.4488525390625,2501.90234375,-936.7680053710938,973.5,-1681.488525390625,-1256.7353515625,-1788.01171875,-326.015625,1899.7431640625,-873.521728515625,2002.8486328125,-125.47207641601562,2560.7861328125,352.08001708984375,-94.0316162109375,92.46340942382812,-2305.24609375,-293.1359558105469,-30.5115966796875,-246.57589721679688,2677.8232421875,-295.587646484375,127.39190673828125,-2055.5537109375,-12.080535888671875,-2862.189453125,-258.3840637207031,711.286376953125,-2.776998519897461,-98.04830932617188,97.39718627929688,44.441741943359375,-3.2985124588012695,10.550958633422852,-2.776998519897461,-70.73839662447257,97.39718627929688,41.39371381306867,-3.2985124588012695,10.550958633422852,13177.491120304328,10425.401895760477,23602.893016064805,2752.0892245438517
15.450512600997172,-2.243471864656115,-66.75105485232066,98.03746654772524,37.46898263027296,-2.422505860901282,11.125740618828177,1538.54345703125,1089.74365234375,1154.3209228515625,2489.90234375,-948.7680053710938,965.755859375,-1693.488525390625,-1242.33544921875,-1795.75537109375,-328.41552734375,1885.3427734375,-873.521728515625,1990.8486328125,-123.07208251953125,2587.89013671875,364.08001708984375,-91.631591796875,88.59140014648438,-2312.4462890625,-305.1359558105469,-38.2554931640625,-248.97589111328125,2677.8232421875,-295.587646484375,127.39190673828125,-2060.353515625,-15.952545166015625,-2862.189453125,-260.7840576171875,726.7744140625,-2.730337142944336,-98.11056518554688,97.34925079345703,43.17003631591797,-3.410891056060791,10.46510124206543,-2.730337142944336,-72.08860759493672,97.34925079345703,42.799834574028125,-3.410891056060791,10.46510124206543,13179.230497268129,10452.980656310721,23632.21115357885,2726.2498409574073
15.485730020998744,-2.4641412283927906,-68.10126582278481,97.94826048171274,38.95781637717121,-2.7871841625423315,11.125740618828177,1536.1435546875,1094.54345703125,1150.4488525390625,2497.1025390625,-939.1680297851562,977.3720703125,-1683.888427734375,-1249.53515625,-1795.75537109375,-328.41552734375,1897.3427734375,-865.777587890625,2000.4482421875,-125.47207641601562,2572.40185546875,359.280029296875,-106.0316162109375,88.59140014648438,-2300.4462890625,-300.3359680175781,-53.7435302734375,-239.37588500976562,2673.0224609375,-276.2275390625,124.991943359375,-2053.1533203125,-12.080535888671875,-2862.189453125,-263.18408203125,719.0303955078125,-2.8294591903686523,-98.04952239990234,97.34521484375,46.865543365478516,-3.527644157409668,10.585760116577148,-2.8294591903686523,-73.60759493670886,97.34521484375,44.45409429280397,-3.527644157409668,10.585760116577148,13183.69446240071,10423.247793547836,23606.942255948547,2760.4466688528737
15.520218827998178,-2.5376976829716824,-69.53586497890296,97.94826048171274,40.52936311000826,-2.995571763480072,11.125740618828177,1538.54345703125,1087.34375,1150.4488525390625,2499.5029296875,-941.5679931640625,965.755859375,-1683.888427734375,-1254.33544921875,-1791.88330078125,-330.8154296875,1897.3427734375,-873.521728515625,2000.4482421875,-125.47207641601562,2580.14599609375,366.4800109863281,-89.231689453125,92.46340942382812,-2295.646484375,-302.7359924316406,-30.5115966796875,-246.57589721679688,2677.8232421875,-299.459716796875,124.991943359375,-2050.75390625,-23.696533203125,-2862.189453125,-263.18408203125,726.7744140625,-2.86285400390625,-98.02902221679688,97.31249237060547,49.27391052246094,-3.479616165161133,10.664754867553711,-2.86285400390625,-74.87341772151899,97.31249237060547,46.02564102564102,-3.479616165161133,10.664754867553711,13190.07575801121,10429.272977608332,23619.34873561954,2760.802780402877
15.557262607999292,-2.5376976829716824,-70.71729957805907,97.94826048171274,41.935483870967744,-3.151862464183381,11.125740618828177,1533.74365234375,1084.943359375,1146.5767822265625,2497.1025390625,-943.968017578125,965.755859375,-1679.088134765625,-1247.13525390625,-1784.1396484375,-328.41552734375,1894.94287109375,-865.777587890625,1998.0478515625,-127.8720703125,2564.658203125,373.6800231933594,-96.431640625,88.59140014648438,-2305.24609375,-305.1359558105469,-49.87158203125,-241.77590942382812,2673.0224609375,-291.715576171875,120.19195556640625,-2045.9541015625,-31.440521240234375,-2866.9892578125,-265.58404541015625,730.6463623046875,-2.9376049041748047,-97.97160339355469,97.25837707519531,52.44007873535156,-3.7309727668762207,10.756710052490234,-2.9376049041748047,-76.22362869198312,97.25837707519531,47.5144747725393,-3.7309727668762207,10.756710052490234,13151.67369860658,10441.834601481323,23593.508300087902,2709.8390971252575
15.589264494999952,-2.61125413755056,-72.23628691983123,97.94826048171274,43.50703060380482,-3.2039593644178126,11.125740618828177,1531.34375,1094.54345703125,1142.7049560546875,2497.1025390625,-943.968017578125,965.755859375,-1681.488525390625,-1259.13525390625,-1791.88330078125,-326.015625,1899.7431640625,-865.777587890625,2000.4482421875,-120.67207336425781,2564.658203125,366.4800109863281,-103.631591796875,80.84738159179688,-2298.046875,-307.5359802246094,-57.6156005859375,-241.77590942382812,2677.8232421875,-280.099609375,122.5919189453125,-2045.9541015625,-27.56854248046875,-2864.58984375,-265.58404541015625,719.0303955078125,-2.93951416015625,-97.94074249267578,97.23799133300781,52.94810485839844,-3.910505771636963,10.710384368896484,-2.93951416015625,-77.74261603375527,97.23799133300781,49.16873449131512,-3.910505771636963,10.710384368896484,13169.831536588621,10427.030974889185,23596.862511477804,2742.800561699436
15.62676971899782,-2.684810592129466,-73.58649789029536,97.94826048171274,45.07857733664184,-3.3602500651211358,11.125740618828177,1531.34375,1092.1435546875,1154.3209228515625,2494.7021484375,-939.1680297851562,969.6279296875,-1688.688232421875,-1256.7353515625,-1791.88330078125,-330.8154296875,1894.94287109375,-861.905517578125,1993.248046875,-120.67207336425781,2568.52978515625,373.6800231933594,-91.631591796875,88.59140014648438,-2293.24609375,-300.3359680175781,-34.383544921875,-239.37588500976562,2670.623046875,-291.715576171875,117.79193115234375,-2048.353515625,-35.312530517578125,-2857.3896484375,-258.3840637207031,730.6463623046875,-3.014939308166504,-97.91903686523438,97.24830627441406,55.580753326416016,-4.000242710113525,10.756170272827148,-3.014939308166504,-79.0928270042194,97.24830627441406,50.6575682382134,-4.000242710113525,10.756170272827148,13169.090015220727,10417.718067433832,23586.80808265456,2751.3719477868945
15.652962393000053,-2.684810592129466,-74.76793248945148,97.94826048171274,46.401985111662526,-3.5686376660588763,11.125740618828177,1528.94384765625,1084.943359375,1142.7049560546875,2489.90234375,-934.3680419921875,961.88427734375,-1669.488525390625,-1251.93505859375,-1780.267578125,-328.41552734375,1887.7431640625,-869.649658203125,1998.0478515625,-125.47207641601562,2556.9140625,361.6800231933594,-101.231689453125,84.71939086914062,-2305.24609375,-297.9359436035156,-38.2554931640625,-232.1759033203125,2673.0224609375,-276.2275390625,120.19195556640625,-2048.353515625,-31.440521240234375,-2866.9892578125,-263.18408203125,722.90234375,-3.066051483154297,-97.63258361816406,97.26596069335938,59.57579040527344,-4.115384578704834,10.776054382324219,-3.066051483154297,-80.18987341772151,97.26596069335938,51.81555004135649,-4.115384578704834,10.776054382324219,13118.2334960369,10427.5504398839,23545.7839359208,2690.6830561530005
15.6873441179996,-2.684810592129466,-76.11814345991561,97.94826048171274,47.89081885856078,-3.6728314665277395,11.125740618828177,1540.94384765625,1084.943359375,1154.3209228515625,2504.302734375,-946.3680419921875,961.88427734375,-1688.688232421875,-1251.93505859375,-1795.75537109375,-326.015625,1899.7431640625,-869.649658203125,1993.248046875,-125.47207641601562,2576.27392578125,373.6800231933594,-98.8316650390625,88.59140014648438,-2293.24609375,-312.3359680175781,-45.99951171875,-239.37588500976562,2673.0224609375,-295.587646484375,127.39190673828125,-2041.1533203125,-23.696533203125,-2857.3896484375,-267.98406982421875,734.518310546875,-3.0896787643432617,-97.66875457763672,97.27777099609375,60.13070297241211,-4.056079387664795,10.773513793945312,-3.0896787643432617,-81.62447257383967,97.27777099609375,53.469809760132335,-4.056079387664795,10.773513793945312,13193.799314250762,10419.06992499509,23612.869239245854,2774.729389255672
15.727360308999778,-2.684810592129466,-77.55274261603375,97.94826048171274,49.545078577336625,-3.8291221672310485,11.125740618828177,1528.94384765625,1104.1435546875,1158.1927490234375,2487.5029296875,-936.7680053710938,988.98828125,-1683.888427734375,-1239.93505859375,-1795.75537109375,-333.215576171875,1870.94287109375,-861.905517578125,1993.248046875,-120.67207336425781,2568.52978515625,361.6800231933594,-82.0316162109375,88.59140014648438,-2307.646484375,-293.1359558105469,-15.0235595703125,-239.37588500976562,2670.623046875,-299.459716796875,117.79193115234375,-2060.353515625,-23.696533203125,-2862.189453125,-255.9840545654297,711.286376953125,-3.0930957794189453,-97.46992492675781,97.32984924316406,62.00278854370117,-4.183217525482178,10.7520751953125,-3.0930957794189453,-83.05907172995781,97.32984924316406,55.12406947890818,-4.183217525482178,10.7520751953125,13145.804032196891,10429.72846061923,23575.53249281612,2716.0755715776613
15.756979515997955,-2.684810592129466,-78.81856540084388,97.94826048171274,50.86848635235731,-3.8291221672310485,11.125740618828177,1531.34375,1070.54345703125,1146.5767822265625,2492.302734375,-941.5679931640625,950.26806640625,-1674.288330078125,-1237.53515625,-1784.1396484375,-321.215576171875,1892.54296875,-865.777587890625,1988.4482421875,-132.6720733642578,2564.658203125,373.6800231933594,-110.8316650390625,84.71939086914062,-2305.24609375,-309.9359436035156,-61.487548828125,-239.37588500976562,2673.0224609375,-280.099609375,117.79193115234375,-2048.353515625,-27.56854248046875,-2874.189453125,-265.58404541015625,734.518310546875,-3.1729040145874023,-97.60337829589844,97.473388671875,66.12181854248047,-4.09852933883667,10.641580581665039,-3.1729040145874023,-84.24050632911393,97.473388671875,56.36476426799007,-4.09852933883667,10.641580581665039,13116.438757330156,10454.315998058144,23570.754755388298,2662.1227592720115
15.78527311599828,-2.684810592129466,-80.25316455696202,97.94826048171274,52.440033085194386,-3.933315967699926,11.125740618828177,1536.1435546875,1087.34375,1150.4488525390625,2499.5029296875,-936.7680053710938,965.755859375,-1674.288330078125,-1237.53515625,-1776.3955078125,-326.015625,1882.94287109375,-861.905517578125,1990.8486328125,-125.47207641601562,2564.658203125,359.280029296875,-98.8316650390625,92.46340942382812,-2312.4462890625,-305.1359558105469,-38.2554931640625,-236.97589111328125,2673.0224609375,-287.84375,124.991943359375,-2045.9541015625,-8.208526611328125,-2869.3896484375,-251.18405151367188,719.0303955078125,-3.2097721099853516,-97.65865325927734,97.5820083618164,67.30412292480469,-4.152185916900635,10.612808227539062,-3.2097721099853516,-85.59071729957806,97.5820083618164,57.85359801488835,-4.152185916900635,10.612808227539062,13126.712645804871,10434.169235717909,23560.88188152278,2692.5434100869625
15.822185724999144,-2.684810592129466,-81.60337552742617,97.94826048171274,54.011579818031436,-3.933315967699926,11.125740618828177,1536.1435546875,1099.34375,1158.1927490234375,2485.1025390625,-941.5679931640625,985.1162109375,-1693.488525390625,-1218.33544921875,-1788.01171875,-335.615478515625,1866.14306640625,-861.905517578125,1988.4482421875,-123.07208251953125,2576.27392578125,356.8800354003906,-86.8316650390625,84.71939086914062,-2312.4462890625,-300.3359680175781,-15.0235595703125,-239.37588500976562,2665.8232421875,-303.33154296875,122.5919189453125,-2050.75390625,-19.82452392578125,-2864.58984375,-255.9840545654297,719.0303955078125,-3.2294092178344727,-97.60748291015625,97.74531555175781,69.45635986328125,-4.251708507537842,10.500936508178711,-3.2294092178344727,-86.94092827004219,97.74531555175781,59.4251447477254,-4.251708507537842,10.500936508178711,13137.094355464025,10421.569925974669,23558.664281438694,2715.5244294893564
15.855470481998054,-2.9054799558661273,-82.9535864978903,97.94826048171274,55.50041356492969,-3.9854128679343575,11.125740618828177,1540.94384765625,1089.74365234375,1146.5767822265625,2492.302734375,-941.5679931640625,965.755859375,-1683.888427734375,-1225.53515625,-1788.01171875,-326.015625,1878.14306640625,-861.905517578125,1986.0478515625,-130.27207946777344,2576.27392578125,359.280029296875,-98.8316650390625,88.59140014648438,-2312.4462890625,-312.3359680175781,-49.87158203125,-244.1759033203125,2670.623046875,-291.715576171875,129.79193115234375,-2053.1533203125,-8.208526611328125,-2869.3896484375,-265.58404541015625,722.90234375,-3.2147960662841797,-97.61079406738281,97.81550598144531,70.38111877441406,-4.275280475616455,10.414237976074219,-3.2147960662841797,-88.37552742616033,97.81550598144531,60.99669148056245,-4.275280475616455,10.414237976074219,13134.64724319106,10442.784866268454,23577.432109459514,2691.862376922607
15.892079252000258,-3.052592865023911,-84.21940928270043,97.94826048171274,56.90653432588917,-4.089606668403235,11.125740618828177,1540.94384765625,1082.54345703125,1138.8328857421875,2489.90234375,-936.7680053710938,954.14013671875,-1667.088134765625,-1220.7353515625,-1768.6513671875,-323.615478515625,1873.3427734375,-861.905517578125,1988.4482421875,-127.8720703125,2572.40185546875,361.6800231933594,-98.8316650390625,88.59140014648438,-2317.24609375,-305.1359558105469,-42.1275634765625,-234.57589721679688,2675.4228515625,-291.715576171875,124.991943359375,-2048.353515625,-15.952545166015625,-2874.189453125,-263.18408203125,726.7744140625,-3.244133949279785,-97.64509582519531,97.82902526855469,70.5259780883789,-4.2835373878479,10.406831741333008,-3.244133949279785,-89.64135021097047,97.82902526855469,62.40281224152193,-4.2835373878479,10.406831741333008,13088.014783237855,10452.914370198116,23540.929153435973,2635.1004130397396
15.922915842998918,-3.1261493196028027,-85.65400843881856,97.94826048171274,58.47808105872622,-4.141703568637666,11.125740618828177,1540.94384765625,1089.74365234375,1150.4488525390625,2492.302734375,-934.3680419921875,958.01220703125,-1681.488525390625,-1187.13525390625,-1772.5234375,-316.41552734375,1866.14306640625,-858.033935546875,1950.0478515625,-125.47207641601562,2545.2978515625,349.6800231933594,-98.8316650390625,92.46340942382812,-2334.046875,-307.5359802246094,-22.767578125,-236.97589111328125,2711.4228515625,-295.587646484375,129.79193115234375,-2098.75390625,7.27947998046875,-2919.7890625,-253.5840606689453,699.67041015625,-3.2108545303344727,-97.5983657836914,97.86136627197266,71.2620849609375,-4.338439464569092,10.310029983520508,-3.2108545303344727,-91.16033755274262,97.86136627197266,63.97435897435898,-4.338439464569092,10.310029983520508,13042.601903982097,10582.966456551523,23625.56836053362,2459.6354474305735
15.963388577998558,-3.052592865023911,-87.0042194092827,97.94826048171274,59.8014888337469,-4.089606668403235,11.125740618828177,1550.54345703125,1060.943359375,1134.9608154296875,2487.5029296875,-941.5679931640625,942.52392578125,-1659.888427734375,-1201.53515625,-1745.41943359375,-321.215576171875,1866.14306640625,-861.905517578125,1978.8486328125,-139.8720703125,2576.27392578125,352.08001708984375,-98.8316650390625,88.59140014648438,-2324.4462890625,-312.3359680175781,-38.2554931640625,-241.77590942382812,2677.8232421875,-295.587646484375,134.5919189453125,-2055.5537109375,-0.46453857421875,-2888.58984375,-260.7840576171875,715.1583251953125,-3.209498405456543,-97.48915100097656,97.88668060302734,71.58856201171875,-4.25329065322876,10.244314193725586,-3.209498405456543,-92.84810126582279,97.88668060302734,65.62861869313483,-4.25329065322876,10.244314193725586,13040.577972337294,10473.993451165708,23514.571423503003,2566.584521171586
15.99010139999882,-2.979036410445019,-88.52320675105486,97.94826048171274,61.207609594706355,-4.037509768168789,11.125740618828177,1538.54345703125,1072.943359375,1142.7049560546875,2477.90234375,-931.968017578125,961.88427734375,-1655.088134765625,-1201.53515625,-1741.54736328125,-335.615478515625,1849.3427734375,-865.777587890625,1983.6484375,-123.07208251953125,2568.52978515625,361.6800231933594,-98.8316650390625,96.33541870117188,-2324.4462890625,-305.1359558105469,-30.5115966796875,-239.37588500976562,2675.4228515625,-291.715576171875,122.5919189453125,-2057.9541015625,-23.696533203125,-2881.3896484375,-260.7840576171875,715.1583251953125,-3.1737966537475586,-97.52891540527344,97.89641571044922,71.64720916748047,-4.300370693206787,10.194671630859375,-3.1737966537475586,-93.94514767932489,97.89641571044922,66.62117452440032,-4.300370693206787,10.194671630859375,13016.375493556934,10475.594258298574,23491.969751855508,2540.7812352583605
16.02401784599715,-2.979036410445019,-89.78902953586498,98.03746654772524,62.36559139784944,-4.037509768168789,11.125740618828177,1514.54345703125,1024.943359375,1092.3687744140625,2461.1025390625,-893.5679931640625,927.0361328125,-1554.288330078125,-1124.7353515625,-1598.28369140625,-328.41552734375,1755.7431640625,-834.801513671875,1966.8486328125,-132.6720733642578,2498.833984375,347.280029296875,-84.431640625,92.46340942382812,-2329.24609375,-295.5359802246094,-15.0235595703125,-244.1759033203125,2682.623046875,-299.459716796875,124.991943359375,-2062.75390625,-4.3365478515625,-2888.58984375,-255.9840545654297,703.5423583984375,-3.1891469955444336,-97.41229248046875,97.92189025878906,71.80029296875,-4.3369622230529785,10.138158798217773,-3.1891469955444336,-95.21097046413502,97.92189025878906,67.69644334160463,-4.3369622230529785,10.138158798217773,12559.259228602412,10478.013213829781,23037.272442432193,2081.2460147726306
16.07048223399761,-2.979036410445019,-91.22362869198312,98.03746654772524,63.60628618693133,-3.9854128679343575,11.125740618828177,1495.34375,1068.1435546875,1123.3448486328125,2362.7021484375,-831.1680297851562,1074.171875,-1455.88818359375,-1155.93505859375,-1470.50732421875,-501.215576171875,1647.7431640625,-923.857666015625,1976.4482421875,-19.8720703125,2398.162109375,354.4800109863281,-96.431640625,84.71939086914062,-2341.24609375,-302.7359924316406,-34.383544921875,-241.77590942382812,2692.22265625,-291.715576171875,129.79193115234375,-2069.9541015625,-4.3365478515625,-2902.9892578125,-258.3840637207031,715.1583251953125,-3.1559505462646484,-97.40359497070312,97.92826843261719,71.81507873535156,-4.307871341705322,10.081512451171875,-3.1559505462646484,-96.9831223628692,97.92826843261719,69.51612903225808,-4.307871341705322,10.081512451171875,12311.487993333914,10531.695832029123,22843.183825363038,1779.792161304791
16.090303673998278,-2.979036410445019,-92.40506329113924,98.03746654772524,65.01240694789081,-3.9854128679343575,11.125740618828177,1423.34375,1166.54345703125,1165.9368896484375,2254.7021484375,-706.3680419921875,1360.69970703125,-1309.48828125,-1227.93505859375,-1381.45166015625,-758.015625,1501.3427734375,-1067.121826171875,2022.0478515625,107.32794189453125,2192.94580078125,344.8800354003906,-96.431640625,84.71939086914062,-2334.046875,-305.1359558105469,-42.1275634765625,-241.77590942382812,2699.4228515625,-295.587646484375,134.5919189453125,-2069.9541015625,3.407470703125,-2907.7890625,-258.3840637207031,699.67041015625,-3.150692939758301,-97.39854431152344,97.97029876708984,71.82292175292969,-4.300984859466553,10.067907333374023,-3.150692939758301,-97.39854431152344,97.97029876708984,70.2605459057072,-4.300984859466553,10.067907333374023,12146.950023620002,10524.828037236097,22671.7780608561,1622.121986383905
16.129779645998497,-2.979036410445019,-93.41772151898734,98.03746654772524,66.0876757650951,-3.9854128679343575,11.125740618828177,1212.1435546875,1303.34375,1084.6248779296875,2151.5029296875,-533.5679931640625,1604.63623046875,-1131.88818359375,-1383.935546875,-1381.45166015625,-820.41552734375,1434.14306640625,-1020.657958984375,2139.6484375,200.92794799804688,1832.85009765625,342.4800109863281,-89.231689453125,84.71939086914062,-2348.4462890625,-295.5359802246094,0.4644775390625,-246.57589721679688,2723.4228515625,-326.563720703125,127.39190673828125,-2072.353515625,15.023468017578125,-2924.58984375,-258.3840637207031,703.5423583984375,-3.1311721801757812,-97.36387634277344,97.99215698242188,71.83074188232422,-4.334094524383545,9.994930267333984,-3.1311721801757812,-97.36387634277344,97.99215698242188,71.50124069478909,-4.334094524383545,9.994930267333984,11846.792497437298,10580.292825558681,22427.08532299598,1266.499671878617
16.163602069998888,-3.052592865023911,-95.0210970464135,97.94826048171274,67.41108354011581,-3.9854128679343575,11.125740618828177,1209.74365234375,1288.943359375,1073.0089111328125,2117.90234375,-533.5679931640625,1604.63623046875,-1127.08837890625,-1381.53515625,-1350.4755859375,-837.215576171875,1429.3427734375,-1032.273681640625,2103.6484375,208.1279296875,1828.97802734375,356.8800354003906,-96.431640625,84.71939086914062,-2329.24609375,-309.9359436035156,-34.383544921875,-244.1759033203125,2728.22265625,-303.33154296875,132.19195556640625,-2067.5537109375,3.407470703125,-2931.7890625,-260.7840576171875,703.5423583984375,-3.1264963150024414,-97.37394714355469,97.98114013671875,71.84774017333984,-4.329617977142334,10.005512237548828,-3.1264963150024414,-97.37394714355469,97.98114013671875,71.84774017333984,-4.329617977142334,10.005512237548828,11761.883319256382,10583.219446213543,22345.102765469925,1178.6638730428385
16.20097811099913,-3.052592865023911,-96.45569620253164,97.85905441570026,68.56906534325887,-3.933315967699926,11.125740618828177,1228.94384765625,1288.943359375,1158.1927490234375,2014.7021484375,-533.5679931640625,1639.48388671875,-1122.288330078125,-1355.1357421875,-1315.62744140625,-940.41552734375,1314.14306640625,-1132.945556640625,2070.0478515625,258.5279541015625,1859.9541015625,354.4800109863281,-103.631591796875,88.59140014648438,-2324.4462890625,-312.3359680175781,-38.2554931640625,-251.37588500976562,2742.623046875,-311.07568359375,136.991943359375,-2072.353515625,18.895477294921875,-2936.58984375,-267.98406982421875,699.67041015625,-3.1230335235595703,-97.33384704589844,97.98954772949219,71.82867431640625,-4.327658176422119,9.983919143676758,-3.1230335235595703,-97.33384704589844,97.98954772949219,71.82867431640625,-4.327658176422119,9.983919143676758,11741.55910483045,10604.699267706479,22346.25837253693,1136.8598371239714
16.2414539349993,-3.052592865023911,-96.70886075949367,97.85905441570026,69.39619520264682,-3.933315967699926,11.125740618828177,1195.34375,1324.943359375,1169.8089599609375,1969.1025390625,-509.5679931640625,1720.79638671875,-1095.88818359375,-1383.935546875,-1284.6513671875,-1002.8154296875,1258.94287109375,-1132.945556640625,2086.8486328125,294.5279541015625,1805.74609375,330.4800109863281,-98.8316650390625,73.10342407226562,-2190.046875,-273.9359436035156,8.20849609375,-210.57589721679688,2874.623046875,-287.84375,132.19195556640625,-2045.9541015625,96.33547973632812,-2965.3896484375,-243.98406982421875,564.150390625,-3.116360664367676,-97.35380554199219,98.02552795410156,71.81371307373047,-4.3360819816589355,9.981649398803711,-3.116360664367676,-97.35380554199219,98.02552795410156,71.81371307373047,-4.3360819816589355,9.981649398803711,11724.814825506097,10537.295991595493,22262.110817101588,1187.5188339106044
16.267337745997793,-2.979036410445019,-96.79324894514768,97.85905441570026,69.56162117452439,-3.8812190674654943,11.125740618828177,1257.74365234375,1293.74365234375,1208.5289306640625,1928.302734375,-562.3679809570312,1647.22802734375,-1160.688232421875,-1331.1357421875,-1288.5234375,-1014.8154296875,1225.3427734375,-1163.921630859375,2014.8486328125,282.5279541015625,1910.2900390625,371.280029296875,-84.431640625,76.97537231445312,-2197.24609375,-295.5359802246094,-3.4075927734375,-248.97589111328125,2879.4228515625,-330.435546875,139.39190673828125,-2060.353515625,65.35946655273438,-2972.58984375,-275.18408203125,660.9503173828125,-3.0805625915527344,-97.3765640258789,98.04744720458984,71.80570983886719,-4.3441081047058105,9.954669952392578,-3.0805625915527344,-97.3765640258789,98.04744720458984,71.80570983886719,-4.3441081047058105,9.954669952392578,11717.676962192261,10638.18196555673,22355.858927748992,1079.4949966355307
16.304389690998505,-2.979036410445019,-96.79324894514768,97.85905441570026,69.56162117452439,-3.8812190674654943,11.125740618828177,1226.54345703125,1308.1435546875,1173.6807861328125,1952.302734375,-519.16796875,1689.81982421875,-1095.88818359375,-1369.53515625,-1269.16357421875,-1010.015625,1244.54296875,-1156.177490234375,2062.8486328125,289.72796630859375,1828.97802734375,347.280029296875,-108.431640625,73.10342407226562,-2192.4462890625,-281.1359558105469,4.33642578125,-220.1759033203125,2889.0224609375,-280.099609375,129.79193115234375,-2053.1533203125,84.71945190429688,-2974.9892578125,-248.7840576171875,598.998291015625,-3.094080924987793,-97.38460540771484,98.04693603515625,71.79661560058594,-4.336391925811768,9.959857940673828,-3.094080924987793,-97.38460540771484,98.04693603515625,71.79661560058594,-4.336391925811768,9.959857940673828,11690.314119766337,10596.264609196889,22286.578728963228,1094.049510569448
16.333471155998268,-3.052592865023911,-96.79324894514768,97.85905441570026,69.56162117452439,-3.8812190674654943,11.125740618828177,1238.54345703125,1296.1435546875,1193.0408935546875,1949.90234375,-547.968017578125,1651.10009765625,-1141.48828125,-1350.3349609375,-1284.6513671875,-1000.41552734375,1256.54296875,-1156.177490234375,2034.0478515625,280.1279296875,1883.18603515625,371.280029296875,-94.0316162109375,76.97537231445312,-2182.8466796875,-297.9359436035156,-15.0235595703125,-251.37588500976562,2889.0224609375,-318.819580078125,141.79193115234375,-2050.75390625,84.71945190429688,-2974.9892578125,-279.98406982421875,645.46240234375,-3.077885627746582,-97.3508071899414,98.0517807006836,71.79524230957031,-4.31874418258667,9.938152313232422,-3.077885627746582,-97.3508071899414,98.0517807006836,71.79524230957031,-4.31874418258667,9.938152313232422,11717.245363074155,10625.656661645113,22342.902024719268,1091.588701429042
16.363341627999034,-3.052592865023911,-96.79324894514768,97.85905441570026,69.56162117452439,-3.8812190674654943,11.125740618828177,1236.1435546875,1315.34375,1196.9129638671875,1937.90234375,-531.1680297851562,1689.81982421875,-1129.48828125,-1350.3349609375,-1280.779296875,-1024.41552734375,1222.94287109375,-1156.177490234375,2048.4482421875,287.32794189453125,1859.9541015625,349.6800231933594,-84.431640625,69.23141479492188,-2202.046875,-273.9359436035156,27.5684814453125,-227.37588500976562,2891.4228515625,-311.07568359375,127.39190673828125,-2065.1533203125,80.84747314453125,-2979.7890625,-253.5840606689453,602.870361328125,-3.0719003677368164,-97.33601379394531,98.05180358886719,71.7679443359375,-4.318073749542236,9.885677337646484,-3.0719003677368164,-97.33601379394531,98.05180358886719,71.7679443359375,-4.318073749542236,9.885677337646484,11720.308860457826,10623.88448308273,22344.193343540555,1096.4243773750968
16.403603120998014,-3.052592865023911,-96.87763713080169,97.85905441570026,69.56162117452439,-3.8812190674654943,11.125740618828177,1231.34375,1298.54345703125,1189.1688232421875,1961.90234375,-538.3679809570312,1658.84423828125,-1119.88818359375,-1359.935546875,-1284.6513671875,-998.015625,1261.3427734375,-1140.689697265625,2046.0478515625,282.5279541015625,1852.2099609375,364.08001708984375,-103.631591796875,76.97537231445312,-2185.24609375,-300.3359680175781,-30.5115966796875,-234.57589721679688,2891.4228515625,-307.20361328125,144.19195556640625,-2050.75390625,88.59146118164062,-2979.7890625,-272.7840576171875,629.974365234375,-3.068558692932129,-97.37132263183594,98.05768585205078,71.7772216796875,-4.320450305938721,9.906404495239258,-3.068558692932129,-97.37132263183594,98.05768585205078,71.7772216796875,-4.320450305938721,9.906404495239258,11700.130973298033,10625.002263387934,22325.133236685968,1075.1287099100991
16.437946489997557,-3.052592865023911,-96.87763713080169,97.85905441570026,69.56162117452439,-3.8812190674654943,11.125740618828177,1236.1435546875,1305.74365234375,1185.2967529296875,1945.1025390625,-533.5679931640625,1678.20361328125,-1131.88818359375,-1352.7353515625,-1280.779296875,-1012.41552734375,1230.14306640625,-1152.305908203125,2034.0478515625,287.32794189453125,1871.56982421875,356.8800354003906,-96.431640625,84.71939086914062,-2197.24609375,-288.3359680175781,4.33642578125,-234.57589721679688,2893.8232421875,-299.459716796875,127.39190673828125,-2060.353515625,84.71945190429688,-2979.7890625,-263.18408203125,626.102294921875,-3.074949264526367,-97.2942123413086,98.03760528564453,71.7700424194336,-4.324477672576904,9.89731216430664,-3.074949264526367,-97.2942123413086,98.03760528564453,71.7700424194336,-4.324477672576904,9.89731216430664,11702.401391241361,10636.303098876051,22338.704490117412,1066.09829236531
16.46239192199937,-3.052592865023911,-96.87763713080169,97.85905441570026,69.56162117452439,-3.8812190674654943,11.125740618828177,1231.34375,1310.54345703125,1189.1688232421875,1949.90234375,-528.7680053710938,1682.07568359375,-1124.688232421875,-1355.1357421875,-1284.6513671875,-1012.41552734375,1242.14306640625,-1152.305908203125,2055.6484375,292.1279296875,1848.337890625,354.4800109863281,-89.231689453125,80.84738159179688,-2185.24609375,-285.9359436035156,4.33642578125,-234.57589721679688,2886.623046875,-311.07568359375,134.5919189453125,-2055.5537109375,88.59146118164062,-2972.58984375,-265.58404541015625,614.486328125,-3.0546083450317383,-97.3877944946289,98.0691146850586,71.7494888305664,-4.325099468231201,9.878711700439453,-3.0546083450317383,-97.3877944946289,98.0691146850586,71.7494888305664,-4.325099468231201,9.878711700439453,11718.18417585236,10599.941383761932,22318.125559614295,1118.2427920904283
16.4937613660004,-3.052592865023911,-96.87763713080169,97.85905441570026,69.56162117452439,-3.8812190674654943,11.125740618828177,1238.54345703125,1300.943359375,1189.1688232421875,1945.1025390625,-540.7680053710938,1662.71630859375,-1129.48828125,-1352.7353515625,-1276.90771484375,-1007.615478515625,1246.94287109375,-1152.305908203125,2036.4482421875,284.92791748046875,1867.6982421875,366.4800109863281,-98.8316650390625,76.97537231445312,-2194.8466796875,-302.7359924316406,-15.0235595703125,-236.97589111328125,2891.4228515625,-307.20361328125,139.39190673828125,-2057.9541015625,84.71945190429688,-2970.189453125,-270.3840637207031,649.3343505859375,-3.040806770324707,-97.38803100585938,98.08859252929688,71.73106384277344,-4.316751003265381,9.870414733886719,-3.040806770324707,-97.38803100585938,98.08859252929688,71.73106384277344,-4.316751003265381,9.870414733886719,11698.097052962585,10637.060568558647,22335.157621521234,1061.0364844039377
16.534192243998405,-3.052592865023911,-96.9620253164557,97.85905441570026,69.56162117452439,-3.8812190674654943,11.125740618828177,1228.94384765625,1308.1435546875,1181.4249267578125,1947.5029296875,-523.968017578125,1682.07568359375,-1119.88818359375,-1352.7353515625,-1273.03564453125,-1014.8154296875,1237.3427734375,-1144.561767578125,2050.8486328125,289.72796630859375,1856.08203125,349.6800231933594,-94.0316162109375,76.97537231445312,-2197.24609375,-285.9359436035156,4.33642578125,-229.77590942382812,2891.4228515625,-299.459716796875,129.79193115234375,-2060.353515625,92.46347045898438,-2977.3896484375,-255.9840545654297,614.486328125,-3.053396224975586,-97.40119934082031,98.09595489501953,71.73953247070312,-4.299844264984131,9.865631103515625,-3.053396224975586,-97.40119934082031,98.09595489501953,71.73953247070312,-4.299844264984131,9.865631103515625,11692.607820477799,10619.330582951648,22311.93840342945,1073.2772375261502
16.56353580799987,-3.052592865023911,-97.0464135021097,97.85905441570026,69.56162117452439,-3.8812190674654943,11.125740618828177,1238.54345703125,1305.74365234375,1193.0408935546875,1952.302734375,-538.3679809570312,1674.33251953125,-1139.08837890625,-1355.1357421875,-1284.6513671875,-1010.015625,1242.14306640625,-1152.305908203125,2050.8486328125,287.32794189453125,1871.56982421875,364.08001708984375,-94.0316162109375,80.84738159179688,-2190.046875,-295.5359802246094,-7.279541015625,-246.57589721679688,2889.0224609375,-314.94775390625,139.39190673828125,-2053.1533203125,73.10345458984375,-2972.58984375,-275.18408203125,645.46240234375,-3.036956787109375,-97.36465454101562,98.09138488769531,71.72972106933594,-4.315404415130615,9.856918334960938,-3.036956787109375,-97.36465454101562,98.09138488769531,71.72972106933594,-4.315404415130615,9.856918334960938,11738.029009629372,10624.569697862396,22362.59870749177,1113.4593117669756
16.601817334998486,-3.052592865023911,-97.13080168776371,97.85905441570026,69.56162117452439,-3.8812190674654943,11.125740618828177,1233.74365234375,1310.54345703125,1189.1688232421875,1949.90234375,-531.1680297851562,1678.20361328125,-1124.688232421875,-1359.935546875,-1284.6513671875,-1012.41552734375,1242.14306640625,-1152.305908203125,2048.4482421875,289.72796630859375,1856.08203125,359.280029296875,-96.431640625,73.10342407226562,-2202.046875,-285.9359436035156,0.4644775390625,-229.77590942382812,2886.623046875,-303.33154296875,129.79193115234375,-2062.75390625,84.71945190429688,-2982.189453125,-260.7840576171875,629.974365234375,-3.0391769409179688,-97.31629943847656,98.07826232910156,71.7203369140625,-4.337127208709717,9.84674072265625,-3.0391769409179688,-97.31629943847656,98.07826232910156,71.7203369140625,-4.337127208709717,9.84674072265625,11720.144959128824,10638.949960921609,22359.094920050433,1081.1949982072147
16.63261509899894,-3.052592865023911,-97.13080168776371,97.85905441570026,69.56162117452439,-3.8812190674654943,11.125740618828177,1236.1435546875,1308.1435546875,1189.1688232421875,1952.302734375,-535.968017578125,1674.33251953125,-1131.88818359375,-1352.7353515625,-1296.267578125,-1010.015625,1242.14306640625,-1152.305908203125,2048.4482421875,287.32794189453125,1863.826171875,361.6800231933594,-96.431640625,76.97537231445312,-2197.24609375,-295.5359802246094,-3.4075927734375,-239.37588500976562,2891.4228515625,-311.07568359375,136.991943359375,-2060.353515625,88.59146118164062,-2979.7890625,-270.3840637207031,633.8463134765625,-3.030853271484375,-97.38441467285156,98.10469055175781,71.7034683227539,-4.303952693939209,9.819168090820312,-3.030853271484375,-97.38441467285156,98.10469055175781,71.7034683227539,-4.303952693939209,9.819168090820312,11730.155145861994,10642.361153425443,22372.51629928744,1087.793992436551
16.673748697998235,-3.052592865023911,-97.13080168776371,97.85905441570026,69.56162117452439,-3.8812190674654943,11.125740618828177,1236.1435546875,1308.1435546875,1189.1688232421875,1947.5029296875,-538.3679809570312,1674.33251953125,-1127.08837890625,-1352.7353515625,-1288.5234375,-1012.41552734375,1237.3427734375,-1148.433837890625,2043.6484375,289.72796630859375,1859.9541015625,354.4800109863281,-96.431640625,76.97537231445312,-2199.646484375,-290.7359924316406,0.4644775390625,-236.97589111328125,2891.4228515625,-307.20361328125,136.991943359375,-2067.5537109375,80.84747314453125,-2986.9892578125,-265.58404541015625,637.7183837890625,-3.013075828552246,-97.3466796875,98.0842514038086,71.71795654296875,-4.291478633880615,9.862480163574219,-3.013075828552246,-97.3466796875,98.0842514038086,71.71795654296875,-4.291478633880615,9.862480163574219,11710.098322934205,10650.950501456828,22361.048824391033,1059.1478214773779
16.709202064997953,-3.052592865023911,-97.13080168776371,97.85905441570026,69.56162117452439,-3.8812190674654943,11.125740618828177,1236.1435546875,1312.943359375,1193.0408935546875,1954.7021484375,-535.968017578125,1670.46044921875,-1131.88818359375,-1350.3349609375,-1288.5234375,-1012.41552734375,1239.7431640625,-1152.305908203125,2048.4482421875,287.32794189453125,1863.826171875,354.4800109863281,-91.631591796875,73.10342407226562,-2197.24609375,-293.1359558105469,-3.4075927734375,-236.97589111328125,2889.0224609375,-303.33154296875,139.39190673828125,-2060.353515625,88.59146118164062,-2979.7890625,-265.58404541015625,633.8463134765625,-3.026132583618164,-97.35912322998047,98.0986328125,71.70240783691406,-4.2935614585876465,9.85147476196289,-3.026132583618164,-97.35912322998047,98.0986328125,71.70240783691406,-4.2935614585876465,9.85147476196289,11728.180078433521,10629.602545832402,22357.78262426592,1098.577532601119
16.735432694000338,-3.052592865023911,-97.13080168776371,97.85905441570026,69.56162117452439,-3.8812190674654943,11.125740618828177,1233.74365234375,1305.74365234375,1189.1688232421875,1947.5029296875,-533.5679931640625,1678.20361328125,-1127.08837890625,-1352.7353515625,-1284.6513671875,-1010.015625,1244.54296875,-1152.305908203125,2053.248046875,289.72796630859375,1859.9541015625,361.6800231933594,-94.0316162109375,80.84738159179688,-2199.646484375,-300.3359680175781,-15.0235595703125,-234.57589721679688,2891.4228515625,-303.33154296875,136.991943359375,-2062.75390625,80.84747314453125,-2977.3896484375,-267.98406982421875,629.974365234375,-3.006833076477051,-97.37020874023438,98.1061019897461,71.69136047363281,-4.276578426361084,9.838066101074219,-3.006833076477051,-97.37020874023438,98.1061019897461,71.69136047363281,-4.276578426361084,9.838066101074219,11719.105718849867,10643.15463275247,22362.260351602337,1075.951086097397
16.763461987000483,-3.052592865023911,-97.13080168776371,97.85905441570026,69.56162117452439,-3.8812190674654943,11.125740618828177,1233.74365234375,1308.1435546875,1193.0408935546875,1945.1025390625,-533.5679931640625,1678.20361328125,-1129.48828125,-1352.7353515625,-1288.5234375,-1014.8154296875,1239.7431640625,-1152.305908203125,2050.8486328125,287.32794189453125,1863.826171875,359.280029296875,-94.0316162109375,80.84738159179688,-2194.8466796875,-288.3359680175781,8.20849609375,-234.57589721679688,2889.0224609375,-303.33154296875,132.19195556640625,-2062.75390625,80.84747314453125,-2977.3896484375,-263.18408203125,633.8463134765625,-3.0136117935180664,-97.40711212158203,98.11935424804688,71.67633819580078,-4.2673020362854,9.801933288574219,-3.0136117935180664,-97.40711212158203,98.11935424804688,71.67633819580078,-4.2673020362854,9.801933288574219,11724.457866533989,10632.190764587853,22356.64863112184,1092.2671019461359
16.798023336999904,-3.052592865023911,-97.13080168776371,97.85905441570026,69.56162117452439,-3.8812190674654943,11.125740618828177,1233.74365234375,1310.54345703125,1189.1688232421875,1952.302734375,-535.968017578125,1670.46044921875,-1129.48828125,-1355.1357421875,-1296.267578125,-1010.015625,1244.54296875,-1156.177490234375,2050.8486328125,284.92791748046875,1871.56982421875,356.8800354003906,-96.431640625,84.71939086914062,-2199.646484375,-290.7359924316406,-11.1514892578125,-244.1759033203125,2893.8232421875,-303.33154296875,139.39190673828125,-2062.75390625,84.71945190429688,-2974.9892578125,-267.98406982421875,637.7183837890625,-2.996095657348633,-97.41844940185547,98.12535095214844,71.68145751953125,-4.2752251625061035,9.825435638427734,-2.996095657348633,-97.41844940185547,98.12535095214844,71.68145751953125,-4.2752251625061035,9.825435638427734,11738.498210270009,10641.516859417492,22380.0150696875,1096.9813508525167
16.835408284998266,-3.052592865023911,-97.13080168776371,97.85905441570026,69.56162117452439,-3.8812190674654943,11.125740618828177,1240.94384765625,1312.943359375,1189.1688232421875,1949.90234375,-538.3679809570312,1678.20361328125,-1134.288330078125,-1357.53515625,-1284.6513671875,-1010.015625,1239.7431640625,-1152.305908203125,2046.0478515625,292.1279296875,1867.6982421875,366.4800109863281,-94.0316162109375,76.97537231445312,-2202.046875,-290.7359924316406,-3.4075927734375,-236.97589111328125,2886.623046875,-311.07568359375,132.19195556640625,-2062.75390625,84.71945190429688,-2986.9892578125,-263.18408203125,629.974365234375,-3.004913330078125,-97.43804931640625,98.13811492919922,71.67340087890625,-4.29193639755249,9.833770751953125,-3.004913330078125,-97.43804931640625,98.13811492919922,71.67340087890625,-4.29193639755249,9.833770751953125,11734.180089073137,10652.996817948473,22387.17690702161,1081.1832711246643
16.864452552999865,-3.052592865023911,-97.13080168776371,97.85905441570026,69.56162117452439,-3.8812190674654943,11.125740618828177,1233.74365234375,1308.1435546875,1196.9129638671875,1949.90234375,-535.968017578125,1678.20361328125,-1134.288330078125,-1355.1357421875,-1292.3955078125,-1012.41552734375,1242.14306640625,-1148.433837890625,2048.4482421875,284.92791748046875,1863.826171875,359.280029296875,-94.0316162109375,76.97537231445312,-2199.646484375,-290.7359924316406,-11.1514892578125,-239.37588500976562,2889.0224609375,-311.07568359375,136.991943359375,-2062.75390625,84.71945190429688,-2977.3896484375,-267.98406982421875,633.8463134765625,-3.0137710571289062,-97.38585662841797,98.12110900878906,71.6685562133789,-4.273721218109131,9.81613540649414,-3.0137710571289062,-97.38585662841797,98.12110900878906,71.6685562133789,-4.273721218109131,9.81613540649414,11732.912160173402,10638.561803747536,22371.473963920937,1094.3503564258663
16.89959095299855,-3.052592865023911,-97.13080168776371,97.85905441570026,69.56162117452439,-3.8812190674654943,11.125740618828177,1238.54345703125,1305.74365234375,1189.1688232421875,1945.1025390625,-533.5679931640625,1674.33251953125,-1129.48828125,-1357.53515625,-1284.6513671875,-1007.615478515625,1237.3427734375,-1152.305908203125,2050.8486328125,287.32794189453125,1863.826171875,361.6800231933594,-94.0316162109375,76.97537231445312,-2199.646484375,-293.1359558105469,-3.4075927734375,-234.57589721679688,2893.8232421875,-303.33154296875,134.5919189453125,-2062.75390625,84.71945190429688,-2984.58984375,-267.98406982421875,637.7183837890625,-2.9940109252929688,-97.42039489746094,98.1328353881836,71.64546966552734,-4.254879474639893,9.808002471923828,-2.9940109252929688,-97.42039489746094,98.1328353881836,71.64546966552734,-4.254879474639893,9.808002471923828,11716.636955868857,10652.34094180553,22368.977897674387,1064.2960140633259
16.987410670997633,-3.052592865023911,-97.13080168776371,97.85905441570026,69.56162117452439,-3.8812190674654943,11.125740618828177,1240.94384765625,1310.54345703125,1193.0408935546875,1945.1025390625,-540.7680053710938,1678.20361328125,-1131.88818359375,-1355.1357421875,-1288.5234375,-1014.8154296875,1239.7431640625,-1152.305908203125,2055.6484375,289.72796630859375,1867.6982421875,361.6800231933594,-94.0316162109375,76.97537231445312,-2199.646484375,-293.1359558105469,-7.279541015625,-236.97589111328125,2893.8232421875,-307.20361328125,134.5919189453125,-2065.1533203125,84.71945190429688,-2982.189453125,-267.98406982421875,637.7183837890625,-3.033102035522461,-97.5656967163086,98.14305114746094,71.95744323730469,-5.0130934715271,10.698911666870117,-3.033102035522461,-97.5656967163086,98.14305114746094,71.95744323730469,-5.0130934715271,10.698911666870117,11740.610446333943,10653.002937995236,22393.61338432918,1087.6075083387077
17.00053187699814,-3.052592865023911,-97.13080168776371,97.85905441570026,69.56162117452439,-3.8812190674654943,11.125740618828177,1238.54345703125,1308.1435546875,1193.0408935546875,1947.5029296875,-540.7680053710938,1682.07568359375,-1131.88818359375,-1357.53515625,-1288.5234375,-1012.41552734375,1244.54296875,-1156.177490234375,2043.6484375,287.32794189453125,1859.9541015625,364.08001708984375,-98.8316650390625,76.97537231445312,-2204.4462890625,-293.1359558105469,-7.279541015625,-241.77590942382812,2886.623046875,-303.33154296875,136.991943359375,-2067.5537109375,80.84747314453125,-2984.58984375,-265.58404541015625,633.8463134765625,-3.0400447845458984,-97.56106567382812,98.14411926269531,71.94754028320312,-5.034719944000244,10.679697036743164,-3.0400447845458984,-97.56106567382812,98.14411926269531,71.94754028320312,-5.034719944000244,10.679697036743164,11733.310870942521,10657.814640208177,22391.125511150698,1075.4962307343449
17.03419122899868,-3.052592865023911,-97.13080168776371,97.85905441570026,69.56162117452439,-3.8812190674654943,11.125740618828177,1240.94384765625,1308.1435546875,1189.1688232421875,1954.7021484375,-538.3679809570312,1674.33251953125,-1131.88818359375,-1357.53515625,-1292.3955078125,-1010.015625,1246.94287109375,-1156.177490234375,2046.0478515625,289.72796630859375,1859.9541015625,361.6800231933594,-96.431640625,80.84738159179688,-2199.646484375,-290.7359924316406,-11.1514892578125,-234.57589721679688,2893.8232421875,-307.20361328125,134.5919189453125,-2067.5537109375,80.84747314453125,-2984.58984375,-265.58404541015625,633.8463134765625,-3.039470672607422,-97.55889892578125,98.14874267578125,71.94644165039062,-5.052479267120361,10.659526824951172,-3.039470672607422,-97.55889892578125,98.14874267578125,71.94644165039062,-5.052479267120361,10.659526824951172,11737.043398355843,10657.471122689312,22394.514521045156,1079.572275666531
17.08933918999901,-3.052592865023911,-97.13080168776371,97.85905441570026,69.56162117452439,-4.141703568637666,11.19157340355497,1231.34375,1296.1435546875,1177.5528564453125,1935.5029296875,-531.1680297851562,1654.97216796875,-1115.08837890625,-1335.935546875,-1273.03564453125,-998.015625,1232.54296875,-1140.689697265625,2022.0478515625,282.5279541015625,1844.4658203125,366.4800109863281,-94.0316162109375,80.84738159179688,-2173.24609375,-295.5359802246094,-7.279541015625,-236.97589111328125,2874.623046875,-314.94775390625,139.39190673828125,-2036.353515625,80.84747314453125,-2960.58984375,-272.7840576171875,645.46240234375,-3.0309391021728516,-97.55262756347656,98.14524841308594,71.93930053710938,-5.064700603485107,10.628826141357422,-3.0309391021728516,-97.55262756347656,98.14524841308594,71.93930053710938,-5.064700603485107,10.628826141357422,11603.263180686208,10566.778823469334,22170.04200415554,1036.4843572168738
17.1067306799996,-3.052592865023911,-97.13080168776371,97.94826048171274,69.56162117452439,-4.297994269340975,11.19157340355497,1212.1435546875,1293.74365234375,1169.8089599609375,1923.5029296875,-526.3679809570312,1662.71630859375,-1107.88818359375,-1333.53515625,-1269.16357421875,-998.015625,1225.3427734375,-1132.945556640625,2014.8486328125,282.5279541015625,1825.10595703125,361.6800231933594,-86.8316650390625,76.97537231445312,-2156.4462890625,-293.1359558105469,-3.4075927734375,-236.97589111328125,2872.22265625,-314.94775390625,129.79193115234375,-2036.353515625,73.10345458984375,-2948.58984375,-272.7840576171875,633.8463134765625,-3.037360191345215,-97.54132843017578,98.14202880859375,71.92284393310547,-5.074737071990967,10.593790054321289,-3.037360191345215,-97.54132843017578,98.14202880859375,71.92284393310547,-5.074737071990967,10.593790054321289,11546.797885847749,10525.31407322559,22072.11195907334,1021.4838126221584
17.14250593599718,-3.052592865023911,-97.13080168776371,97.94826048171274,69.56162117452439,-4.297994269340975,11.19157340355497,1219.34375,1291.34375,1177.5528564453125,1923.5029296875,-528.7680053710938,1658.84423828125,-1117.48828125,-1326.3349609375,-1273.03564453125,-993.215576171875,1220.54296875,-1129.073486328125,2014.8486328125,284.92791748046875,1828.97802734375,364.08001708984375,-86.8316650390625,73.10342407226562,-2158.8466796875,-285.9359436035156,0.4644775390625,-239.37588500976562,2869.8232421875,-322.691650390625,136.991943359375,-2036.353515625,76.9754638671875,-2953.3896484375,-275.18408203125,637.7183837890625,-3.033383369445801,-97.54006958007812,98.13780975341797,71.92501831054688,-5.0776801109313965,10.562353134155273,-3.033383369445801,-97.54006958007812,98.13780975341797,71.92501831054688,-5.0776801109313965,10.562353134155273,11549.632251213045,10533.244744804982,22082.87699601803,1016.3875064080621
17.17688994299897,-3.052592865023911,-97.13080168776371,97.94826048171274,69.56162117452439,-4.297994269340975,11.19157340355497,1219.34375,1284.1435546875,1173.6807861328125,1921.1025390625,-528.7680053710938,1651.10009765625,-1105.48828125,-1328.7353515625,-1265.29150390625,-998.015625,1232.54296875,-1132.945556640625,2022.0478515625,280.1279296875,1836.72216796875,364.08001708984375,-96.431640625,73.10342407226562,-2168.4462890625,-297.9359436035156,-7.279541015625,-236.97589111328125,2865.0224609375,-303.33154296875,129.79193115234375,-2036.353515625,76.9754638671875,-2953.3896484375,-267.98406982421875,645.46240234375,-3.03732967376709,-97.5584716796875,98.13724517822266,71.9202880859375,-5.100518703460693,10.53533935546875,-3.03732967376709,-97.5584716796875,98.13724517822266,71.9202880859375,-5.100518703460693,10.53533935546875,11549.37518661446,10540.149634659056,22089.524821273517,1009.2255519554037
17.20473188899996,-3.052592865023911,-97.13080168776371,97.94826048171274,69.56162117452439,-4.297994269340975,11.19157340355497,1219.34375,1296.1435546875,1169.8089599609375,1925.90234375,-523.968017578125,1651.10009765625,-1107.88818359375,-1333.53515625,-1273.03564453125,-993.215576171875,1222.94287109375,-1129.073486328125,2012.4482421875,282.5279541015625,1832.85009765625,366.4800109863281,-86.8316650390625,73.10342407226562,-2154.046875,-288.3359680175781,0.4644775390625,-239.37588500976562,2869.8232421875,-318.819580078125,132.19195556640625,-2033.9541015625,73.10345458984375,-2948.58984375,-272.7840576171875,637.7183837890625,-3.032625198364258,-97.53353118896484,98.13744354248047,71.91216278076172,-5.113961696624756,10.511541366577148,-3.032625198364258,-97.53353118896484,98.13744354248047,71.91216278076172,-5.113961696624756,10.511541366577148,11545.718399419091,10522.926296638563,22068.644696057654,1022.7921027805278
17.244735121999838,-3.052592865023911,-97.13080168776371,97.94826048171274,69.56162117452439,-4.297994269340975,11.19157340355497,1219.34375,1291.34375,1169.8089599609375,1923.5029296875,-531.1680297851562,1654.97216796875,-1110.288330078125,-1331.1357421875,-1269.16357421875,-995.615478515625,1222.94287109375,-1136.817626953125,2014.8486328125,284.92791748046875,1832.85009765625,364.08001708984375,-86.8316650390625,73.10342407226562,-2166.046875,-288.3359680175781,-3.4075927734375,-239.37588500976562,2867.4228515625,-322.691650390625,139.39190673828125,-2033.9541015625,84.71945190429688,-2950.9892578125,-267.98406982421875,633.8463134765625,-3.0321102142333984,-97.54424285888672,98.14237976074219,71.91606903076172,-5.100372791290283,10.489910125732422,-3.0321102142333984,-97.54424285888672,98.14237976074219,71.91606903076172,-5.100372791290283,10.489910125732422,11550.179382617285,10532.606764109249,22082.786146726532,1017.5726185080366
17.275185946997226,-3.052592865023911,-97.13080168776371,97.94826048171274,69.56162117452439,-4.297994269340975,11.19157340355497,1214.54345703125,1286.54345703125,1169.8089599609375,1921.1025390625,-531.1680297851562,1654.97216796875,-1103.08837890625,-1331.1357421875,-1261.41943359375,-995.615478515625,1225.3427734375,-1129.073486328125,2014.8486328125,275.32794189453125,1828.97802734375,364.08001708984375,-91.631591796875,73.10342407226562,-2161.24609375,-290.7359924316406,-3.4075927734375,-234.57589721679688,2872.22265625,-311.07568359375,132.19195556640625,-2036.353515625,73.10345458984375,-2955.7890625,-272.7840576171875,633.8463134765625,-3.0293188095092773,-97.52742767333984,98.14093780517578,71.89947509765625,-5.119657039642334,10.468936920166016,-3.0293188095092773,-97.52742767333984,98.14093780517578,71.89947509765625,-5.119657039642334,10.468936920166016,11527.872038836023,10538.946184179029,22066.818223015052,988.9258546569945
17.313336359999084,-3.052592865023911,-97.13080168776371,97.94826048171274,69.56162117452439,-4.297994269340975,11.19157340355497,1216.94384765625,1293.74365234375,1173.6807861328125,1925.90234375,-526.3679809570312,1651.10009765625,-1107.88818359375,-1328.7353515625,-1261.41943359375,-993.215576171875,1227.7431640625,-1129.073486328125,2012.4482421875,282.5279541015625,1832.85009765625,368.8800354003906,-86.8316650390625,80.84738159179688,-2156.4462890625,-290.7359924316406,0.4644775390625,-239.37588500976562,2869.8232421875,-318.819580078125,132.19195556640625,-2036.353515625,80.84747314453125,-2946.189453125,-272.7840576171875,641.59033203125,-3.025650978088379,-97.5258560180664,98.14161682128906,71.90087890625,-5.112328052520752,10.468194961547852,-3.025650978088379,-97.5258560180664,98.14161682128906,71.90087890625,-5.112328052520752,10.468194961547852,11538.6985928103,10530.624885367864,22069.323478178165,1008.073707442436
17.34385959499923,-3.052592865023911,-97.13080168776371,97.94826048171274,69.56162117452439,-4.297994269340975,11.19157340355497,1216.94384765625,1291.34375,1173.6807861328125,1918.7021484375,-528.7680053710938,1662.71630859375,-1112.688232421875,-1326.3349609375,-1265.29150390625,-998.015625,1225.3427734375,-1132.945556640625,2010.0478515625,280.1279296875,1825.10595703125,364.08001708984375,-96.431640625,73.10342407226562,-2161.24609375,-290.7359924316406,0.4644775390625,-239.37588500976562,2869.8232421875,-318.819580078125,132.19195556640625,-2033.9541015625,69.23147583007812,-2946.189453125,-267.98406982421875,629.974365234375,-3.0290565490722656,-97.54326629638672,98.13228607177734,71.89202880859375,-5.1561665534973145,10.400045394897461,-3.0290565490722656,-97.54326629638672,98.13228607177734,71.89202880859375,-5.1561665534973145,10.400045394897461,11539.100561820787,10525.865674970315,22064.9662367911,1013.2348868504723
17.379600042000675,-3.052592865023911,-97.13080168776371,97.94826048171274,69.56162117452439,-4.297994269340975,11.19157340355497,1219.34375,1284.1435546875,1169.8089599609375,1923.5029296875,-528.7680053710938,1654.97216796875,-1112.688232421875,-1326.3349609375,-1269.16357421875,-995.615478515625,1227.7431640625,-1129.073486328125,2010.0478515625,277.72796630859375,1832.85009765625,368.8800354003906,-91.631591796875,73.10342407226562,-2161.24609375,-288.3359680175781,-3.4075927734375,-239.37588500976562,2869.8232421875,-322.691650390625,132.19195556640625,-2033.9541015625,73.10345458984375,-2950.9892578125,-272.7840576171875,633.8463134765625,-3.023646354675293,-97.51776123046875,98.13784790039062,71.8777847290039,-5.127810001373291,10.406499862670898,-3.023646354675293,-97.51776123046875,98.13784790039062,71.8777847290039,-5.127810001373291,10.406499862670898,11537.837328775233,10535.41821797702,22073.255546752254,1002.4191107982133
17.40548188699904,-3.052592865023911,-97.13080168776371,97.94826048171274,69.56162117452439,-4.297994269340975,11.19157340355497,1219.34375,1288.943359375,1169.8089599609375,1923.5029296875,-533.5679931640625,1654.97216796875,-1107.88818359375,-1328.7353515625,-1261.41943359375,-993.215576171875,1222.94287109375,-1136.817626953125,2012.4482421875,282.5279541015625,1832.85009765625,366.4800109863281,-94.0316162109375,73.10342407226562,-2161.24609375,-293.1359558105469,4.33642578125,-236.97589111328125,2869.8232421875,-314.94775390625,132.19195556640625,-2029.1533203125,76.9754638671875,-2950.9892578125,-279.98406982421875,641.59033203125,-3.025153160095215,-97.50680541992188,98.1382827758789,71.88150024414062,-5.136276721954346,10.418466567993164,-3.025153160095215,-97.50680541992188,98.1382827758789,71.88150024414062,-5.136276721954346,10.418466567993164,11538.674765149583,10530.942883528789,22069.617648678373,1007.7318816207935
17.439517368999077,-3.052592865023911,-97.13080168776371,97.94826048171274,69.56162117452439,-4.297994269340975,11.19157340355497,1224.1435546875,1293.74365234375,1162.0648193359375,1925.90234375,-533.5679931640625,1654.97216796875,-1117.48828125,-1328.7353515625,-1269.16357421875,-998.015625,1225.3427734375,-1140.689697265625,2019.6484375,280.1279296875,1832.85009765625,366.4800109863281,-89.231689453125,76.97537231445312,-2166.046875,-293.1359558105469,-3.4075927734375,-239.37588500976562,2869.8232421875,-318.819580078125,134.5919189453125,-2036.353515625,76.9754638671875,-2953.3896484375,-272.7840576171875,641.59033203125,-3.0251550674438477,-97.50480651855469,98.13325500488281,71.87540435791016,-5.131722927093506,10.388280868530273,-3.0251550674438477,-97.50480651855469,98.13325500488281,71.87540435791016,-5.131722927093506,10.388280868530273,11562.711107037421,10544.948371114337,22107.659478151756,1017.7627359230846
17.477357452000433,-3.052592865023911,-97.13080168776371,97.94826048171274,69.56162117452439,-4.297994269340975,11.19157340355497,1219.34375,1288.943359375,1173.6807861328125,1925.90234375,-528.7680053710938,1654.97216796875,-1110.288330078125,-1331.1357421875,-1269.16357421875,-995.615478515625,1220.54296875,-1125.201904296875,2010.0478515625,280.1279296875,1832.85009765625,368.8800354003906,-89.231689453125,76.97537231445312,-2158.8466796875,-295.5359802246094,4.33642578125,-241.77590942382812,2869.8232421875,-318.819580078125,132.19195556640625,-2033.9541015625,76.9754638671875,-2950.9892578125,-275.18408203125,641.59033203125,-3.0263566970825195,-97.5169677734375,98.13992309570312,71.87516021728516,-5.144546985626221,10.388387680053711,-3.0263566970825195,-97.5169677734375,98.13992309570312,71.87516021728516,-5.144546985626221,10.388387680053711,11539.837030430801,10535.955376085345,22075.792406516146,1003.8816543454559
17.509838161000516,-3.052592865023911,-97.13080168776371,97.94826048171274,69.56162117452439,-4.297994269340975,11.19157340355497,1216.94384765625,1286.54345703125,1169.8089599609375,1923.5029296875,-528.7680053710938,1651.10009765625,-1110.288330078125,-1326.3349609375,-1261.41943359375,-1000.41552734375,1227.7431640625,-1136.817626953125,2014.8486328125,282.5279541015625,1836.72216796875,366.4800109863281,-86.8316650390625,73.10342407226562,-2158.8466796875,-293.1359558105469,-3.4075927734375,-241.77590942382812,2867.4228515625,-318.819580078125,129.79193115234375,-2036.353515625,80.84747314453125,-2950.9892578125,-270.3840637207031,637.7183837890625,-3.039944648742676,-97.53710174560547,98.14258575439453,71.86370086669922,-5.142078876495361,10.371641159057617,-3.039944648742676,-97.53710174560547,98.14258575439453,71.86370086669922,-5.142078876495361,10.371641159057617,11543.213075512242,10530.800393881986,22074.013469394227,1012.412681630256
17.54276849699818,-3.052592865023911,-97.13080168776371,97.94826048171274,69.56162117452439,-4.297994269340975,11.19157340355497,1219.34375,1291.34375,1177.5528564453125,1930.7021484375,-531.1680297851562,1658.84423828125,-1110.288330078125,-1326.3349609375,-1276.90771484375,-998.015625,1227.7431640625,-1136.817626953125,2017.248046875,280.1279296875,1832.85009765625,368.8800354003906,-91.631591796875,69.23141479492188,-2161.24609375,-285.9359436035156,0.4644775390625,-234.57589721679688,2865.0224609375,-322.691650390625,134.5919189453125,-2038.75390625,80.84747314453125,-2950.9892578125,-270.3840637207031,637.7183837890625,-3.0378952026367188,-97.52281188964844,98.14217376708984,71.85853576660156,-5.15792989730835,10.341176986694336,-3.0378952026367188,-97.52281188964844,98.14217376708984,71.85853576660156,-5.15792989730835,10.341176986694336,11569.40489737152,10535.071355206612,22104.476252578133,1034.333542164908
17.576810376998765,-3.052592865023911,-97.13080168776371,97.94826048171274,69.56162117452439,-4.297994269340975,11.19157340355497,1219.34375,1291.34375,1169.8089599609375,1921.1025390625,-528.7680053710938,1651.10009765625,-1112.688232421875,-1326.3349609375,-1265.29150390625,-990.8154296875,1222.94287109375,-1136.817626953125,2012.4482421875,280.1279296875,1836.72216796875,366.4800109863281,-91.631591796875,76.97537231445312,-2161.24609375,-295.5359802246094,-3.4075927734375,-239.37588500976562,2869.8232421875,-318.819580078125,132.19195556640625,-2036.353515625,80.84747314453125,-2950.9892578125,-275.18408203125,637.7183837890625,-3.0171518325805664,-97.4964370727539,98.13563537597656,71.85633850097656,-5.164245128631592,10.354015350341797,-3.0171518325805664,-97.4964370727539,98.13563537597656,71.85633850097656,-5.164245128631592,10.354015350341797,11539.300331133749,10538.135002930869,22077.43533406462,1001.1653282028801
17.610957930999575,-3.052592865023911,-97.13080168776371,97.94826048171274,69.56162117452439,-4.297994269340975,11.19157340355497,1219.34375,1291.34375,1173.6807861328125,1921.1025390625,-531.1680297851562,1654.97216796875,-1107.88818359375,-1326.3349609375,-1269.16357421875,-998.015625,1225.3427734375,-1132.945556640625,2017.248046875,280.1279296875,1828.97802734375,368.8800354003906,-89.231689453125,73.10342407226562,-2166.046875,-293.1359558105469,-3.4075927734375,-239.37588500976562,2869.8232421875,-318.819580078125,134.5919189453125,-2038.75390625,76.9754638671875,-2958.189453125,-272.7840576171875,637.7183837890625,-3.0259389877319336,-97.51002502441406,98.12663269042969,71.84574890136719,-5.174622058868408,10.31382942199707,-3.0259389877319336,-97.51002502441406,98.12663269042969,71.84574890136719,-5.174622058868408,10.31382942199707,11545.482226216667,10552.732914920178,22098.215141136847,992.7493112964894
17.64653666400045,-3.052592865023911,-97.13080168776371,97.94826048171274,69.56162117452439,-4.297994269340975,11.19157340355497,1224.1435546875,1288.943359375,1169.8089599609375,1921.1025390625,-526.3679809570312,1658.84423828125,-1110.288330078125,-1328.7353515625,-1269.16357421875,-995.615478515625,1230.14306640625,-1132.945556640625,2012.4482421875,280.1279296875,1836.72216796875,368.8800354003906,-91.631591796875,84.71939086914062,-2163.646484375,-295.5359802246094,-7.279541015625,-239.37588500976562,2869.8232421875,-318.819580078125,129.79193115234375,-2036.353515625,84.71945190429688,-2948.58984375,-270.3840637207031,633.8463134765625,-3.04012393951416,-97.51812744140625,98.130126953125,71.83856201171875,-5.181276798248291,10.309341430664062,-3.04012393951416,-97.51812744140625,98.130126953125,71.83856201171875,-5.181276798248291,10.309341430664062,11552.324585714989,10540.838325952513,22093.162911667503,1011.486259762476
17.682728364998184,-3.052592865023911,-97.13080168776371,97.94826048171274,69.56162117452439,-4.297994269340975,11.19157340355497,1216.94384765625,1291.34375,1165.9368896484375,1928.302734375,-528.7680053710938,1654.97216796875,-1115.08837890625,-1326.3349609375,-1269.16357421875,-993.215576171875,1225.3427734375,-1129.073486328125,2012.4482421875,280.1279296875,1828.97802734375,366.4800109863281,-91.631591796875,73.10342407226562,-2161.24609375,-290.7359924316406,0.4644775390625,-234.57589721679688,2872.22265625,-314.94775390625,129.79193115234375,-2031.5537109375,73.10345458984375,-2955.7890625,-270.3840637207031,641.59033203125,-3.0424747467041016,-97.51385498046875,98.13358306884766,71.84065246582031,-5.188910961151123,10.282054901123047,-3.0424747467041016,-97.51385498046875,98.13358306884766,71.84065246582031,-5.188910961151123,10.282054901123047,11540.178244934832,10538.117913353142,22078.296158287973,1002.0603315816898
17.713775829997758,-3.052592865023911,-97.13080168776371,97.94826048171274,69.56162117452439,-4.297994269340975,11.19157340355497,1216.94384765625,1288.943359375,1169.8089599609375,1921.1025390625,-523.968017578125,1658.84423828125,-1110.288330078125,-1328.7353515625,-1269.16357421875,-995.615478515625,1230.14306640625,-1129.073486328125,2010.0478515625,280.1279296875,1832.85009765625,368.8800354003906,-86.8316650390625,76.97537231445312,-2161.24609375,-290.7359924316406,-3.4075927734375,-239.37588500976562,2872.22265625,-322.691650390625,129.79193115234375,-2041.1533203125,73.10345458984375,-2950.9892578125,-270.3840637207031,641.59033203125,-3.039801597595215,-97.51766967773438,98.13935852050781,71.83514404296875,-5.177163600921631,10.283287048339844,-3.039801597595215,-97.51766967773438,98.13935852050781,71.83514404296875,-5.177163600921631,10.283287048339844,11541.093479641135,10546.197133188722,22087.290612829856,994.8963464524131
17.752776826000627,-3.052592865023911,-97.13080168776371,97.94826048171274,69.56162117452439,-4.297994269340975,11.19157340355497,1221.74365234375,1284.1435546875,1177.5528564453125,1928.302734375,-533.5679931640625,1654.97216796875,-1110.288330078125,-1331.1357421875,-1265.29150390625,-995.615478515625,1222.94287109375,-1132.945556640625,2012.4482421875,282.5279541015625,1832.85009765625,368.8800354003906,-86.8316650390625,76.97537231445312,-2163.646484375,-293.1359558105469,0.4644775390625,-236.97589111328125,2865.0224609375,-318.819580078125,134.5919189453125,-2033.9541015625,69.23147583007812,-2948.58984375,-275.18408203125,645.46240234375,-3.025261878967285,-97.4801025390625,98.1409683227539,71.82548522949219,-5.1749958992004395,10.286369323730469,-3.025261878967285,-97.4801025390625,98.1409683227539,71.82548522949219,-5.1749958992004395,10.286369323730469,11548.964289338106,10533.051956039524,22082.01624537763,1015.9123332985819
17.789367910998408,-3.052592865023911,-97.13080168776371,97.94826048171274,69.56162117452439,-4.297994269340975,11.19157340355497,1221.74365234375,1288.943359375,1169.8089599609375,1925.90234375,-528.7680053710938,1654.97216796875,-1117.48828125,-1328.7353515625,-1265.29150390625,-995.615478515625,1225.3427734375,-1136.817626953125,2012.4482421875,282.5279541015625,1836.72216796875,368.8800354003906,-91.631591796875,76.97537231445312,-2161.24609375,-293.1359558105469,0.4644775390625,-241.77590942382812,2872.22265625,-326.563720703125,132.19195556640625,-2041.1533203125,73.10345458984375,-2946.189453125,-275.18408203125,641.59033203125,-3.0375022888183594,-97.50996398925781,98.14375305175781,71.81861877441406,-5.18862771987915,10.23868179321289,-3.0375022888183594,-97.50996398925781,98.14375305175781,71.81861877441406,-5.18862771987915,10.23868179321289,11553.445217328956,10544.168969146727,22097.614186475683,1009.2762481822283
17.813558813999407,-3.052592865023911,-97.13080168776371,97.94826048171274,69.56162117452439,-4.297994269340975,11.19157340355497,1219.34375,1288.943359375,1173.6807861328125,1928.302734375,-526.3679809570312,1654.97216796875,-1112.688232421875,-1328.7353515625,-1273.03564453125,-993.215576171875,1222.94287109375,-1132.945556640625,2017.248046875,277.72796630859375,1836.72216796875,366.4800109863281,-91.631591796875,76.97537231445312,-2168.4462890625,-293.1359558105469,-7.279541015625,-239.37588500976562,2857.8232421875,-314.94775390625,136.991943359375,-2036.353515625,73.10345458984375,-2941.3896484375,-272.7840576171875,649.3343505859375,-3.0393152236938477,-97.51307678222656,98.1277084350586,71.81544494628906,-5.215701580047607,10.228612899780273,-3.0393152236938477,-97.51307678222656,98.1277084350586,71.81544494628906,-5.215701580047607,10.228612899780273,11555.614643932196,10525.580969737563,22081.19561366976,1030.033674194634
17.847407367000415,-3.052592865023911,-97.13080168776371,97.94826048171274,69.56162117452439,-4.297994269340975,11.19157340355497,1224.1435546875,1288.943359375,1169.8089599609375,1925.90234375,-526.3679809570312,1658.84423828125,-1112.688232421875,-1328.7353515625,-1269.16357421875,-995.615478515625,1222.94287109375,-1136.817626953125,2014.8486328125,287.32794189453125,1828.97802734375,366.4800109863281,-89.231689453125,73.10342407226562,-2166.046875,-295.5359802246094,-7.279541015625,-236.97589111328125,2862.623046875,-314.94775390625,132.19195556640625,-2038.75390625,73.10345458984375,-2946.189453125,-270.3840637207031,645.46240234375,-3.0475082397460938,-97.48713684082031,98.13703918457031,71.81316375732422,-5.193845272064209,10.204744338989258,-3.0475082397460938,-97.48713684082031,98.13703918457031,71.81316375732422,-5.193845272064209,10.204744338989258,11552.17193542565,10532.466934127438,22084.638869553088,1019.7050012982108
17.884660772000643,-3.052592865023911,-97.13080168776371,97.94826048171274,69.56162117452439,-4.297994269340975,11.19157340355497,1221.74365234375,1291.34375,1165.9368896484375,1925.90234375,-528.7680053710938,1651.10009765625,-1110.288330078125,-1328.7353515625,-1269.16357421875,-995.615478515625,1220.54296875,-1136.817626953125,2010.0478515625,282.5279541015625,1832.85009765625,366.4800109863281,-89.231689453125,76.97537231445312,-2175.646484375,-295.5359802246094,-3.4075927734375,-239.37588500976562,2862.623046875,-318.819580078125,134.5919189453125,-2038.75390625,76.9754638671875,-2948.58984375,-272.7840576171875,645.46240234375,-3.043577194213867,-97.50100708007812,98.13948059082031,71.80377197265625,-5.197286128997803,10.203441619873047,-3.043577194213867,-97.50100708007812,98.13948059082031,71.80377197265625,-5.197286128997803,10.203441619873047,11541.477441886538,10546.196396314159,22087.673838200695,995.2810455723793
17.91537003099802,-3.052592865023911,-97.13080168776371,97.94826048171274,69.56162117452439,-4.297994269340975,11.19157340355497,1219.34375,1293.74365234375,1169.8089599609375,1925.90234375,-528.7680053710938,1658.84423828125,-1110.288330078125,-1326.3349609375,-1269.16357421875,-998.015625,1222.94287109375,-1129.073486328125,2017.248046875,284.92791748046875,1844.4658203125,371.280029296875,-84.431640625,80.84738159179688,-2242.8466796875,-300.3359680175781,-11.1514892578125,-258.5758972167969,2783.4228515625,-334.3076171875,136.991943359375,-2053.1533203125,30.511474609375,-2917.3896484375,-277.58404541015625,703.5423583984375,-3.0530261993408203,-97.48982238769531,98.13322448730469,71.80140686035156,-5.213109493255615,10.213464736938477,-3.0530261993408203,-97.48982238769531,98.13322448730469,71.80140686035156,-5.213109493255615,10.213464736938477,11558.691883483076,10539.245637001077,22097.937520484153,1019.446246481999
17.949963442999433,-3.052592865023911,-97.13080168776371,97.94826048171274,69.56162117452439,-4.297994269340975,11.19157340355497,1221.74365234375,1288.943359375,1173.6807861328125,1921.1025390625,-531.1680297851562,1654.97216796875,-1112.688232421875,-1328.7353515625,-1273.03564453125,-995.615478515625,1222.94287109375,-1132.945556640625,2012.4482421875,280.1279296875,1825.10595703125,371.280029296875,-79.631591796875,84.71939086914062,-2252.4462890625,-307.5359802246094,-18.8955078125,-258.5758972167969,2781.0224609375,-330.435546875,136.991943359375,-2062.75390625,22.7674560546875,-2924.58984375,-277.58404541015625,707.4144287109375,-3.064271926879883,-97.49529266357422,98.13079833984375,71.78905487060547,-5.222711086273193,10.185909271240234,-3.064271926879883,-97.49529266357422,98.13079833984375,71.78905487060547,-5.222711086273193,10.185909271240234,11542.794119336742,10564.108707991089,22106.90282732783,978.6854113456538
17.984553629998118,-3.052592865023911,-97.13080168776371,97.94826048171274,69.56162117452439,-4.297994269340975,11.19157340355497,1216.94384765625,1293.74365234375,1173.6807861328125,1925.90234375,-528.7680053710938,1654.97216796875,-1115.08837890625,-1326.3349609375,-1269.16357421875,-993.215576171875,1225.3427734375,-1132.945556640625,2012.4482421875,280.1279296875,1825.10595703125,373.6800231933594,-79.631591796875,76.97537231445312,-2257.24609375,-309.9359436035156,-22.767578125,-260.97589111328125,2771.4228515625,-330.435546875,136.991943359375,-2055.5537109375,22.7674560546875,-2910.189453125,-275.18408203125,711.286376953125,-3.051685333251953,-97.48197937011719,98.12586212158203,71.78071594238281,-5.218563556671143,10.151847839355469,-3.051685333251953,-97.48197937011719,98.12586212158203,71.78071594238281,-5.218563556671143,10.151847839355469,11543.7826955361,10540.216709156473,22083.99940469257,1003.5659863796263
18.016267457998765,-3.052592865023911,-97.13080168776371,97.94826048171274,69.56162117452439,-4.297994269340975,11.19157340355497,1219.34375,1291.34375,1173.6807861328125,1928.302734375,-531.1680297851562,1658.84423828125,-1110.288330078125,-1333.53515625,-1269.16357421875,-995.615478515625,1222.94287109375,-1136.817626953125,2007.6484375,277.72796630859375,1836.72216796875,373.6800231933594,-74.8316650390625,80.84738159179688,-2218.8466796875,-305.1359558105469,-30.5115966796875,-260.97589111328125,2728.22265625,-326.563720703125,136.991943359375,-2048.353515625,18.895477294921875,-2847.7890625,-275.18408203125,707.4144287109375,-3.0537424087524414,-97.48365020751953,98.13972473144531,71.78721618652344,-5.206730365753174,10.15955924987793,-3.0537424087524414,-97.48365020751953,98.13972473144531,71.78721618652344,-5.206730365753174,10.15955924987793,11556.397048370738,10389.810560312502,21946.20760868324,1166.5864880582358
18.0507991150007,-3.052592865023911,-97.13080168776371,97.94826048171274,69.56162117452439,-4.297994269340975,11.19157340355497,1221.74365234375,1288.943359375,1173.6807861328125,1921.1025390625,-528.7680053710938,1654.97216796875,-1110.288330078125,-1323.935546875,-1265.29150390625,-998.015625,1222.94287109375,-1140.689697265625,2012.4482421875,280.1279296875,1832.85009765625,371.280029296875,-72.431640625,80.84738159179688,-2221.24609375,-305.1359558105469,-34.383544921875,-265.7759094238281,2728.22265625,-326.563720703125,139.39190673828125,-2053.1533203125,22.7674560546875,-2847.7890625,-277.58404541015625,711.286376953125,-3.0542211532592773,-97.48095703125,98.12731170654297,71.77729034423828,-5.221707820892334,10.152172088623047,-3.0542211532592773,-97.48095703125,98.12731170654297,71.77729034423828,-5.221707820892334,10.152172088623047,11544.452198573093,10396.089454315417,21940.54165288851,1148.3627442576762
18.08714090399735,-3.052592865023911,-97.13080168776371,97.94826048171274,69.56162117452439,-4.297994269340975,11.19157340355497,1221.74365234375,1291.34375,1173.6807861328125,1923.5029296875,-533.5679931640625,1651.10009765625,-1115.08837890625,-1331.1357421875,-1273.03564453125,-995.615478515625,1222.94287109375,-1136.817626953125,2017.248046875,282.5279541015625,1836.72216796875,373.6800231933594,-70.0316162109375,80.84738159179688,-2221.24609375,-307.5359802246094,-30.5115966796875,-258.5758972167969,2723.4228515625,-330.435546875,139.39190673828125,-2050.75390625,18.895477294921875,-2845.3896484375,-277.58404541015625,707.4144287109375,-3.062161445617676,-97.47358703613281,98.13886260986328,71.78327178955078,-5.239908695220947,10.15162467956543,-3.062161445617676,-97.47358703613281,98.13886260986328,71.78327178955078,-5.239908695220947,10.15162467956543,11560.590706214529,10387.575918890301,21948.16662510483,1173.0147873242277
18.119208935000643,-3.052592865023911,-97.13080168776371,97.94826048171274,69.56162117452439,-4.297994269340975,11.19157340355497,1221.74365234375,1291.34375,1169.8089599609375,1925.90234375,-531.1680297851562,1654.97216796875,-1112.688232421875,-1326.3349609375,-1269.16357421875,-995.615478515625,1222.94287109375,-1136.817626953125,2019.6484375,280.1279296875,1836.72216796875,368.8800354003906,-72.431640625,84.71939086914062,-2223.646484375,-312.3359680175781,-34.383544921875,-258.5758972167969,2728.22265625,-322.691650390625,134.5919189453125,-2053.1533203125,26.63946533203125,-2845.3896484375,-277.58404541015625,707.4144287109375,-3.0525569915771484,-97.47001647949219,98.13158416748047,71.77526092529297,-5.240148067474365,10.152231216430664,-3.0525569915771484,-97.47001647949219,98.13158416748047,71.77526092529297,-5.240148067474365,10.152231216430664,11557.237396445023,10393.324668327405,21950.562064772428,1163.9127281176188
18.15340720899985,-3.1261493196028027,-97.13080168776371,97.94826048171274,69.56162117452439,-4.350091169575407,11.19157340355497,1224.1435546875,1291.34375,1169.8089599609375,1923.5029296875,-528.7680053710938,1654.97216796875,-1112.688232421875,-1326.3349609375,-1269.16357421875,-995.615478515625,1218.14306640625,-1136.817626953125,2012.4482421875,282.5279541015625,1840.59423828125,376.08001708984375,-74.8316650390625,76.97537231445312,-2228.4462890625,-307.5359802246094,-34.383544921875,-263.3758850097656,2728.22265625,-322.691650390625,134.5919189453125,-2050.75390625,15.023468017578125,-2847.7890625,-275.18408203125,703.5423583984375,-3.055209159851074,-97.4527816772461,98.12727355957031,71.76615142822266,-5.235715389251709,10.158443450927734,-3.055209159851074,-97.4527816772461,98.12727355957031,71.76615142822266,-5.235715389251709,10.158443450927734,11550.878476760518,10402.274959197519,21953.153435958036,1148.6035175629986
18.182571506000386,-3.1261493196028027,-97.13080168776371,97.94826048171274,69.56162117452439,-4.402188069809839,11.19157340355497,1219.34375,1293.74365234375,1173.6807861328125,1925.90234375,-528.7680053710938,1658.84423828125,-1112.688232421875,-1331.1357421875,-1273.03564453125,-993.215576171875,1222.94287109375,-1140.689697265625,2010.0478515625,282.5279541015625,1832.85009765625,371.280029296875,-67.631591796875,84.71939086914062,-2216.4462890625,-305.1359558105469,-38.2554931640625,-263.3758850097656,2730.623046875,-330.435546875,134.5919189453125,-2050.75390625,18.895477294921875,-2845.3896484375,-277.58404541015625,711.286376953125,-3.0541419982910156,-97.46039581298828,98.12789154052734,71.7686767578125,-5.232670307159424,10.11184310913086,-3.0541419982910156,-97.46039581298828,98.12789154052734,71.7686767578125,-5.232670307159424,10.11184310913086,11558.321864312064,10388.8898743946,21947.21173870666,1169.4319899174643
18.216553907997877,-3.1261493196028027,-97.13080168776371,97.94826048171274,69.56162117452439,-4.402188069809839,11.19157340355497,1221.74365234375,1293.74365234375,1173.6807861328125,1921.1025390625,-531.1680297851562,1654.97216796875,-1112.688232421875,-1331.1357421875,-1276.90771484375,-1000.41552734375,1225.3427734375,-1136.817626953125,2010.0478515625,284.92791748046875,1832.85009765625,373.6800231933594,-70.0316162109375,80.84738159179688,-2218.8466796875,-305.1359558105469,-26.6395263671875,-263.3758850097656,2730.623046875,-326.563720703125,139.39190673828125,-2048.353515625,22.7674560546875,-2838.189453125,-279.98406982421875,711.286376953125,-3.058037757873535,-97.44124603271484,98.12512969970703,71.75416564941406,-5.23700475692749,10.127237319946289,-3.058037757873535,-97.44124603271484,98.12512969970703,71.75416564941406,-5.23700475692749,10.127237319946289,11559.626271321542,10383.782339406265,21943.408610727805,1175.8439319152767
18.262036493997584,-3.1261493196028027,-97.13080168776371,97.94826048171274,69.56162117452439,-4.402188069809839,11.19157340355497,1219.34375,1296.1435546875,1181.4249267578125,1925.90234375,-528.7680053710938,1658.84423828125,-1119.88818359375,-1335.935546875,-1261.41943359375,-993.215576171875,1222.94287109375,-1129.073486328125,2010.0478515625,277.72796630859375,1828.97802734375,371.280029296875,-72.431640625,76.97537231445312,-2221.24609375,-307.5359802246094,-30.5115966796875,-263.3758850097656,2730.623046875,-322.691650390625,139.39190673828125,-2050.75390625,18.895477294921875,-2845.3896484375,-275.18408203125,711.286376953125,-3.078866958618164,-97.4421615600586,98.12242126464844,71.75635528564453,-5.247045040130615,10.103944778442383,-3.078866958618164,-97.4421615600586,98.12242126464844,71.75635528564453,-5.247045040130615,10.103944778442383,11554.047244048828,10392.282410220709,21946.32965426954,1161.7648338281197
18.285895819997677,-3.1261493196028027,-97.13080168776371,97.94826048171274,69.56162117452439,-4.454284970044284,11.19157340355497,1224.1435546875,1288.943359375,1169.8089599609375,1923.5029296875,-535.968017578125,1654.97216796875,-1115.08837890625,-1323.935546875,-1273.03564453125,-998.015625,1230.14306640625,-1129.073486328125,2007.6484375,282.5279541015625,1840.59423828125,373.6800231933594,-74.8316650390625,84.71939086914062,-2221.24609375,-307.5359802246094,-38.2554931640625,-258.5758972167969,2733.0224609375,-326.563720703125,136.991943359375,-2053.1533203125,26.63946533203125,-2840.58984375,-279.98406982421875,715.1583251953125,-3.05605411529541,-97.44788360595703,98.11878967285156,71.75077819824219,-5.25700044631958,10.09028434753418,-3.05605411529541,-97.44788360595703,98.11878967285156,71.75077819824219,-5.25700044631958,10.09028434753418,11553.712939128021,10398.21934293228,21951.9322820603,1155.4935961957417
18.319510629000433,-3.1261493196028027,-97.13080168776371,97.94826048171274,69.56162117452439,-4.506381870278716,11.19157340355497,1221.74365234375,1291.34375,1181.4249267578125,1921.1025390625,-528.7680053710938,1666.58837890625,-1115.08837890625,-1328.7353515625,-1269.16357421875,-998.015625,1225.3427734375,-1136.817626953125,2017.248046875,282.5279541015625,1836.72216796875,366.4800109863281,-74.8316650390625,73.10342407226562,-2223.646484375,-305.1359558105469,-26.6395263671875,-260.97589111328125,2730.623046875,-326.563720703125,129.79193115234375,-2055.5537109375,22.7674560546875,-2840.58984375,-277.58404541015625,703.5423583984375,-3.0714197158813477,-97.4390869140625,98.12863159179688,71.74320983886719,-5.254618167877197,10.090450286865234,-3.0714197158813477,-97.4390869140625,98.12863159179688,71.74320983886719,-5.254618167877197,10.090450286865234,11570.978174135565,10387.524607754194,21958.502781889758,1183.4535663813713
18.354009017999488,-3.1261493196028027,-97.13080168776371,97.94826048171274,69.56162117452439,-4.506381870278716,11.19157340355497,1219.34375,1291.34375,1177.5528564453125,1923.5029296875,-533.5679931640625,1658.84423828125,-1112.688232421875,-1326.3349609375,-1273.03564453125,-995.615478515625,1220.54296875,-1136.817626953125,2012.4482421875,280.1279296875,1832.85009765625,373.6800231933594,-67.631591796875,84.71939086914062,-2218.8466796875,-309.9359436035156,-34.383544921875,-260.97589111328125,2730.623046875,-326.563720703125,134.5919189453125,-2053.1533203125,18.895477294921875,-2840.58984375,-279.98406982421875,707.4144287109375,-3.0805273056030273,-97.44490051269531,98.12468719482422,71.74087524414062,-5.252357006072998,10.102231979370117,-3.0805273056030273,-97.44490051269531,98.12468719482422,71.74087524414062,-5.252357006072998,10.102231979370117,11554.208048188,10390.532170904462,21944.740219092462,1163.6758772835383
18.390565456997138,-3.1261493196028027,-97.13080168776371,97.94826048171274,69.56162117452439,-4.506381870278716,11.19157340355497,1221.74365234375,1288.943359375,1173.6807861328125,1923.5029296875,-531.1680297851562,1662.71630859375,-1115.08837890625,-1328.7353515625,-1269.16357421875,-995.615478515625,1222.94287109375,-1140.689697265625,2014.8486328125,282.5279541015625,1836.72216796875,368.8800354003906,-74.8316650390625,80.84738159179688,-2223.646484375,-302.7359924316406,-26.6395263671875,-260.97589111328125,2733.0224609375,-322.691650390625,139.39190673828125,-2055.5537109375,22.7674560546875,-2847.7890625,-282.3840637207031,711.286376953125,-3.066434860229492,-97.42194366455078,98.11949920654297,71.7336196899414,-5.26033353805542,10.07980728149414,-3.066434860229492,-97.42194366455078,98.11949920654297,71.7336196899414,-5.26033353805542,10.07980728149414,11562.794535112442,10402.87571598538,21965.67025109782,1159.9188191270623
18.42402204699829,-3.1261493196028027,-97.13080168776371,97.94826048171274,69.56162117452439,-4.506381870278716,11.19157340355497,1216.94384765625,1291.34375,1173.6807861328125,1923.5029296875,-531.1680297851562,1651.10009765625,-1117.48828125,-1331.1357421875,-1269.16357421875,-998.015625,1222.94287109375,-1129.073486328125,2019.6484375,284.92791748046875,1840.59423828125,376.08001708984375,-70.0316162109375,80.84738159179688,-2226.046875,-300.3359680175781,-30.5115966796875,-260.97589111328125,2730.623046875,-326.563720703125,129.79193115234375,-2055.5537109375,18.895477294921875,-2845.3896484375,-282.3840637207031,703.5423583984375,-3.0940542221069336,-97.44386291503906,98.11685943603516,71.72740936279297,-5.263790607452393,10.058185577392578,-3.0940542221069336,-97.44386291503906,98.11685943603516,71.72740936279297,-5.263790607452393,10.058185577392578,11557.627696440186,10404.236817897996,21961.86451433818,1153.39087854219
18.456913658999838,-3.1261493196028027,-97.13080168776371,97.94826048171274,69.56162117452439,-4.506381870278716,11.19157340355497,1224.1435546875,1286.54345703125,1169.8089599609375,1918.7021484375,-533.5679931640625,1658.84423828125,-1115.08837890625,-1335.935546875,-1276.90771484375,-1000.41552734375,1222.94287109375,-1129.073486328125,2014.8486328125,282.5279541015625,1840.59423828125,373.6800231933594,-77.231689453125,88.59140014648438,-2218.8466796875,-305.1359558105469,-38.2554931640625,-258.5758972167969,2735.4228515625,-322.691650390625,139.39190673828125,-2053.1533203125,18.895477294921875,-2847.7890625,-282.3840637207031,707.4144287109375,-3.089061737060547,-97.42506408691406,98.10651397705078,71.7265396118164,-5.266234874725342,10.068048477172852,-3.089061737060547,-97.42506408691406,98.10651397705078,71.7265396118164,-5.266234874725342,10.068048477172852,11562.358917603531,10404.144738264851,21966.503655868382,1158.21417933868
18.496513236998,-3.1261493196028027,-97.13080168776371,97.94826048171274,69.56162117452439,-4.506381870278716,11.19157340355497,1219.34375,1291.34375,1173.6807861328125,1928.302734375,-528.7680053710938,1651.10009765625,-1115.08837890625,-1328.7353515625,-1269.16357421875,-995.615478515625,1222.94287109375,-1132.945556640625,2019.6484375,284.92791748046875,1844.4658203125,371.280029296875,-77.231689453125,84.71939086914062,-2223.646484375,-305.1359558105469,-42.1275634765625,-263.3758850097656,2730.623046875,-314.94775390625,136.991943359375,-2055.5537109375,18.895477294921875,-2845.3896484375,-277.58404541015625,711.286376953125,-3.089369773864746,-97.42964172363281,98.10759735107422,71.7243881225586,-5.275619983673096,10.068517684936523,-3.089369773864746,-97.42964172363281,98.10759735107422,71.7243881225586,-5.275619983673096,10.068517684936523,11562.966388433333,10401.02310402765,21963.989492460983,1161.9432844056828
18.536386451,-3.1261493196028027,-97.13080168776371,97.94826048171274,69.56162117452439,-4.506381870278716,11.19157340355497,1224.1435546875,1291.34375,1173.6807861328125,1925.90234375,-533.5679931640625,1662.71630859375,-1117.48828125,-1326.3349609375,-1265.29150390625,-1000.41552734375,1227.7431640625,-1136.817626953125,2017.248046875,277.72796630859375,1840.59423828125,371.280029296875,-74.8316650390625,76.97537231445312,-2221.24609375,-305.1359558105469,-38.2554931640625,-258.5758972167969,2733.0224609375,-326.563720703125,136.991943359375,-2053.1533203125,22.7674560546875,-2847.7890625,-282.3840637207031,707.4144287109375,-3.100461006164551,-97.43557739257812,98.11746215820312,71.72547912597656,-5.270020008087158,10.049331665039062,-3.100461006164551,-97.43557739257812,98.11746215820312,71.72547912597656,-5.270020008087158,10.049331665039062,11572.458762761284,10399.24307192626,21971.70183468754,1173.2156908350244
18.558651559000282,-3.1261493196028027,-97.13080168776371,97.94826048171274,69.56162117452439,-4.506381870278716,11.19157340355497,1224.1435546875,1288.943359375,1173.6807861328125,1925.90234375,-540.7680053710938,1658.84423828125,-1115.08837890625,-1326.3349609375,-1269.16357421875,-995.615478515625,1218.14306640625,-1132.945556640625,2014.8486328125,282.5279541015625,1836.72216796875,371.280029296875,-79.631591796875,80.84738159179688,-2223.646484375,-307.5359802246094,-34.383544921875,-260.97589111328125,2733.0224609375,-326.563720703125,134.5919189453125,-2050.75390625,18.895477294921875,-2847.7890625,-282.3840637207031,707.4144287109375,-3.090235710144043,-97.40106201171875,98.11217498779297,71.71453857421875,-5.262813091278076,10.071855545043945,-3.090235710144043,-97.40106201171875,98.11217498779297,71.71453857421875,-5.262813091278076,10.071855545043945,11556.424507230025,10401.265213682302,21957.689720912327,1155.1592935477238
18.59549307999987,-3.1261493196028027,-97.13080168776371,97.94826048171274,69.56162117452439,-4.506381870278716,11.19157340355497,1221.74365234375,1291.34375,1177.5528564453125,1923.5029296875,-528.7680053710938,1654.97216796875,-1112.688232421875,-1328.7353515625,-1265.29150390625,-995.615478515625,1222.94287109375,-1140.689697265625,2019.6484375,282.5279541015625,1844.4658203125,368.8800354003906,-77.231689453125,92.46340942382812,-2223.646484375,-309.9359436035156,-26.6395263671875,-260.97589111328125,2730.623046875,-322.691650390625,132.19195556640625,-2055.5537109375,22.7674560546875,-2847.7890625,-279.98406982421875,711.286376953125,-3.091689109802246,-97.42439270019531,98.09492492675781,71.7134017944336,-5.293145656585693,10.098451614379883,-3.091689109802246,-97.42439270019531,98.09492492675781,71.7134017944336,-5.293145656585693,10.098451614379883,11566.13233979115,10403.858995831484,21969.99133562263,1162.273343959665
18.630502476997208,-3.1261493196028027,-97.13080168776371,97.94826048171274,69.56162117452439,-4.506381870278716,11.19157340355497,1224.1435546875,1291.34375,1181.4249267578125,1923.5029296875,-531.1680297851562,1662.71630859375,-1117.48828125,-1333.53515625,-1269.16357421875,-995.615478515625,1220.54296875,-1136.817626953125,2012.4482421875,282.5279541015625,1844.4658203125,373.6800231933594,-74.8316650390625,84.71939086914062,-2230.8466796875,-302.7359924316406,-38.2554931640625,-260.97589111328125,2730.623046875,-322.691650390625,136.991943359375,-2053.1533203125,18.895477294921875,-2850.189453125,-282.3840637207031,711.286376953125,-3.107741355895996,-97.41584777832031,98.11624145507812,71.71387481689453,-5.270745754241943,10.093311309814453,-3.107741355895996,-97.41584777832031,98.11624145507812,71.71387481689453,-5.270745754241943,10.093311309814453,11573.773533319525,10412.951726471458,21986.725259790983,1160.8218068480674
18.670839280999644,-3.1261493196028027,-97.13080168776371,97.94826048171274,69.56162117452439,-4.506381870278716,11.19157340355497,1221.74365234375,1288.943359375,1173.6807861328125,1923.5029296875,-535.968017578125,1654.97216796875,-1117.48828125,-1328.7353515625,-1269.16357421875,-1000.41552734375,1225.3427734375,-1136.817626953125,2014.8486328125,284.92791748046875,1836.72216796875,368.8800354003906,-77.231689453125,80.84738159179688,-2233.24609375,-305.1359558105469,-30.5115966796875,-260.97589111328125,2730.623046875,-322.691650390625,132.19195556640625,-2057.9541015625,26.63946533203125,-2845.3896484375,-277.58404541015625,707.4144287109375,-3.108038902282715,-97.40208435058594,98.10037231445312,71.70233154296875,-5.278754711151123,10.114957809448242,-3.108038902282715,-97.40208435058594,98.10037231445312,71.70233154296875,-5.278754711151123,10.114957809448242,11562.030776241407,10409.122889426286,21971.15366566769,1152.907886815121
18.69303771900013,-3.1261493196028027,-97.13080168776371,97.94826048171274,69.56162117452439,-4.506381870278716,11.19157340355497,1221.74365234375,1291.34375,1181.4249267578125,1918.7021484375,-528.7680053710938,1654.97216796875,-1112.688232421875,-1333.53515625,-1276.90771484375,-998.015625,1227.7431640625,-1136.817626953125,2014.8486328125,282.5279541015625,1840.59423828125,373.6800231933594,-74.8316650390625,76.97537231445312,-2228.4462890625,-302.7359924316406,-38.2554931640625,-260.97589111328125,2730.623046875,-330.435546875,139.39190673828125,-2050.75390625,26.63946533203125,-2852.58984375,-279.98406982421875,707.4144287109375,-3.0972251892089844,-97.40098571777344,98.08547973632812,71.70463562011719,-5.279024600982666,10.09544563293457,-3.0972251892089844,-97.40098571777344,98.08547973632812,71.70463562011719,-5.279024600982666,10.09544563293457,11570.410912652966,10408.894771599333,21979.3056842523,1161.516141053633
18.727739458998258,-3.1261493196028027,-97.13080168776371,97.94826048171274,69.56162117452439,-4.506381870278716,11.19157340355497,1221.74365234375,1293.74365234375,1177.5528564453125,1923.5029296875,-526.3679809570312,1658.84423828125,-1112.688232421875,-1328.7353515625,-1269.16357421875,-993.215576171875,1225.3427734375,-1136.817626953125,2017.248046875,284.92791748046875,1840.59423828125,371.280029296875,-77.231689453125,84.71939086914062,-2235.646484375,-309.9359436035156,-30.5115966796875,-258.5758972167969,2735.4228515625,-326.563720703125,136.991943359375,-2045.9541015625,26.63946533203125,-2850.189453125,-275.18408203125,707.4144287109375,-3.1221389770507812,-97.41864013671875,98.10424041748047,71.71123504638672,-5.279118061065674,10.148063659667969,-3.1221389770507812,-97.41864013671875,98.10424041748047,71.71123504638672,-5.279118061065674,10.148063659667969,11565.762953613257,10413.006181146955,21978.769134760212,1152.7567724663022
18.765959947999363,-3.1261493196028027,-97.13080168776371,97.94826048171274,69.56162117452439,-4.506381870278716,11.19157340355497,1221.74365234375,1291.34375,1177.5528564453125,1921.1025390625,-533.5679931640625,1651.10009765625,-1117.48828125,-1331.1357421875,-1269.16357421875,-1002.8154296875,1222.94287109375,-1129.073486328125,2017.248046875,280.1279296875,1844.4658203125,373.6800231933594,-72.431640625,92.46340942382812,-2226.046875,-302.7359924316406,-30.5115966796875,-265.7759094238281,2735.4228515625,-330.435546875,134.5919189453125,-2055.5537109375,22.7674560546875,-2850.189453125,-277.58404541015625,711.286376953125,-3.1230545043945312,-97.38424682617188,98.10220336914062,71.70008087158203,-5.278258800506592,10.145605087280273,-3.1230545043945312,-97.38424682617188,98.10220336914062,71.70008087158203,-5.278258800506592,10.145605087280273,11564.036159671445,10417.316789664485,21981.35294933593,1146.7193700069602
18.794996921998973,-3.1261493196028027,-97.13080168776371,97.94826048171274,69.56162117452439,-4.506381870278716,11.19157340355497,1219.34375,1291.34375,1177.5528564453125,1933.1025390625,-528.7680053710938,1662.71630859375,-1112.688232421875,-1331.1357421875,-1273.03564453125,-998.015625,1225.3427734375,-1132.945556640625,2012.4482421875,280.1279296875,1836.72216796875,371.280029296875,-79.631591796875,80.84738159179688,-2221.24609375,-305.1359558105469,-34.383544921875,-265.7759094238281,2737.8232421875,-326.563720703125,136.991943359375,-2050.75390625,26.63946533203125,-2847.7890625,-279.98406982421875,707.4144287109375,-3.131190299987793,-97.3901138305664,98.0827865600586,71.68772888183594,-5.274526119232178,10.255025863647461,-3.131190299987793,-97.3901138305664,98.0827865600586,71.68772888183594,-5.274526119232178,10.255025863647461,11570.372900330767,10403.777433280078,21974.150333610844,1166.595467050689
18.834579463997215,-3.1261493196028027,-97.13080168776371,97.94826048171274,69.56162117452439,-4.506381870278716,11.19157340355497,1224.1435546875,1291.34375,1173.6807861328125,1921.1025390625,-533.5679931640625,1654.97216796875,-1115.08837890625,-1331.1357421875,-1273.03564453125,-998.015625,1225.3427734375,-1136.817626953125,2014.8486328125,280.1279296875,1840.59423828125,368.8800354003906,-72.431640625,76.97537231445312,-2228.4462890625,-309.9359436035156,-34.383544921875,-265.7759094238281,2733.0224609375,-326.563720703125,139.39190673828125,-2050.75390625,22.7674560546875,-2850.189453125,-282.3840637207031,707.4144287109375,-3.162067413330078,-97.37953186035156,98.08645629882812,71.67633056640625,-5.280553340911865,10.206239700317383,-3.162067413330078,-97.37953186035156,98.08645629882812,71.67633056640625,-5.280553340911865,10.206239700317383,11565.98333302407,10404.972910346063,21970.956243370136,1161.0104226780077
18.86940076499741,-3.1261493196028027,-97.13080168776371,97.94826048171274,69.56162117452439,-4.506381870278716,11.19157340355497,1224.1435546875,1293.74365234375,1173.6807861328125,1923.5029296875,-533.5679931640625,1654.97216796875,-1112.688232421875,-1331.1357421875,-1269.16357421875,-998.015625,1218.14306640625,-1132.945556640625,2017.248046875,280.1279296875,1836.72216796875,371.280029296875,-74.8316650390625,80.84738159179688,-2233.24609375,-305.1359558105469,-30.5115966796875,-265.7759094238281,2730.623046875,-314.94775390625,134.5919189453125,-2055.5537109375,22.7674560546875,-2845.3896484375,-279.98406982421875,711.286376953125,-3.1315383911132812,-97.39493560791016,98.08514404296875,71.6961898803711,-5.26585054397583,10.699026107788086,-3.1315383911132812,-97.39493560791016,98.08514404296875,71.6961898803711,-5.26585054397583,10.699026107788086,11558.068307811984,10409.386485986983,21967.454793798966,1148.681821825001
18.895790370999748,-3.1261493196028027,-97.13080168776371,97.94826048171274,69.56162117452439,-4.506381870278716,11.19157340355497,1224.1435546875,1286.54345703125,1173.6807861328125,1921.1025390625,-528.7680053710938,1654.97216796875,-1112.688232421875,-1328.7353515625,-1265.29150390625,-998.015625,1222.94287109375,-1129.073486328125,2012.4482421875,282.5279541015625,1844.4658203125,371.280029296875,-77.231689453125,84.71939086914062,-2226.046875,-307.5359802246094,-38.2554931640625,-263.3758850097656,2735.4228515625,-326.563720703125,132.19195556640625,-2055.5537109375,15.023468017578125,-2845.3896484375,-275.18408203125,715.1583251953125,-3.1584815979003906,-97.38941955566406,98.09226989746094,71.6898193359375,-5.263469219207764,10.797090530395508,-3.1584815979003906,-97.38941955566406,98.09226989746094,71.6898193359375,-5.263469219207764,10.797090530395508,11549.85206679156,10410.11858270329,21959.970649494848,1139.7334840882704
18.93074028099727,-3.1261493196028027,-97.13080168776371,97.94826048171274,69.56162117452439,-4.506381870278716,11.19157340355497,1219.34375,1293.74365234375,1173.6807861328125,1923.5029296875,-533.5679931640625,1651.10009765625,-1115.08837890625,-1328.7353515625,-1269.16357421875,-995.615478515625,1227.7431640625,-1144.561767578125,2010.0478515625,280.1279296875,1836.72216796875,373.6800231933594,-70.0316162109375,84.71939086914062,-2230.8466796875,-305.1359558105469,-30.5115966796875,-263.3758850097656,2735.4228515625,-326.563720703125,134.5919189453125,-2053.1533203125,18.895477294921875,-2845.3896484375,-282.3840637207031,715.1583251953125,-3.1597957611083984,-97.40592956542969,98.08187103271484,71.69246673583984,-5.255465030670166,12.007545471191406,-3.1597957611083984,-97.40592956542969,98.08187103271484,71.69246673583984,-5.255465030670166,12.007545471191406,11558.917078900575,10413.836267546401,21972.753346446974,1145.0808113541734
18.972553456998867,-3.1261493196028027,-97.13080168776371,97.94826048171274,69.56162117452439,-4.506381870278716,11.257406188281765,1216.94384765625,1291.34375,1173.6807861328125,1925.90234375,-533.5679931640625,1658.84423828125,-1115.08837890625,-1326.3349609375,-1276.90771484375,-998.015625,1220.54296875,-1136.817626953125,2014.8486328125,282.5279541015625,1836.72216796875,371.280029296875,-72.431640625,84.71939086914062,-2218.8466796875,-307.5359802246094,-38.2554931640625,-265.7759094238281,2733.0224609375,-334.3076171875,134.5919189453125,-2053.1533203125,18.895477294921875,-2845.3896484375,-277.58404541015625,711.286376953125,-3.159237861633301,-97.37691497802734,98.07426452636719,71.69145202636719,-5.266229152679443,12.071846008300781,-3.159237861633301,-97.37691497802734,98.07426452636719,71.69145202636719,-5.266229152679443,12.071846008300781,11561.851198103259,10397.924107235991,21959.77530533925,1163.927090867268
18.999338329998864,-3.1261493196028027,-97.13080168776371,97.94826048171274,69.56162117452439,-4.506381870278716,11.52073732718894,1183.34375,1240.943359375,1123.3448486328125,1863.5029296875,-509.5679931640625,1604.63623046875,-1069.48828125,-1271.13525390625,-1218.82763671875,-954.8154296875,1184.54296875,-1090.353759765625,1942.8486328125,268.1279296875,1747.666015625,388.08001708984375,-58.0316162109375,76.97537231445312,-2130.046875,-300.3359680175781,-22.767578125,-260.97589111328125,2673.0224609375,-345.923583984375,136.991943359375,-1971.5537109375,3.407470703125,-2742.189453125,-287.18408203125,707.4144287109375,-3.178961753845215,-97.39637756347656,98.07929992675781,71.69992065429688,-5.250361919403076,13.6043701171875,-3.178961753845215,-97.39637756347656,98.07929992675781,71.69992065429688,-5.250361919403076,13.6043701171875,11120.459329534906,10081.830263332318,21202.289592867222,1038.6290662025876
19.033780180998292,-3.1261493196028027,-97.13080168776371,97.94826048171274,69.56162117452439,-4.506381870278716,11.981566820276496,1092.1435546875,1166.54345703125,1030.4168701171875,1743.5029296875,-449.5679931640625,1492.34814453125,-966.288330078125,-1153.53515625,-1114.28369140625,-878.015625,1086.14306640625,-981.937744140625,1798.8486328125,234.5279541015625,1616.01806640625,412.08001708984375,-34.0316162109375,76.97537231445312,-1918.8466796875,-293.1359558105469,0.4644775390625,-272.97589111328125,2529.0224609375,-373.027587890625,124.991943359375,-1820.353515625,-15.952545166015625,-2566.9892578125,-303.98406982421875,734.518310546875,-3.176563262939453,-97.39004516601562,98.08179473876953,71.70624542236328,-5.24479341506958,14.403261184692383,-3.176563262939453,-97.39004516601562,98.08179473876953,71.70624542236328,-5.24479341506958,14.403261184692383,10249.195017255064,9444.581019223511,19693.776036478575,804.6139980315529
19.076345497000148,-3.1261493196028027,-97.13080168776371,97.94826048171274,69.56162117452439,-4.506381870278716,12.376563528637261,1020.1435546875,1092.1435546875,960.7208251953125,1657.1025390625,-423.1679992675781,1414.90771484375,-894.288330078125,-1047.93505859375,-1040.71533203125,-832.41552734375,1018.94287109375,-923.857666015625,1693.248046875,220.1279296875,1492.1142578125,431.280029296875,-7.631591796875,69.23141479492188,-1784.4462890625,-281.1359558105469,19.824462890625,-277.7759094238281,2425.8232421875,-400.131591796875,120.19195556640625,-1726.75390625,-46.92852783203125,-2406.189453125,-313.58404541015625,738.390380859375,-3.183187484741211,-97.36007690429688,98.05815887451172,71.69047546386719,-5.246323108673096,14.440317153930664,-3.183187484741211,-97.36007690429688,98.05815887451172,71.69047546386719,-5.246323108673096,14.440317153930664,9598.16980514842,8985.641114862447,18583.810920010867,612.5286902859734
19.100850939998054,-3.1261493196028027,-97.13080168776371,97.94826048171274,69.56162117452439,-4.506381870278716,13.232389730085584,873.74365234375,936.1435546875,801.9688720703125,1453.1025390625,-334.36798095703125,1232.92431640625,-731.08837890625,-855.93505859375,-870.34765625,-690.8154296875,853.3427734375,-749.617919921875,1438.8486328125,181.72793579101562,1240.43408203125,460.08001708984375,35.568359375,61.487396240234375,-1422.0458984375,-269.1359558105469,62.41650390625,-289.7759094238281,2190.623046875,-454.339599609375,105.79193115234375,-1443.5537109375,-77.904541015625,-2086.9892578125,-330.3840637207031,765.494384765625,-3.1939144134521484,-97.36248779296875,98.0755615234375,71.69534301757812,-5.228295803070068,15.735359191894531,-3.1939144134521484,-97.36248779296875,98.0755615234375,71.69534301757812,-5.228295803070068,15.735359191894531,8106.4386318493325,7866.984837284545,15973.423469133879,239.45379456478713
19.1397077349975,-3.1261493196028027,-97.13080168776371,97.94826048171274,69.56162117452439,-4.506381870278716,13.759052007899934,775.343505859375,837.74365234375,720.6568603515625,1244.302734375,-283.9679870605469,1132.251953125,-635.08837890625,-678.33544921875,-730.95556640625,-647.615478515625,687.7431640625,-664.433837890625,1261.248046875,167.32794189453125,1093.2978515625,491.280029296875,69.1683349609375,57.615386962890625,-1227.646484375,-261.9359436035156,74.032470703125,-287.37591552734375,2017.8232421875,-481.443603515625,100.991943359375,-1299.5537109375,-105.008544921875,-1899.7890625,-339.98406982421875,773.2384033203125,-3.1896181106567383,-97.34208679199219,98.05531311035156,71.69722747802734,-5.207693576812744,17.142839431762695,-3.1896181106567383,-97.34208679199219,98.05531311035156,71.69722747802734,-5.207693576812744,17.142839431762695,7070.793272384499,7237.995905580024,14308.789177964522,-167.20263319552487
19.16809890500008,-3.1261493196028027,-97.13080168776371,97.94826048171274,69.56162117452439,-4.506381870278716,14.21988150098749,708.1435546875,765.74365234375,662.5767822265625,1102.7021484375,-255.16799926757812,1054.81201171875,-575.08837890625,-560.7353515625,-638.02734375,-621.215576171875,572.54296875,-594.73779296875,1122.0478515625,169.72793579101562,984.8818359375,484.08001708984375,100.368408203125,57.615386962890625,-1069.24609375,-242.73599243164062,108.8804931640625,-299.37591552734375,1897.8232421875,-524.03564453125,98.5919189453125,-1172.353515625,-116.62451171875,-1743.7890625,-347.18408203125,769.3663330078125,-3.2082605361938477,-97.34089660644531,98.00947570800781,71.67878723144531,-5.263091564178467,16.749216079711914,-3.2082605361938477,-97.34089660644531,98.00947570800781,71.67878723144531,-5.263091564178467,16.749216079711914,6344.349943172243,6710.633604091746,13054.98354726399,-366.28366091950284
19.20010297999761,-3.1261493196028027,-97.13080168776371,97.94826048171274,69.56162117452439,-4.506381870278716,15.141540487162608,583.343505859375,612.1435546875,542.5447998046875,874.7021484375,-199.96798706054688,872.828125,-450.288330078125,-411.93505859375,-490.8916015625,-506.015625,452.54296875,-463.08984375,853.248046875,138.52792358398438,795.15380859375,474.48004150390625,157.9683837890625,49.87139892578125,-829.24609375,-221.13595581054688,155.344482421875,-311.37591552734375,1566.623046875,-578.24365234375,105.79193115234375,-961.1533203125,-116.62451171875,-1374.189453125,-344.7840576171875,761.622314453125,-3.212639808654785,-97.34463500976562,98.05490112304688,71.69717407226562,-5.224747180938721,18.173391342163086,-3.212639808654785,-97.34463500976562,98.05490112304688,71.69717407226562,-5.224747180938721,18.173391342163086,5035.935812078694,5655.9375805174095,10691.873392596102,-620.0017684387158
19.232433304998267,-3.1997057741816803,-97.13080168776371,97.94826048171274,69.56162117452439,-4.506381870278716,15.536537195523369,489.74365234375,530.54345703125,499.9527587890625,697.1025390625,-180.76797485351562,737.30810546875,-404.688232421875,-359.13525390625,-428.939453125,-465.215576171875,342.14306640625,-424.36962890625,728.4482421875,133.72793579101562,690.610107421875,445.6800537109375,205.9683837890625,45.9993896484375,-702.0458984375,-216.33596801757812,178.576416015625,-323.37591552734375,1350.623046875,-628.57958984375,120.19195556640625,-821.9541015625,-116.62451171875,-1170.189453125,-344.7840576171875,753.87841796875,-3.2126197814941406,-97.31918334960938,98.00038146972656,71.68365478515625,-5.242764949798584,18.212982177734375,-3.2126197814941406,-97.31918334960938,98.00038146972656,71.68365478515625,-5.242764949798584,18.212982177734375,4328.637979784193,5046.471535067217,9375.10951485141,-717.833555283024
19.27204896299736,-3.1997057741816803,-97.13080168776371,97.94826048171274,69.56162117452439,-4.506381870278716,16.063199473337722,424.943603515625,468.1435546875,434.1287841796875,577.1025390625,-161.5679931640625,640.50830078125,-363.88818359375,-315.93505859375,-390.2197265625,-407.615478515625,296.54296875,-374.03369140625,622.8486328125,116.92794799804688,589.93798828125,404.8800354003906,253.9683837890625,38.255401611328125,-632.4462890625,-199.53598022460938,201.8084716796875,-352.1759033203125,1141.8232421875,-675.043701171875,134.5919189453125,-754.75390625,-120.49652099609375,-987.7890625,-339.98406982421875,722.90234375,-3.2293319702148438,-97.35466003417969,98.02145385742188,71.69709777832031,-5.220953464508057,19.509693145751953,-3.2293319702148438,-97.35466003417969,98.02145385742188,71.69709777832031,-5.220953464508057,19.509693145751953,3757.684297733067,4591.536044892093,8349.22034262516,-833.8517471590258
19.30176589199982,-3.1997057741816803,-97.13080168776371,97.94826048171274,69.56162117452439,-4.506381870278716,16.853192890059248,324.1435546875,381.74365234375,360.5609130859375,389.90234375,-132.76797485351562,532.09228515625,-308.688232421875,-279.93505859375,-324.3955078125,-364.41552734375,190.94287109375,-319.82568359375,481.248046875,109.72793579101562,489.26611328125,364.08001708984375,292.368408203125,22.76739501953125,-577.24609375,-194.73599243164062,201.8084716796875,-371.37591552734375,901.8232421875,-733.1236572265625,160.991943359375,-634.75390625,-116.62451171875,-764.5888671875,-335.18408203125,711.286376953125,-3.2545108795166016,-97.33477020263672,98.02821350097656,71.69599914550781,-5.2147297859191895,20.375349044799805,-3.2545108795166016,-97.33477020263672,98.02821350097656,71.69599914550781,-5.2147297859191895,20.375349044799805,3034.1690007685575,4091.2842358075663,7125.453236576124,-1057.115235039009
19.334185809999326,-3.1997057741816803,-97.13080168776371,97.94826048171274,69.56162117452439,-4.506381870278716,17.51152073732719,283.343505859375,338.54345703125,333.4569091796875,315.5029296875,-120.76797485351562,454.65185546875,-279.88818359375,-251.13525390625,-285.67529296875,-333.215576171875,140.54296875,-292.7216796875,404.4482421875,104.92794799804688,438.929931640625,337.6800231933594,318.7684326171875,15.023406982421875,-524.4462890625,-182.73599243164062,205.680419921875,-376.1759033203125,760.22265625,-764.099609375,175.39193725585938,-569.9541015625,-128.24053955078125,-639.7890625,-342.3840637207031,695.79833984375,-3.272761344909668,-97.33476257324219,98.06132507324219,71.70704650878906,-5.187669277191162,21.799421310424805,-3.272761344909668,-97.33476257324219,98.06132507324219,71.70704650878906,-5.187669277191162,21.799421310424805,2663.196593145051,3813.763429451804,6476.960022596855,-1150.566836306753
19.366058233998046,-3.1997057741816803,-97.13080168776371,97.94826048171274,69.56162117452439,-4.506381870278716,18.56484529295589,264.1435546875,319.34326171875,317.9688720703125,305.90234375,-108.76797485351562,439.1640625,-255.88818359375,-236.7353515625,-254.69970703125,-309.215576171875,123.74267578125,-265.61767578125,402.0478515625,100.1279296875,411.825927734375,337.6800231933594,354.7684326171875,7.279388427734375,-450.0458984375,-170.73599243164062,225.0404052734375,-376.1759033203125,661.8232421875,-791.20361328125,180.19192504882812,-536.353515625,-124.3685302734375,-514.9892578125,-342.3840637207031,691.9263916015625,-3.245800018310547,-97.34616088867188,98.03179168701172,71.69082641601562,-5.199560642242432,21.218015670776367,-3.245800018310547,-97.34616088867188,98.03179168701172,71.69082641601562,-5.199560642242432,21.218015670776367,2510.4189710387245,3626.483160945936,6136.902131984661,-1116.0641899072116
19.404126430999895,-3.1997057741816803,-97.13080168776371,97.94826048171274,69.56162117452439,-4.506381870278716,19.552337063857802,268.943603515625,302.54345703125,317.9688720703125,269.90234375,-115.96798706054688,408.18798828125,-258.288330078125,-241.53515625,-227.595703125,-306.8154296875,78.14306640625,-269.48974609375,392.4482421875,100.1279296875,415.697998046875,323.280029296875,359.568359375,7.279388427734375,-430.8466796875,-165.93594360351562,225.0404052734375,-383.37591552734375,597.0224609375,-806.691650390625,182.59194946289062,-507.5537109375,-132.112548828125,-462.189453125,-339.98406982421875,688.0543212890625,-3.2593994140625,-97.35786437988281,98.03174591064453,71.69194030761719,-5.19342565536499,20.728588104248047,-3.2593994140625,-97.35786437988281,98.03174591064453,71.69194030761719,-5.19342565536499,20.728588104248047,2434.349221334591,3522.7606467417145,5957.109868076306,-1088.4114254071233
19.435101733997726,-3.1997057741816803,-97.13080168776371,97.94826048171274,69.56162117452439,-4.506381870278716,20.342330480579328,256.943603515625,295.34326171875,310.2249755859375,243.5029296875,-108.76797485351562,381.083984375,-246.288330078125,-222.33544921875,-215.9794921875,-299.615478515625,66.14306640625,-265.61767578125,373.248046875,97.72793579101562,407.9541015625,320.8800354003906,376.368408203125,15.023406982421875,-406.8466796875,-163.53598022460938,248.2724609375,-388.1759033203125,551.4228515625,-802.8197021484375,180.19192504882812,-481.1533203125,-128.24053955078125,-416.5888671875,-337.58404541015625,688.0543212890625,-3.2652502059936523,-97.34237670898438,98.00982666015625,71.7106704711914,-5.2215962409973145,22.607786178588867,-3.2652502059936523,-97.34237670898438,98.00982666015625,71.7106704711914,-5.2215962409973145,22.607786178588867,2327.859123338855,3449.029692239111,5776.888815577966,-1121.1705689002556
19.476376218997757,-3.1997057741816803,-97.13080168776371,97.94826048171274,69.56162117452439,-4.506381870278716,20.408163265306122,242.543701171875,273.74365234375,298.6087646484375,207.5029296875,-111.16799926757812,350.10791015625,-239.088134765625,-215.13525390625,-200.49169921875,-290.015625,34.94287109375,-261.74560546875,349.248046875,95.32794189453125,404.08203125,325.6800231933594,390.7684326171875,11.151397705078125,-373.24609375,-149.13595581054688,259.888427734375,-392.97589111328125,525.0224609375,-822.1796875,180.19192504882812,-471.5537109375,-124.3685302734375,-368.5888671875,-337.58404541015625,688.0543212890625,-3.286465644836426,-97.36463928222656,98.05064392089844,71.71003723144531,-5.163985729217529,22.75017738342285,-3.286465644836426,-97.36463928222656,98.05064392089844,71.71003723144531,-5.163985729217529,22.75017738342285,2207.808207900053,3409.4852886429735,5617.293496543027,-1201.6770807429207
19.507526281999162,-3.1997057741816803,-97.13080168776371,97.94826048171274,69.56162117452439,-4.506381870278716,20.737327188940093,232.943603515625,266.54345703125,294.7369384765625,195.5029296875,-111.16799926757812,338.4921875,-231.88818359375,-203.13525390625,-196.61962890625,-282.8154296875,15.74267578125,-246.2578125,325.248046875,88.1279296875,384.721923828125,323.280029296875,397.9683837890625,7.279388427734375,-361.24609375,-156.33596801757812,248.2724609375,-397.7759094238281,493.8232421875,-818.3076171875,182.59194946289062,-449.9541015625,-132.112548828125,-332.5888671875,-337.58404541015625,695.79833984375,-3.314136505126953,-97.31910705566406,98.00929260253906,71.68232727050781,-5.215917110443115,22.540725708007812,-3.314136505126953,-97.31910705566406,98.00929260253906,71.68232727050781,-5.215917110443115,22.540725708007812,2119.43296523105,3358.488358820967,5477.921324052017,-1239.055393589917
19.54356386499785,-3.1997057741816803,-97.13080168776371,97.94826048171274,69.56162117452439,-4.506381870278716,21.593153390388416,232.943603515625,244.943359375,302.4808349609375,133.1025390625,-125.5679931640625,303.64404296875,-243.88818359375,-191.13525390625,-165.6435546875,-292.41552734375,-32.25732421875,-250.129638671875,310.8486328125,95.32794189453125,415.697998046875,318.4800109863281,393.1683349609375,3.40740966796875,-363.646484375,-161.13595581054688,240.5284423828125,-392.97589111328125,477.0224609375,-826.0516357421875,187.39193725585938,-440.353515625,-124.3685302734375,-330.189453125,-344.7840576171875,695.79833984375,-3.3117332458496094,-97.30948638916016,98.0488052368164,71.69620513916016,-5.168482303619385,22.227487564086914,-3.3117332458496094,-97.30948638916016,98.0488052368164,71.69620513916016,-5.168482303619385,22.227487564086914,2073.377117963173,3340.762256950479,5414.139374913651,-1267.3851389873057
19.570771687998786,-3.1997057741816803,-97.13080168776371,97.94826048171274,69.56162117452439,-4.506381870278716,21.724818959842,232.943603515625,242.54345703125,310.2249755859375,118.7021484375,-125.5679931640625,284.2841796875,-248.688232421875,-191.13525390625,-177.25927734375,-282.8154296875,-41.85693359375,-250.129638671875,291.6484375,95.32794189453125,407.9541015625,313.6800231933594,395.568359375,-0.464599609375,-351.646484375,-153.93594360351562,228.9124755859375,-395.37591552734375,469.8232421875,-841.5396728515625,194.59194946289062,-433.1533203125,-132.112548828125,-322.9892578125,-347.18408203125,680.3104248046875,-3.301102638244629,-97.3234634399414,98.03359985351562,71.70503997802734,-5.166594982147217,23.05451774597168,-3.301102638244629,-97.3234634399414,98.03359985351562,71.70503997802734,-5.166594982147217,23.05451774597168,2040.8143975361927,3315.6903114205647,5356.504708956758,-1274.875913884372
19.603884594998817,-3.1997057741816803,-97.13080168776371,97.94826048171274,69.56162117452439,-4.506381870278716,21.724818959842,220.943603515625,232.943359375,294.7369384765625,94.7021484375,-118.36798095703125,280.412109375,-239.088134765625,-186.33544921875,-165.6435546875,-275.615478515625,-53.85693359375,-238.513671875,277.248046875,92.92791748046875,392.466064453125,313.6800231933594,402.7684326171875,3.40740966796875,-342.0458984375,-151.53598022460938,259.888427734375,-395.37591552734375,467.4228515625,-837.6676025390625,189.79193115234375,-423.5537109375,-128.24053955078125,-306.189453125,-342.3840637207031,676.4383544921875,-3.293240547180176,-97.30569458007812,98.01221466064453,71.68510437011719,-5.172293186187744,22.8043155670166,-3.293240547180176,-97.30569458007812,98.01221466064453,71.68510437011719,-5.172293186187744,22.8043155670166,1957.8914886164903,3302.7533471937663,5260.644835810257,-1344.861858577276
19.639350072000525,-3.1997057741816803,-97.13080168776371,97.94826048171274,69.56162117452439,-4.506381870278716,22.119815668202765,211.343505859375,220.943359375,290.8648681640625,97.1025390625,-118.36798095703125,261.05224609375,-229.48828125,-179.13525390625,-154.02734375,-270.8154296875,-58.6572265625,-238.513671875,265.248046875,92.92791748046875,380.85009765625,311.280029296875,407.568359375,11.151397705078125,-330.0458984375,-151.53598022460938,259.888427734375,-402.5758972167969,448.22265625,-829.9237060546875,180.19192504882812,-421.1533203125,-124.3685302734375,-286.9892578125,-337.58404541015625,688.0543212890625,-3.295421600341797,-97.35195922851562,98.0322036743164,71.68865203857422,-5.155246257781982,23.586084365844727,-3.295421600341797,-97.35195922851562,98.0322036743164,71.68865203857422,-5.155246257781982,23.586084365844727,1892.9341257167691,3278.1354640042,5171.069589720969,-1385.2013382874309
19.670833754997147,-3.273262228760572,-97.13080168776371,97.94826048171274,69.56162117452439,-4.506381870278716,22.38314680710994,216.1435546875,223.34326171875,294.7369384765625,94.7021484375,-127.96798706054688,257.18017578125,-243.88818359375,-174.33544921875,-154.02734375,-268.41552734375,-61.05712890625,-234.641845703125,270.0478515625,88.1279296875,396.338134765625,304.08001708984375,400.368408203125,-0.464599609375,-332.4462890625,-144.33596801757812,240.5284423828125,-397.7759094238281,438.623046875,-845.41162109375,192.19192504882812,-413.9541015625,-128.24053955078125,-296.5888671875,-349.58404541015625,680.3104248046875,-3.3154497146606445,-97.30482482910156,97.9842300415039,71.67172241210938,-5.2038187980651855,22.442350387573242,-3.3154497146606445,-97.30482482910156,97.9842300415039,71.67172241210938,-5.2038187980651855,22.442350387573242,1917.1743406333553,3264.315759334502,5181.4900999678575,-1347.141418701147
19.707791195000027,-3.273262228760572,-97.13080168776371,97.94826048171274,69.56162117452439,-4.506381870278716,22.71231073074391,208.943603515625,211.34326171875,294.7369384765625,73.1025390625,-120.76797485351562,245.56396484375,-234.288330078125,-169.53515625,-150.1552734375,-256.41552734375,-65.85693359375,-226.897705078125,243.6484375,92.92791748046875,392.466064453125,304.08001708984375,402.7684326171875,-4.33660888671875,-330.0458984375,-149.13595581054688,236.656494140625,-400.1759033203125,431.4228515625,-853.1556396484375,201.79193115234375,-404.353515625,-132.112548828125,-296.5888671875,-349.58404541015625,668.6943359375,-3.335966110229492,-97.30348205566406,98.01798248291016,71.67085266113281,-5.1477179527282715,22.42888069152832,-3.335966110229492,-97.30348205566406,98.01798248291016,71.67085266113281,-5.1477179527282715,22.42888069152832,1847.5306130227007,3255.313267241071,5102.843880263772,-1407.7826542183705
19.745008349000273,-3.273262228760572,-97.13080168776371,97.94826048171274,69.56162117452439,-4.506381870278716,22.8439763001975,204.1435546875,206.54345703125,290.8648681640625,56.302734375,-118.36798095703125,237.81982421875,-234.288330078125,-162.33544921875,-150.1552734375,-256.41552734375,-80.25732421875,-223.025634765625,243.6484375,92.92791748046875,376.97802734375,304.08001708984375,397.9683837890625,-4.33660888671875,-313.24609375,-146.73599243164062,248.2724609375,-390.5758972167969,438.623046875,-849.28369140625,192.19192504882812,-397.1533203125,-120.49652099609375,-294.189453125,-347.18408203125,660.9503173828125,-3.3246116638183594,-97.33122253417969,98.02051544189453,71.67079162597656,-5.1445231437683105,22.493288040161133,-3.3246116638183594,-97.33122253417969,98.02051544189453,71.67079162597656,-5.1445231437683105,22.493288040161133,1812.3006048260613,3219.057216743753,5031.357821569814,-1406.7566119176918
19.776533014999586,-3.346818683339464,-97.13080168776371,97.94826048171274,69.56162117452439,-4.506381870278716,22.8439763001975,208.943603515625,201.74365234375,283.1209716796875,70.7021484375,-130.36798095703125,226.2041015625,-236.688232421875,-162.33544921875,-142.41162109375,-246.8154296875,-77.85693359375,-211.40966796875,243.6484375,83.32794189453125,392.466064453125,304.08001708984375,400.368408203125,-0.464599609375,-310.8466796875,-151.53598022460938,232.784423828125,-385.7759094238281,436.22265625,-860.899658203125,196.991943359375,-387.5537109375,-120.49652099609375,-291.7890625,-354.3840637207031,649.3343505859375,-3.3125085830688477,-97.24304962158203,97.97975158691406,71.64935302734375,-5.138217449188232,21.084341049194336,-3.3125085830688477,-97.24304962158203,97.97975158691406,71.64935302734375,-5.138217449188232,21.084341049194336,1800.0673525378775,3205.323162259257,5005.3905147971345,-1405.2558097213796
19.81314745599957,-3.346818683339464,-97.13080168776371,97.94826048171274,69.56162117452439,-4.506381870278716,22.778143515470706,204.1435546875,199.34326171875,286.9927978515625,75.5029296875,-123.16799926757812,226.2041015625,-229.48828125,-157.53515625,-130.79541015625,-237.215576171875,-77.85693359375,-215.28173828125,248.4482421875,83.32794189453125,392.466064453125,301.6800231933594,402.7684326171875,-19.824615478515625,-301.24609375,-144.33596801757812,240.5284423828125,-390.5758972167969,438.623046875,-857.0277099609375,199.39193725585938,-385.1533203125,-116.62451171875,-289.3896484375,-349.58404541015625,641.59033203125,-3.321269989013672,-97.32109069824219,97.98979187011719,71.66201782226562,-5.134649753570557,23.078718185424805,-3.321269989013672,-97.32109069824219,97.98979187011719,71.66201782226562,-5.134649753570557,23.078718185424805,1782.2255901002345,3189.18155174597,4971.4071418462045,-1406.9559616457354
19.844148205000238,-3.346818683339464,-97.13080168776371,97.94826048171274,69.56162117452439,-4.506381870278716,22.38314680710994,204.1435546875,201.74365234375,283.1209716796875,82.7021484375,-125.5679931640625,226.2041015625,-234.288330078125,-162.33544921875,-130.79541015625,-239.615478515625,-82.6572265625,-211.40966796875,250.8486328125,85.72793579101562,388.593994140625,292.08001708984375,395.568359375,-23.69659423828125,-301.24609375,-132.33596801757812,248.2724609375,-383.37591552734375,443.4228515625,-868.6436767578125,204.19192504882812,-373.1533203125,-120.49652099609375,-306.189453125,-347.18408203125,626.102294921875,-3.352269172668457,-97.23628997802734,97.94336700439453,71.64727783203125,-5.179969310760498,22.553112030029297,-3.352269172668457,-97.23628997802734,97.94336700439453,71.64727783203125,-5.179969310760498,22.553112030029297,1788.8464101086747,3173.1544001318334,4962.000810240508,-1384.3079900231587
19.878400018998946,-3.420375137918356,-97.13080168776371,97.94826048171274,69.56162117452439,-4.506381870278716,21.790651744568795,196.943603515625,194.54345703125,279.2489013671875,77.90234375,-118.36798095703125,214.587890625,-222.288330078125,-152.7353515625,-134.66748046875,-234.8154296875,-87.45703125,-199.793701171875,234.0478515625,83.32794189453125,357.617919921875,294.4800109863281,400.368408203125,-27.568603515625,-296.4462890625,-132.33596801757812,232.784423828125,-388.1759033203125,443.4228515625,-876.3876953125,206.59194946289062,-375.5537109375,-124.3685302734375,-303.7890625,-349.58404541015625,618.3583984375,-3.3584775924682617,-97.24571228027344,97.97164916992188,71.64262390136719,-5.161323070526123,21.339519500732422,-3.3584775924682617,-97.24571228027344,97.97164916992188,71.64262390136719,-5.161323070526123,21.339519500732422,1707.7391830720742,3172.2261345858733,4879.965317657948,-1464.486951513799
19.91436165399864,-3.420375137918356,-97.13080168776371,97.94826048171274,69.56162117452439,-4.506381870278716,21.790651744568795,194.543701171875,192.1435546875,267.6329345703125,61.1025390625,-118.36798095703125,195.22802734375,-224.688232421875,-152.7353515625,-130.79541015625,-225.215576171875,-97.05712890625,-211.40966796875,238.8486328125,78.52792358398438,376.97802734375,289.6800231933594,397.9683837890625,-39.184600830078125,-286.8466796875,-132.33596801757812,244.40045166015625,-373.7759094238281,443.4228515625,-872.515625,204.19192504882812,-361.1533203125,-124.3685302734375,-306.189453125,-347.18408203125,606.7423095703125,-3.363616943359375,-97.28450012207031,97.99163818359375,71.6178207397461,-5.116325855255127,20.614316940307617,-3.363616943359375,-97.28450012207031,97.99163818359375,71.6178207397461,-5.116325855255127,20.614316940307617,1697.4035871562196,3137.1566363464553,4834.5602235026745,-1439.7530491902357
19.942749221998383,-3.420375137918356,-97.13080168776371,97.94826048171274,69.56162117452439,-4.506381870278716,21.85648452929559,196.943603515625,187.34326171875,256.0169677734375,53.90234375,-111.16799926757812,191.35595703125,-229.48828125,-155.13525390625,-126.92333984375,-222.8154296875,-99.45703125,-192.0498046875,224.4482421875,80.92791748046875,361.489990234375,289.6800231933594,395.568359375,-39.184600830078125,-284.4462890625,-125.13595581054688,252.14447021484375,-364.1759033203125,441.0224609375,-872.515625,206.59194946289062,-353.9541015625,-108.88055419921875,-313.3896484375,-347.18408203125,598.998291015625,-3.339212417602539,-97.27957916259766,97.97342681884766,71.63314819335938,-5.128830432891846,20.979738235473633,-3.339212417602539,-97.27957916259766,97.97342681884766,71.63314819335938,-5.128830432891846,20.979738235473633,1649.522349454921,3119.324689958733,4768.847039413654,-1469.802340503812
19.979594631997315,-3.420375137918356,-97.13080168776371,97.94826048171274,69.56162117452439,-4.506381870278716,21.85648452929559,172.943603515625,187.34326171875,259.8887939453125,46.7021484375,-103.96798706054688,202.97216796875,-207.88818359375,-138.33544921875,-115.3076171875,-222.8154296875,-101.85693359375,-195.921630859375,212.4482421875,80.92791748046875,334.385986328125,292.08001708984375,400.368408203125,-31.44061279296875,-248.4462890625,-115.53598022460938,259.888427734375,-376.1759033203125,455.4228515625,-864.7716064453125,201.79193115234375,-349.1533203125,-105.008544921875,-301.3896484375,-344.7840576171875,591.25439453125,-3.344266891479492,-97.24012756347656,97.96012115478516,71.59037780761719,-5.088298320770264,19.240081787109375,-3.344266891479492,-97.24012756347656,97.96012115478516,71.59037780761719,-5.088298320770264,19.240081787109375,1589.9489726054528,3086.063802568504,4676.0127751739565,-1496.114829963051
20.01045634899856,-3.420375137918356,-97.13080168776371,97.94826048171274,69.56162117452439,-4.506381870278716,21.329822251481236,163.343505859375,170.54345703125,240.5289306640625,22.7021484375,-94.36798095703125,191.35595703125,-188.688232421875,-131.13525390625,-111.435546875,-215.615478515625,-99.45703125,-188.177734375,195.6484375,80.92791748046875,303.409912109375,304.08001708984375,417.1683349609375,-15.952606201171875,-174.0458984375,-103.53598022460938,294.7364501953125,-366.5758972167969,469.8232421875,-849.28369140625,182.59194946289062,-346.75390625,-89.5205078125,-265.3896484375,-330.3840637207031,579.6383056640625,-3.3654184341430664,-97.17131042480469,97.9498291015625,71.57786560058594,-5.119387149810791,19.38353729248047,-3.3654184341430664,-97.17131042480469,97.9498291015625,71.57786560058594,-5.119387149810791,19.38353729248047,1479.9706682305741,3031.590551400774,4511.561219631349,-1551.6198831702
20.042907244998787,-3.420375137918356,-97.13080168776371,97.94826048171274,69.56162117452439,-4.506381870278716,21.132323897300857,163.343505859375,187.34326171875,236.6568603515625,51.5029296875,-87.16799926757812,222.33203125,-191.088134765625,-135.93505859375,-111.435546875,-225.215576171875,-82.6572265625,-180.433837890625,178.8486328125,76.1279296875,303.409912109375,143.280029296875,-170.8316650390625,-35.312591552734375,-759.646484375,-139.53598022460938,-394.4794921875,34.22412109375,844.22265625,138.076416015625,158.5919189453125,-1069.1533203125,367.3754577636719,-632.5888671875,-61.58404541015625,-217.99365234375,-3.3601551055908203,-97.22157287597656,97.94206237792969,71.57972717285156,-5.135331630706787,19.036632537841797,-3.3601551055908203,-97.22157287597656,97.94206237792969,71.57972717285156,-5.135331630706787,19.036632537841797,1507.6514252040447,3762.6349940595583,5270.2864192636025,-2254.9835688555136
20.0871499629975,-3.420375137918356,-97.13080168776371,97.94826048171274,69.56162117452439,-4.506381870278716,20.276497695852534,144.1435546875,158.54345703125,232.7847900390625,3.5029296875,-87.16799926757812,191.35595703125,-169.48828125,-114.33544921875,-103.69140625,-225.215576171875,-68.25732421875,-184.3056640625,142.8486328125,80.92791748046875,272.43408203125,-77.51998901367188,-154.0316162109375,-31.44061279296875,-358.8466796875,-62.7359619140625,-289.935546875,58.22412109375,640.22265625,269.724365234375,60.19195556640625,-629.9541015625,231.85546875,-452.5888671875,-11.184051513671875,-179.27365112304688,-3.351222038269043,-97.17951965332031,97.90103149414062,71.58870697021484,-5.123375415802002,18.75714874267578,-3.351222038269043,-97.17951965332031,97.90103149414062,71.58870697021484,-5.123375415802002,18.75714874267578,1372.92746125672,2498.9124114839024,3871.8398727406225,-1125.9849502271823
20.116096190999087,-3.420375137918356,-97.13080168776371,97.94826048171274,69.56162117452439,-4.506381870278716,19.88150098749177,141.74365234375,158.54345703125,225.0408935546875,10.7021484375,-79.96798706054688,199.10009765625,-167.088134765625,-116.7353515625,-99.8193359375,-218.015625,-70.6572265625,-180.433837890625,150.0478515625,78.52792358398438,268.56201171875,-51.11998748779297,-146.8316650390625,-15.952606201171875,-534.0458984375,-62.7359619140625,-324.7835693359375,31.8240966796875,549.0224609375,227.13232421875,50.5919189453125,-675.5537109375,119.56747436523438,-471.7890625,-6.384063720703125,-78.60165405273438,-3.3472070693969727,-97.19393920898438,97.9238052368164,71.55354309082031,-5.108823299407959,17.674612045288086,-3.3472070693969727,-97.19393920898438,97.9238052368164,71.55354309082031,-5.108823299407959,17.674612045288086,1360.5976596532757,2545.737136714606,3906.3347963678816,-1185.1394770613304
20.145936455999617,-3.420375137918356,-97.13080168776371,97.94826048171274,69.56162117452439,-4.506381870278716,19.552337063857802,144.1435546875,156.1435546875,225.0408935546875,3.5029296875,-79.96798706054688,195.22802734375,-169.48828125,-111.93505859375,-103.69140625,-220.41552734375,-75.45703125,-176.561767578125,147.6484375,76.1279296875,253.073974609375,-12.719985961914062,-62.8316650390625,-12.080596923828125,10.75390625,-2.7359619140625,-22.767578125,51.02410888671875,263.4228515625,83.868408203125,4.991943359375,-56.353515625,104.0794677734375,-217.3896484375,3.2159423828125,-113.44964599609375,-3.3391427993774414,-97.17207336425781,97.8927230834961,71.5572738647461,-5.121749401092529,17.352590560913086,-3.3391427993774414,-97.17207336425781,97.8927230834961,71.5572738647461,-5.121749401092529,17.352590560913086,1343.6144170260836,735.3783924249329,2078.9928094510165,608.2360246011507
20.1787459249972,-3.420375137918356,-97.13080168776371,97.94826048171274,69.56162117452439,-4.506381870278716,19.02567478604345,141.74365234375,158.54345703125,225.0408935546875,1.1025390625,-77.5679931640625,199.10009765625,-167.088134765625,-111.93505859375,-99.8193359375,-218.015625,-80.25732421875,-184.3056640625,142.8486328125,80.92791748046875,256.946044921875,-10.319984436035156,-62.8316650390625,-12.080596923828125,13.1533203125,-5.135955810546875,-15.0235595703125,48.62408447265625,258.623046875,76.124267578125,4.991943359375,-51.5537109375,100.20745849609375,-219.7890625,8.01593017578125,-97.961669921875,-3.358401298522949,-97.10879516601562,97.88432312011719,71.53077697753906,-5.1119065284729,16.043659210205078,-3.358401298522949,-97.10879516601562,97.88432312011719,71.53077697753906,-5.1119065284729,16.043659210205078,1349.303047295124,712.9380063349898,2062.241053630114,636.3650409601343
20.21272117300032,-3.420375137918356,-97.13080168776371,97.94826048171274,69.56162117452439,-4.506381870278716,18.301514154048718,129.74365234375,156.1435546875,225.0408935546875,-15.697265625,-72.76800537109375,195.22802734375,-162.288330078125,-104.7353515625,-95.947265625,-222.8154296875,-106.6572265625,-176.561767578125,128.4482421875,85.72793579101562,249.2021484375,-17.519981384277344,-58.0316162109375,-15.952606201171875,-18.0458984375,-2.7359619140625,0.4644775390625,51.02410888671875,246.623046875,64.50830078125,-2.20806884765625,-58.75390625,84.71945190429688,-229.3896484375,10.41595458984375,-101.83364868164062,-3.369516372680664,-97.18074035644531,97.93549346923828,71.52897644042969,-5.057755947113037,16.058574676513672,-3.369516372680664,-97.18074035644531,97.93549346923828,71.52897644042969,-5.057755947113037,16.058574676513672,1324.498852426743,695.2331537212702,2019.7320061480132,629.2656987054728
20.24197335899953,-3.420375137918356,-97.13080168776371,97.94826048171274,69.56162117452439,-4.506381870278716,17.70901909150757,136.943603515625,153.74365234375,228.9129638671875,-15.697265625,-77.5679931640625,199.10009765625,-167.088134765625,-107.13525390625,-103.69140625,-222.8154296875,-101.85693359375,-168.817626953125,145.248046875,90.52792358398438,268.56201171875,-24.719985961914062,-58.0316162109375,-4.33660888671875,-97.24609375,6.864044189453125,23.6964111328125,48.62408447265625,253.8232421875,52.892333984375,-2.20806884765625,-70.75390625,69.23147583007812,-284.5888671875,20.01593017578125,-94.08966064453125,-3.3614063262939453,-97.15283203125,97.88423156738281,71.5223159790039,-5.109579563140869,14.813486099243164,-3.3614063262939453,-97.15283203125,97.88423156738281,71.5223159790039,-5.109579563140869,14.813486099243164,1362.0596623090357,826.7705161242579,2188.8301784332934,535.2891461847778
20.28214817999833,-3.420375137918356,-97.13080168776371,97.94826048171274,69.56162117452439,-4.506381870278716,16.984858459512836,122.54345703125,165.74365234375,225.0408935546875,-27.697265625,-75.16796875,202.97216796875,-167.088134765625,-95.13525390625,-103.69140625,-218.015625,-111.45703125,-172.689697265625,126.0478515625,85.72793579101562,241.4580078125,-19.91998291015625,-58.0316162109375,-4.33660888671875,-97.24609375,2.06402587890625,8.20849609375,46.22412109375,237.0224609375,52.892333984375,-2.20806884765625,-65.9541015625,69.23147583007812,-289.3896484375,17.615966796875,-94.08966064453125,-3.3784637451171875,-97.14030456542969,97.90241241455078,71.52137756347656,-5.0837721824646,15.124397277832031,-3.3784637451171875,-97.14030456542969,97.90241241455078,71.52137756347656,-5.0837721824646,15.124397277832031,1327.0104445081,806.7893099518947,2133.799754459995,520.2211345562052
20.313077522998356,-3.420375137918356,-97.13080168776371,97.94826048171274,69.56162117452439,-4.506381870278716,16.3265306122449,129.74365234375,163.34326171875,221.1688232421875,-27.697265625,-77.5679931640625,202.97216796875,-159.88818359375,-97.53515625,-95.947265625,-218.015625,-116.25732421875,-168.817626953125,138.0478515625,88.1279296875,245.330078125,-19.91998291015625,-58.0316162109375,-8.208587646484375,-92.4462890625,9.2640380859375,8.20849609375,43.8240966796875,229.8232421875,52.892333984375,-2.20806884765625,-63.5537109375,73.10345458984375,-267.7890625,15.2159423828125,-78.60165405273438,-3.365123748779297,-97.08775329589844,97.88014221191406,71.49729919433594,-5.090250492095947,14.136940002441406,-3.365123748779297,-97.08775329589844,97.88014221191406,71.49729919433594,-5.090250492095947,14.136940002441406,1327.7239414149972,771.4345167789635,2099.1584581939605,556.2894246360337
20.386950029998843,-3.420375137918356,-97.13080168776371,97.94826048171274,69.56162117452439,-4.506381870278716,15.799868334430547,122.54345703125,156.1435546875,221.1688232421875,-42.09765625,-77.5679931640625,187.48388671875,-159.88818359375,-85.53515625,-99.8193359375,-215.615478515625,-123.45703125,-164.94580078125,114.0478515625,88.1279296875,237.5859375,-19.91998291015625,-43.631591796875,-12.080596923828125,-97.24609375,11.664031982421875,8.20849609375,36.62408447265625,229.8232421875,41.2763671875,0.19195556640625,-61.1533203125,69.23147583007812,-260.5888671875,22.41595458984375,-86.34564208984375,-3.1395978927612305,-96.83511352539062,98.03811645507812,71.56845092773438,-5.334181308746338,10.87453842163086,-3.1395978927612305,-96.83511352539062,98.03811645507812,71.56845092773438,-5.334181308746338,10.87453842163086,1287.4941811782908,751.911663896871,2039.4058450751618,535.5825172814198
20.404520044998208,-3.420375137918356,-97.13080168776371,97.94826048171274,69.56162117452439,-4.506381870278716,14.944042132982224,122.54345703125,158.54345703125,221.1688232421875,-39.697265625,-72.76800537109375,195.22802734375,-162.288330078125,-83.13525390625,-92.07568359375,-215.615478515625,-123.45703125,-164.94580078125,109.248046875,83.32794189453125,229.842041015625,-22.319984436035156,-48.431640625,-15.952606201171875,-87.646484375,11.664031982421875,15.9525146484375,46.22412109375,222.623046875,41.2763671875,2.5919189453125,-53.9541015625,65.35946655273438,-250.9892578125,17.615966796875,-82.47366333007812,-3.1496200561523438,-96.86410522460938,98.03255462646484,71.5713119506836,-5.331169605255127,10.880180358886719,-3.1496200561523438,-96.86410522460938,98.03255462646484,71.5713119506836,-5.331169605255127,10.880180358886719,1280.8179140975892,726.1670242421324,2006.9849383397216,554.6508898554569
20.43279965599868,-3.420375137918356,-97.13080168776371,97.94826048171274,69.56162117452439,-4.506381870278716,14.614878209348255,122.54345703125,163.34326171875,217.2969970703125,-39.697265625,-70.36798095703125,195.22802734375,-164.688232421875,-90.33544921875,-95.947265625,-213.215576171875,-125.85693359375,-161.07373046875,109.248046875,90.52792358398438,233.714111328125,-19.91998291015625,-43.631591796875,-8.208587646484375,-75.646484375,4.46405029296875,15.9525146484375,46.22412109375,222.623046875,45.1484375,2.5919189453125,-46.75390625,65.35946655273438,-248.5888671875,24.81597900390625,-82.47366333007812,-3.1439208984375,-96.84147644042969,98.05137634277344,71.57483673095703,-5.30237340927124,10.900457382202148,-3.1439208984375,-96.84147644042969,98.05137634277344,71.57483673095703,-5.30237340927124,10.900457382202148,1289.1793498492061,701.3985314744829,1990.5778813236889,587.7808183747233
20.464835331997165,-3.420375137918356,-97.13080168776371,97.94826048171274,69.56162117452439,-4.506381870278716,13.69321922317314,124.943603515625,168.1435546875,213.4249267578125,-39.697265625,-67.96795654296875,199.10009765625,-164.688232421875,-90.33544921875,-95.947265625,-213.215576171875,-130.6572265625,-161.07373046875,114.0478515625,88.1279296875,229.842041015625,-24.719985961914062,-43.631591796875,-12.080596923828125,-66.0458984375,11.664031982421875,15.9525146484375,43.8240966796875,213.0224609375,37.404296875,2.5919189453125,-46.75390625,73.10345458984375,-243.7890625,20.01593017578125,-90.2176513671875,-3.154709815979004,-96.86490631103516,98.04844665527344,71.57923126220703,-5.308502674102783,10.941478729248047,-3.154709815979004,-96.86490631103516,98.04844665527344,71.57923126220703,-5.308502674102783,10.941478729248047,1292.8169926647465,688.7288316905978,1981.5458243553444,604.0881609741488
20.502662941999006,-3.420375137918356,-97.13080168776371,97.94826048171274,69.56162117452439,-4.506381870278716,12.508229098090851,117.74365234375,163.34326171875,221.1688232421875,-51.697265625,-67.96795654296875,191.35595703125,-162.288330078125,-75.93505859375,-99.8193359375,-213.215576171875,-135.45703125,-164.94580078125,111.6484375,85.72793579101562,229.842041015625,-24.719985961914062,-41.231689453125,-12.080596923828125,-66.0458984375,16.46405029296875,15.9525146484375,43.8240966796875,213.0224609375,37.404296875,-2.20806884765625,-51.5537109375,73.10345458984375,-231.7890625,17.615966796875,-90.2176513671875,-3.161954879760742,-96.80424499511719,98.01392364501953,71.58028411865234,-5.279238224029541,10.96976089477539,-3.161954879760742,-96.80424499511719,98.01392364501953,71.58028411865234,-5.279238224029541,10.96976089477539,1284.9597617170173,678.9881494250568,1963.9479111420742,605.9716122919605
20.53557680999802,-3.420375137918356,-97.13080168776371,97.94826048171274,69.56162117452439,-4.506381870278716,11.981566820276496,122.54345703125,170.54345703125,221.1688232421875,-39.697265625,-65.5679931640625,195.22802734375,-159.88818359375,-75.93505859375,-92.07568359375,-210.8154296875,-133.05712890625,-161.07373046875,111.6484375,90.52792358398438,233.714111328125,-24.719985961914062,-36.431640625,-15.952606201171875,-54.0458984375,16.46405029296875,27.5684814453125,41.42413330078125,205.8232421875,37.404296875,2.5919189453125,-41.9541015625,69.23147583007812,-226.9892578125,22.41595458984375,-101.83364868164062,-3.159942626953125,-96.80609130859375,98.009033203125,71.58100891113281,-5.265635967254639,10.994739532470703,-3.159942626953125,-96.80609130859375,98.009033203125,71.58100891113281,-5.265635967254639,10.994739532470703,1285.4241827083715,653.7354979787756,1939.159680687147,631.6886847295959
20.56804494300013,-3.420375137918356,-97.13080168776371,97.94826048171274,69.56162117452439,-4.506381870278716,11.718235681369322,122.54345703125,168.1435546875,225.0408935546875,-44.4970703125,-67.96795654296875,195.22802734375,-162.288330078125,-73.53515625,-99.8193359375,-206.015625,-135.45703125,-161.07373046875,111.6484375,83.32794189453125,225.969970703125,-17.519981384277344,-38.8316650390625,-19.824615478515625,-51.646484375,14.06402587890625,23.6964111328125,41.42413330078125,205.8232421875,33.5322265625,4.991943359375,-39.5537109375,69.23147583007812,-226.9892578125,20.01593017578125,-101.83364868164062,-3.164372444152832,-96.80743408203125,98.00141143798828,71.57904052734375,-5.270110607147217,11.004566192626953,-3.164372444152832,-96.80743408203125,98.00141143798828,71.57904052734375,-5.270110607147217,11.004566192626953,1282.141312904053,647.616422369249,1929.757735273302,634.524890534804
20.604535742000735,-3.420375137918356,-97.13080168776371,97.94826048171274,69.56162117452439,-4.610575670747579,11.52073732718894,124.943603515625,172.943359375,221.1688232421875,-42.09765625,-63.16796875,206.84423828125,-164.688232421875,-75.93505859375,-95.947265625,-210.8154296875,-135.45703125,-153.329833984375,114.0478515625,88.1279296875,229.842041015625,-22.319984436035156,-36.431640625,-12.080596923828125,-49.24609375,11.664031982421875,23.6964111328125,39.02410888671875,210.623046875,33.5322265625,7.39190673828125,-39.5537109375,69.23147583007812,-217.3896484375,20.01593017578125,-97.961669921875,-3.1654090881347656,-96.84750366210938,98.01309967041016,71.59600067138672,-5.269860744476318,11.026203155517578,-3.1654090881347656,-96.84750366210938,98.01309967041016,71.59600067138672,-5.269860744476318,11.026203155517578,1297.8731758606202,636.4550437451607,1934.3282196057808,661.4181321154596
20.6427986819981,-3.420375137918356,-97.13080168776371,97.94826048171274,69.56162117452439,-4.610575670747579,11.389071757735353,122.54345703125,168.1435546875,217.2969970703125,-44.4970703125,-65.5679931640625,206.84423828125,-162.288330078125,-73.53515625,-95.947265625,-208.41552734375,-133.05712890625,-157.20166015625,106.8486328125,83.32794189453125,222.09814453125,-24.719985961914062,-38.8316650390625,-15.952606201171875,-42.0458984375,18.864044189453125,27.5684814453125,43.8240966796875,208.22265625,37.404296875,2.5919189453125,-32.353515625,73.10345458984375,-219.7890625,17.615966796875,-97.961669921875,-3.163325309753418,-96.82621002197266,98.00224304199219,71.59813690185547,-5.255354404449463,11.054960250854492,-3.163325309753418,-96.82621002197266,98.00224304199219,71.59813690185547,-5.255354404449463,11.054960250854492,1277.8868891881946,639.7263268066862,1917.6132159948806,638.1605623815084
20.676317156998266,-3.420375137918356,-97.13080168776371,97.94826048171274,69.56162117452439,-4.610575670747579,11.257406188281765,117.74365234375,168.1435546875,209.5528564453125,-44.4970703125,-67.96795654296875,199.10009765625,-162.288330078125,-66.33544921875,-92.07568359375,-208.41552734375,-137.85693359375,-153.329833984375,114.0478515625,85.72793579101562,233.714111328125,-22.319984436035156,-36.431640625,-15.952606201171875,-37.24609375,21.2640380859375,23.6964111328125,41.42413330078125,203.4228515625,33.5322265625,4.991943359375,-37.1533203125,73.10345458984375,-219.7890625,20.01593017578125,-97.961669921875,-3.166924476623535,-96.8519515991211,98.01016998291016,71.60304260253906,-5.2428717613220215,11.062541961669922,-3.166924476623535,-96.8519515991211,98.01016998291016,71.60304260253906,-5.2428717613220215,11.062541961669922,1273.402653725904,628.511909751554,1901.914563477458,644.89074397435
20.705927015998896,-3.420375137918356,-97.13080168776371,97.94826048171274,69.56162117452439,-4.610575670747579,11.257406188281765,120.1435546875,165.74365234375,217.2969970703125,-44.4970703125,-70.36798095703125,206.84423828125,-157.48828125,-68.7353515625,-92.07568359375,-208.41552734375,-130.6572265625,-157.20166015625,106.8486328125,85.72793579101562,225.969970703125,-22.319984436035156,-38.8316650390625,-19.824615478515625,-37.24609375,21.2640380859375,23.6964111328125,46.22412109375,203.4228515625,33.5322265625,4.991943359375,-34.75390625,69.23147583007812,-217.3896484375,20.01593017578125,-101.83364868164062,-3.1740951538085938,-96.851806640625,98.00745391845703,71.60946655273438,-5.25351095199585,11.085601806640625,-3.1740951538085938,-96.851806640625,98.00745391845703,71.60946655273438,-5.25351095199585,11.085601806640625,1272.631894345624,627.7842195066678,1900.4161138522918,644.8476748389562
20.74834783299957,-3.420375137918356,-97.13080168776371,97.94826048171274,69.56162117452439,-4.610575670747579,11.257406188281765,120.1435546875,168.1435546875,221.1688232421875,-46.8974609375,-67.96795654296875,199.10009765625,-157.48828125,-66.33544921875,-92.07568359375,-203.615478515625,-135.45703125,-157.20166015625,106.8486328125,80.92791748046875,218.22607421875,-24.719985961914062,-41.231689453125,-15.952606201171875,-37.24609375,18.864044189453125,23.6964111328125,43.8240966796875,203.4228515625,41.2763671875,0.19195556640625,-34.75390625,69.23147583007812,-212.5888671875,17.615966796875,-105.70565795898438,-3.1757640838623047,-96.87025451660156,98.02162170410156,71.61576080322266,-5.237425327301025,11.086889266967773,-3.1757640838623047,-96.87025451660156,98.02162170410156,71.61576080322266,-5.237425327301025,11.086889266967773,1259.1793344677149,626.339534838858,1885.518869306573,632.8397996288569
20.77292446699721,-3.420375137918356,-97.13080168776371,97.94826048171274,69.56162117452439,-4.610575670747579,11.257406188281765,122.54345703125,168.1435546875,205.6807861328125,-49.2978515625,-65.5679931640625,202.97216796875,-162.288330078125,-66.33544921875,-103.69140625,-206.015625,-137.85693359375,-153.329833984375,102.0478515625,83.32794189453125,225.969970703125,-22.319984436035156,-38.8316650390625,-19.824615478515625,-27.646484375,16.46405029296875,27.5684814453125,43.8240966796875,205.8232421875,37.404296875,2.5919189453125,-32.353515625,76.9754638671875,-205.3896484375,17.615966796875,-105.70565795898438,-3.1713428497314453,-96.83966064453125,98.00808715820312,71.61941528320312,-5.222522258758545,11.123090744018555,-3.1713428497314453,-96.83966064453125,98.00808715820312,71.61941528320312,-5.222522258758545,11.123090744018555,1268.2227417272763,620.2924131884982,1888.5151549157745,647.9303285387781
20.80347858299865,-3.420375137918356,-97.13080168776371,97.94826048171274,69.56162117452439,-4.610575670747579,11.257406188281765,117.74365234375,163.34326171875,209.5528564453125,-51.697265625,-67.96795654296875,195.22802734375,-157.48828125,-63.93505859375,-99.8193359375,-208.41552734375,-133.05712890625,-153.329833984375,97.248046875,85.72793579101562,222.09814453125,-22.319984436035156,-36.431640625,-15.952606201171875,-30.0458984375,18.864044189453125,27.5684814453125,41.42413330078125,205.8232421875,29.660400390625,2.5919189453125,-25.1533203125,65.35946655273438,-210.189453125,20.01593017578125,-97.961669921875,-3.178683280944824,-96.86131286621094,98.01566314697266,71.61849975585938,-5.225636959075928,11.123800277709961,-3.178683280944824,-96.86131286621094,98.01566314697266,71.61849975585938,-5.225636959075928,11.123800277709961,1248.931111419314,605.4099724862218,1854.341083905536,643.5211389330922
20.837321669998346,-3.420375137918356,-97.13080168776371,97.94826048171274,69.56162117452439,-4.610575670747579,11.257406188281765,112.943603515625,160.943359375,213.4249267578125,-49.2978515625,-63.16796875,195.22802734375,-155.088134765625,-66.33544921875,-92.07568359375,-201.215576171875,-133.05712890625,-149.457763671875,104.4482421875,83.32794189453125,225.969970703125,-24.719985961914062,-34.0316162109375,-15.952606201171875,-22.8466796875,21.2640380859375,31.4404296875,36.62408447265625,193.8232421875,33.5322265625,4.991943359375,-29.9541015625,80.84747314453125,-207.7890625,17.615966796875,-101.83364868164062,-3.177215576171875,-96.85861206054688,98.01110076904297,71.62503051757812,-5.217531681060791,11.145750045776367,-3.177215576171875,-96.85861206054688,98.01110076904297,71.62503051757812,-5.217531681060791,11.145750045776367,1239.6883266702314,607.8032235856948,1847.491550255926,631.8851030845366
20.870280963998084,-3.420375137918356,-97.13080168776371,97.94826048171274,69.56162117452439,-4.610575670747579,11.257406188281765,117.74365234375,163.34326171875,213.4249267578125,-51.697265625,-63.16796875,187.48388671875,-159.88818359375,-63.93505859375,-92.07568359375,-201.215576171875,-140.25732421875,-149.457763671875,90.0478515625,83.32794189453125,218.22607421875,-22.319984436035156,-34.0316162109375,-12.080596923828125,-25.24609375,18.864044189453125,27.5684814453125,41.42413330078125,193.8232421875,25.788330078125,0.19195556640625,-25.1533203125,73.10345458984375,-200.5888671875,22.41595458984375,-101.83364868164062,-3.174945831298828,-96.86956787109375,98.0120849609375,71.62816619873047,-5.221743106842041,11.151214599609375,-3.174945831298828,-96.86956787109375,98.0120849609375,71.62816619873047,-5.221743106842041,11.151214599609375,1230.7431055426214,587.5777951489065,1818.3209006915279,643.1653103937149
20.911758751997695,-3.420375137918356,-97.13080168776371,97.94826048171274,69.56162117452439,-4.610575670747579,11.257406188281765,117.74365234375,160.943359375,213.4249267578125,-54.09765625,-60.76800537109375,191.35595703125,-155.088134765625,-61.53515625,-88.20361328125,-198.8154296875,-145.05712890625,-145.585693359375,94.8486328125,85.72793579101562,225.969970703125,-17.519981384277344,-36.431640625,-8.208587646484375,-18.0458984375,18.864044189453125,35.3125,41.42413330078125,196.22265625,37.404296875,4.991943359375,-27.5537109375,76.9754638671875,-205.3896484375,17.615966796875,-105.70565795898438,-3.168313980102539,-96.87845611572266,98.011962890625,71.63093566894531,-5.212500095367432,11.164934158325195,-3.168313980102539,-96.87845611572266,98.011962890625,71.63093566894531,-5.212500095367432,11.164934158325195,1234.3280859880226,602.7467998262789,1837.0748858143015,631.5812861617437
20.9411681269994,-3.420375137918356,-97.13080168776371,97.94826048171274,69.56162117452439,-4.610575670747579,11.257406188281765,112.943603515625,165.74365234375,209.5528564453125,-51.697265625,-67.96795654296875,199.10009765625,-155.088134765625,-61.53515625,-88.20361328125,-198.8154296875,-135.45703125,-141.713623046875,94.8486328125,83.32794189453125,222.09814453125,-19.91998291015625,-34.0316162109375,-19.824615478515625,-18.0458984375,14.06402587890625,31.4404296875,39.02410888671875,193.8232421875,33.5322265625,0.19195556640625,-20.353515625,73.10345458984375,-202.9892578125,15.2159423828125,-94.08966064453125,-3.184414863586426,-96.88693237304688,98.01240539550781,71.63377380371094,-5.21714448928833,11.166801452636719,-3.184414863586426,-96.88693237304688,98.01240539550781,71.63377380371094,-5.21714448928833,11.166801452636719,1230.124279838948,583.6921842240422,1813.8164640629902,646.4320956149058
20.974632715999178,-3.420375137918356,-97.13080168776371,97.94826048171274,69.56162117452439,-4.610575670747579,11.257406188281765,112.943603515625,158.54345703125,205.6807861328125,-54.09765625,-67.96795654296875,191.35595703125,-159.88818359375,-66.33544921875,-88.20361328125,-201.215576171875,-142.6572265625,-153.329833984375,92.4482421875,83.32794189453125,210.48193359375,-17.519981384277344,-34.0316162109375,-15.952606201171875,-15.646484375,18.864044189453125,31.4404296875,39.02410888671875,196.22265625,33.5322265625,2.5919189453125,-22.75390625,69.23147583007812,-198.189453125,17.615966796875,-101.83364868164062,-3.182539939880371,-96.91708374023438,98.03036499023438,71.64613342285156,-5.205053806304932,11.214605331420898,-3.182539939880371,-96.91708374023438,98.03036499023438,71.64613342285156,-5.205053806304932,11.214605331420898,1222.57512743973,580.6254366467401,1803.2005640864702,641.9496907929899
21.01271695399919,-3.420375137918356,-97.13080168776371,97.94826048171274,69.56162117452439,-4.610575670747579,11.257406188281765,112.943603515625,160.943359375,201.8089599609375,-54.09765625,-63.16796875,191.35595703125,-150.288330078125,-63.93505859375,-92.07568359375,-201.215576171875,-137.85693359375,-153.329833984375,90.0478515625,83.32794189453125,210.48193359375,-19.91998291015625,-31.631591796875,-19.824615478515625,-15.646484375,21.2640380859375,31.4404296875,39.02410888671875,193.8232421875,29.660400390625,0.19195556640625,-20.353515625,73.10345458984375,-193.3896484375,17.615966796875,-105.70565795898438,-3.1723737716674805,-96.90275573730469,98.02082824707031,71.64408874511719,-5.198270320892334,11.210901260375977,-3.1723737716674805,-96.90275573730469,98.02082824707031,71.64408874511719,-5.198270320892334,11.210901260375977,1209.6214645220587,580.2730487232016,1789.8945132452602,629.3484157988571
21.045347229999606,-3.420375137918356,-97.13080168776371,97.94826048171274,69.56162117452439,-4.610575670747579,11.257406188281765,105.74365234375,156.1435546875,201.8089599609375,-56.4970703125,-60.76800537109375,191.35595703125,-152.688232421875,-61.53515625,-92.07568359375,-198.8154296875,-142.6572265625,-145.585693359375,90.0478515625,83.32794189453125,210.48193359375,-19.91998291015625,-31.631591796875,-15.952606201171875,-15.646484375,18.864044189453125,35.3125,43.8240966796875,193.8232421875,29.660400390625,2.5919189453125,-17.9541015625,73.10345458984375,-195.7890625,15.2159423828125,-97.961669921875,-3.1771860122680664,-96.91126251220703,98.01329040527344,71.64935302734375,-5.199495792388916,11.223752975463867,-3.1771860122680664,-96.91126251220703,98.01329040527344,71.64935302734375,-5.199495792388916,11.223752975463867,1201.7610938948885,579.32186787311,1781.0829617679985,622.4392260217785
21.07871314499789,-3.420375137918356,-97.13080168776371,97.94826048171274,69.56162117452439,-4.610575670747579,11.257406188281765,110.54345703125,158.54345703125,201.8089599609375,-63.697265625,-63.16796875,191.35595703125,-155.088134765625,-56.7353515625,-92.07568359375,-198.8154296875,-145.05712890625,-145.585693359375,82.8486328125,85.72793579101562,214.35400390625,-22.319984436035156,-34.0316162109375,-15.952606201171875,-8.4462890625,18.864044189453125,39.1844482421875,46.22412109375,189.0224609375,29.660400390625,0.19195556640625,-20.353515625,76.9754638671875,-190.9892578125,20.01593017578125,-105.70565795898438,-3.186955451965332,-96.92533874511719,98.01245880126953,71.65580749511719,-5.190464496612549,11.23580551147461,-3.186955451965332,-96.92533874511719,98.01245880126953,71.65580749511719,-5.190464496612549,11.23580551147461,1211.0691311858213,583.681092241784,1794.7502234276053,627.3880389440374
21.10993777299882,-3.420375137918356,-97.13080168776371,97.94826048171274,69.56162117452439,-4.610575670747579,11.257406188281765,110.54345703125,153.74365234375,205.6807861328125,-58.8974609375,-60.76800537109375,191.35595703125,-157.48828125,-56.7353515625,-88.20361328125,-196.41552734375,-142.6572265625,-141.713623046875,90.0478515625,78.52792358398438,210.48193359375,-17.519981384277344,-34.0316162109375,-15.952606201171875,-8.4462890625,23.664031982421875,31.4404296875,41.42413330078125,184.22265625,25.788330078125,2.5919189453125,-20.353515625,73.10345458984375,-188.5888671875,17.615966796875,-101.83364868164062,-3.1786346435546875,-96.91839599609375,98.01535034179688,71.6535873413086,-5.1989006996154785,11.238439559936523,-3.1786346435546875,-96.91839599609375,98.01535034179688,71.6535873413086,-5.1989006996154785,11.238439559936523,1201.141070790456,563.2678550375914,1764.4089258280474,637.8732157528647
21.142812530997617,-3.420375137918356,-97.13080168776371,97.94826048171274,69.56162117452439,-4.610575670747579,11.257406188281765,110.54345703125,160.943359375,197.9368896484375,-58.8974609375,-60.76800537109375,187.48388671875,-150.288330078125,-56.7353515625,-80.45947265625,-196.41552734375,-142.6572265625,-149.457763671875,82.8486328125,80.92791748046875,210.48193359375,-22.319984436035156,-29.231689453125,-8.208587646484375,-3.646484375,21.2640380859375,31.4404296875,41.42413330078125,189.0224609375,33.5322265625,-4.60809326171875,-15.5537109375,69.23147583007812,-181.3896484375,17.615966796875,-97.961669921875,-3.181642532348633,-96.92198181152344,98.02748107910156,71.65802001953125,-5.195931911468506,11.259843826293945,-3.181642532348633,-96.92198181152344,98.02748107910156,71.65802001953125,-5.195931911468506,11.259843826293945,1188.7106497948607,550.2165048674847,1738.9271546623454,638.494144927376
21.17776864299958,-3.420375137918356,-97.13080168776371,97.94826048171274,69.56162117452439,-4.610575670747579,11.257406188281765,108.1435546875,156.1435546875,201.8089599609375,-66.09765625,-60.76800537109375,183.6123046875,-155.088134765625,-51.93505859375,-88.20361328125,-198.8154296875,-147.45703125,-141.713623046875,85.248046875,83.32794189453125,210.48193359375,-22.319984436035156,-34.0316162109375,-15.952606201171875,-6.0458984375,26.06402587890625,35.3125,43.8240966796875,191.4228515625,33.5322265625,0.19195556640625,-15.5537109375,73.10345458984375,-186.189453125,17.615966796875,-101.83364868164062,-3.178616523742676,-96.94552612304688,98.02727508544922,71.67095184326172,-5.185092449188232,11.270711898803711,-3.178616523742676,-96.94552612304688,98.02727508544922,71.67095184326172,-5.185092449188232,11.270711898803711,1194.4652033353016,574.9229093945667,1769.3881127298682,619.5422939407349
21.213352897000732,-3.420375137918356,-97.13080168776371,97.94826048171274,69.56162117452439,-4.610575670747579,11.257406188281765,108.1435546875,148.943359375,205.6807861328125,-63.697265625,-63.16796875,183.6123046875,-155.088134765625,-54.33544921875,-88.20361328125,-198.8154296875,-145.05712890625,-137.841796875,82.8486328125,80.92791748046875,206.610107421875,-15.119987487792969,-26.8316650390625,-19.824615478515625,-1.24609375,16.46405029296875,31.4404296875,41.42413330078125,186.623046875,33.5322265625,0.19195556640625,-15.5537109375,73.10345458984375,-181.3896484375,15.2159423828125,-105.70565795898438,-3.182514190673828,-96.93882751464844,98.02047729492188,71.66671752929688,-5.183979511260986,11.274263381958008,-3.182514190673828,-96.93882751464844,98.02047729492188,71.66671752929688,-5.183979511260986,11.274263381958008,1185.8123796177542,551.4567505329029,1737.269130150657,634.3556290848513
21.244784780999908,-3.420375137918356,-97.13080168776371,97.94826048171274,69.56162117452439,-4.610575670747579,11.257406188281765,105.74365234375,158.54345703125,201.8089599609375,-63.697265625,-63.16796875,187.48388671875,-150.288330078125,-54.33544921875,-84.33154296875,-194.015625,-145.05712890625,-145.585693359375,78.0478515625,80.92791748046875,206.610107421875,-19.91998291015625,-29.231689453125,-12.080596923828125,-1.24609375,18.864044189453125,39.1844482421875,43.8240966796875,181.8232421875,25.788330078125,0.19195556640625,-15.5537109375,73.10345458984375,-178.9892578125,20.01593017578125,-97.961669921875,-3.18070125579834,-96.96200561523438,98.02731323242188,71.67203521728516,-5.179214000701904,11.282360076904297,-3.18070125579834,-96.96200561523438,98.02731323242188,71.67203521728516,-5.179214000701904,11.282360076904297,1183.9535016580735,549.4484965922692,1733.4019982503428,634.5050050658043
21.27674789899902,-3.420375137918356,-97.13080168776371,97.94826048171274,69.56162117452439,-4.610575670747579,11.257406188281765,105.74365234375,148.943359375,205.6807861328125,-68.4970703125,-63.16796875,183.6123046875,-147.88818359375,-51.93505859375,-80.45947265625,-194.015625,-142.6572265625,-137.841796875,85.248046875,78.52792358398438,202.738037109375,-19.91998291015625,-29.231689453125,-12.080596923828125,-3.646484375,23.664031982421875,31.4404296875,46.22412109375,181.8232421875,29.660400390625,2.5919189453125,-13.1533203125,73.10345458984375,-178.9892578125,15.2159423828125,-101.83364868164062,-3.177891731262207,-96.94577026367188,98.02909851074219,71.6695327758789,-5.177449703216553,11.28584098815918,-3.177891731262207,-96.94577026367188,98.02909851074219,71.6695327758789,-5.177449703216553,11.28584098815918,1168.1791188478223,547.6502932873832,1715.8294121352055,620.5288255604391
21.30992657999741,-3.420375137918356,-97.13080168776371,97.94826048171274,69.56162117452439,-4.610575670747579,11.257406188281765,103.343505859375,153.74365234375,197.9368896484375,-68.4970703125,-60.76800537109375,183.6123046875,-145.48828125,-49.53515625,-84.33154296875,-194.015625,-147.45703125,-137.841796875,80.4482421875,83.32794189453125,202.738037109375,-15.119987487792969,-26.8316650390625,-15.952606201171875,3.5537109375,23.664031982421875,35.3125,41.42413330078125,186.623046875,33.5322265625,4.991943359375,-13.1533203125,69.23147583007812,-176.5888671875,17.615966796875,-105.70565795898438,-3.184676170349121,-96.96013641357422,98.02012634277344,71.67750549316406,-5.173924922943115,11.307310104370117,-3.184676170349121,-96.96013641357422,98.02012634277344,71.67750549316406,-5.173924922943115,11.307310104370117,1165.0524344398723,548.6332383510495,1713.6856727909217,616.4191960888228
21.34318121099932,-3.420375137918356,-97.13080168776371,97.94826048171274,69.56162117452439,-4.610575670747579,11.257406188281765,105.74365234375,151.34326171875,190.1929931640625,-68.4970703125,-58.36798095703125,179.740234375,-147.88818359375,-49.53515625,-84.33154296875,-196.41552734375,-149.85693359375,-133.9697265625,73.248046875,83.32794189453125,198.865966796875,-17.519981384277344,-29.231689453125,-15.952606201171875,3.5537109375,18.864044189453125,39.1844482421875,41.42413330078125,179.4228515625,25.788330078125,2.5919189453125,-13.1533203125,80.84747314453125,-176.5888671875,20.01593017578125,-105.70565795898438,-3.1845664978027344,-96.93507385253906,98.01386260986328,71.6727294921875,-5.163486957550049,11.288152694702148,-3.1845664978027344,-96.93507385253906,98.01386260986328,71.6727294921875,-5.163486957550049,11.288152694702148,1152.1408063085685,555.9336092958504,1708.0744156044188,596.2071970127181
21.378329685998324,-3.420375137918356,-97.13080168776371,97.94826048171274,69.56162117452439,-4.610575670747579,11.257406188281765,100.943603515625,151.34326171875,201.8089599609375,-70.8974609375,-53.5679931640625,175.8681640625,-152.688232421875,-49.53515625,-84.33154296875,-191.615478515625,-147.45703125,-137.841796875,75.6484375,78.52792358398438,198.865966796875,-15.119987487792969,-26.8316650390625,-15.952606201171875,3.5537109375,21.2640380859375,39.1844482421875,46.22412109375,179.4228515625,25.788330078125,0.19195556640625,-10.75390625,69.23147583007812,-174.189453125,17.615966796875,-101.83364868164062,-3.1863603591918945,-96.95661926269531,98.02194213867188,71.681884765625,-5.165669918060303,11.307546615600586,-3.1863603591918945,-96.95661926269531,98.02194213867188,71.681884765625,-5.165669918060303,11.307546615600586,1155.1834845022966,539.0778812894675,1694.261365791764,616.105603212829
21.412612842999806,-3.420375137918356,-97.13080168776371,97.94826048171274,69.56162117452439,-4.610575670747579,11.257406188281765,103.343505859375,151.34326171875,194.0648193359375,-70.8974609375,-60.76800537109375,171.99609375,-145.48828125,-49.53515625,-84.33154296875,-186.8154296875,-145.05712890625,-141.713623046875,78.0478515625,83.32794189453125,206.610107421875,-17.519981384277344,-24.431640625,-15.952606201171875,5.9541015625,23.664031982421875,39.1844482421875,39.02410888671875,177.0224609375,29.660400390625,0.19195556640625,-8.353515625,73.10345458984375,-174.189453125,17.615966796875,-97.961669921875,-3.1823434829711914,-96.93765258789062,98.01285552978516,71.68000793457031,-5.155299663543701,11.31425666809082,-3.1823434829711914,-96.93765258789062,98.01285552978516,71.68000793457031,-5.155299663543701,11.31425666809082,1149.7160143909496,538.0793855249387,1687.7953999158883,611.6366288660108
21.443465415999526,-3.420375137918356,-97.13080168776371,97.94826048171274,69.56162117452439,-4.610575670747579,11.257406188281765,98.54345703125,148.943359375,201.8089599609375,-73.2978515625,-55.96795654296875,179.740234375,-145.48828125,-51.93505859375,-76.58740234375,-186.8154296875,-149.85693359375,-130.09765625,78.0478515625,80.92791748046875,198.865966796875,-19.91998291015625,-29.231689453125,-8.208587646484375,10.75390625,23.664031982421875,35.3125,41.42413330078125,184.22265625,21.916259765625,2.5919189453125,-8.353515625,69.23147583007812,-174.189453125,22.41595458984375,-101.83364868164062,-3.181088447570801,-96.95909118652344,98.01578521728516,71.68399047851562,-5.157284259796143,11.331863403320312,-3.181088447570801,-96.95909118652344,98.01578521728516,71.68399047851562,-5.157284259796143,11.331863403320312,1144.9221812641435,543.0466995993547,1687.9688808634983,601.8754816647888
21.479547013997944,-3.420375137918356,-97.13080168776371,97.94826048171274,69.56162117452439,-4.610575670747579,11.257406188281765,100.943603515625,148.943359375,201.8089599609375,-75.697265625,-55.96795654296875,183.6123046875,-143.088134765625,-54.33544921875,-84.33154296875,-191.615478515625,-147.45703125,-133.9697265625,73.248046875,80.92791748046875,198.865966796875,-22.319984436035156,-29.231689453125,-12.080596923828125,13.1533203125,23.664031982421875,39.1844482421875,41.42413330078125,179.4228515625,21.916259765625,0.19195556640625,-8.353515625,76.9754638671875,-169.3896484375,12.81597900390625,-101.83364868164062,-3.1869239807128906,-96.96516418457031,98.01595306396484,71.68524932861328,-5.167720317840576,11.330118179321289,-3.1869239807128906,-96.96516418457031,98.01595306396484,71.68524932861328,-5.167720317840576,11.330118179321289,1154.7358255635636,547.2683343697805,1702.004159933344,607.4674911937831
21.514710494997416,-3.420375137918356,-97.13080168776371,97.94826048171274,69.56162117452439,-4.610575670747579,11.257406188281765,98.54345703125,151.34326171875,197.9368896484375,-75.697265625,-58.36798095703125,179.740234375,-147.88818359375,-54.33544921875,-80.45947265625,-191.615478515625,-152.25732421875,-141.713623046875,68.4482421875,80.92791748046875,194.994140625,-19.91998291015625,-24.431640625,-15.952606201171875,10.75390625,26.06402587890625,39.1844482421875,43.8240966796875,174.623046875,25.788330078125,-2.20806884765625,-3.5537109375,80.84747314453125,-169.3896484375,12.81597900390625,-94.08966064453125,-3.1824207305908203,-96.95356750488281,98.0173110961914,71.6871337890625,-5.15742826461792,11.34170913696289,-3.1824207305908203,-96.95356750488281,98.0173110961914,71.6871337890625,-5.15742826461792,11.34170913696289,1153.181043906782,540.626024413075,1693.807068319857,612.5550194937069
21.54836182500003,-3.420375137918356,-97.13080168776371,97.94826048171274,69.56162117452439,-4.610575670747579,11.257406188281765,100.943603515625,148.943359375,197.9368896484375,-73.2978515625,-58.36798095703125,175.8681640625,-145.48828125,-49.53515625,-72.71533203125,-191.615478515625,-152.25732421875,-130.09765625,75.6484375,80.92791748046875,198.865966796875,-22.319984436035156,-29.231689453125,-19.824615478515625,10.75390625,21.2640380859375,43.056396484375,41.42413330078125,179.4228515625,25.788330078125,-4.60809326171875,-3.5537109375,69.23147583007812,-164.5888671875,17.615966796875,-105.70565795898438,-3.183255195617676,-96.97074127197266,98.02763366699219,71.69213104248047,-5.15736722946167,11.348369598388672,-3.183255195617676,-96.97074127197266,98.02763366699219,71.69213104248047,-5.15736722946167,11.348369598388672,1141.599578602864,542.8084496347869,1684.408028237651,598.7911289680771
21.57990217099723,-3.420375137918356,-97.13080168776371,97.94826048171274,69.56162117452439,-4.610575670747579,11.257406188281765,96.1435546875,151.34326171875,194.0648193359375,-70.8974609375,-60.76800537109375,171.99609375,-145.48828125,-51.93505859375,-80.45947265625,-191.615478515625,-149.85693359375,-133.9697265625,66.0478515625,78.52792358398438,191.1220703125,-15.119987487792969,-24.431640625,-15.952606201171875,13.1533203125,23.664031982421875,39.1844482421875,41.42413330078125,174.623046875,29.660400390625,-2.20806884765625,-5.9541015625,73.10345458984375,-169.3896484375,17.615966796875,-105.70565795898438,-3.180996894836426,-96.96647644042969,98.01998901367188,71.6939468383789,-5.150163173675537,11.364227294921875,-3.180996894836426,-96.96647644042969,98.01998901367188,71.6939468383789,-5.150163173675537,11.364227294921875,1128.7339334156939,536.2153162738856,1664.9492496895796,592.5186171418082
21.61247168800037,-3.420375137918356,-97.13080168776371,97.94826048171274,69.56162117452439,-4.610575670747579,11.257406188281765,100.943603515625,146.54345703125,194.0648193359375,-78.09765625,-58.36798095703125,179.740234375,-145.48828125,-44.7353515625,-80.45947265625,-189.215576171875,-152.25732421875,-133.9697265625,66.0478515625,78.52792358398438,187.25,-17.519981384277344,-24.431640625,-12.080596923828125,20.353515625,21.2640380859375,39.1844482421875,39.02410888671875,172.22265625,29.660400390625,0.19195556640625,-8.353515625,73.10345458984375,-159.7890625,20.01593017578125,-97.961669921875,-3.182429313659668,-96.96884155273438,98.02430725097656,71.69322967529297,-5.151684284210205,11.357748031616211,-3.182429313659668,-96.96884155273438,98.02430725097656,71.69322967529297,-5.151684284210205,11.357748031616211,1130.8363376873117,522.5439517464665,1653.3802894337782,608.2923859408452
21.647807855999417,-3.420375137918356,-97.13080168776371,97.94826048171274,69.56162117452439,-4.610575670747579,11.257406188281765,98.54345703125,144.1435546875,186.3209228515625,-78.09765625,-55.96795654296875,171.99609375,-145.48828125,-51.93505859375,-80.45947265625,-194.015625,-154.6572265625,-126.225830078125,66.0478515625,73.72793579101562,187.25,-17.519981384277344,-24.431640625,-12.080596923828125,8.353515625,21.2640380859375,39.1844482421875,46.22412109375,174.623046875,25.788330078125,-2.20806884765625,-5.9541015625,69.23147583007812,-164.5888671875,17.615966796875,-105.70565795898438,-3.18363094329834,-96.97050476074219,98.02088928222656,71.69258117675781,-5.15126371383667,11.349042892456055,-3.18363094329834,-96.97050476074219,98.02088928222656,71.69258117675781,-5.15126371383667,11.349042892456055,1116.721757205285,526.1511385458672,1642.872895751152,590.5706186594178
21.675789610999345,-3.420375137918356,-97.13080168776371,97.94826048171274,69.56162117452439,-4.610575670747579,11.257406188281765,96.1435546875,146.54345703125,190.1929931640625,-78.09765625,-63.16796875,168.1240234375,-138.288330078125,-44.7353515625,-80.45947265625,-182.015625,-149.85693359375,-130.09765625,61.248046875,73.72793579101562,191.1220703125,-17.519981384277344,-22.0316162109375,-12.080596923828125,17.9541015625,23.664031982421875,43.056396484375,39.02410888671875,174.623046875,25.788330078125,2.5919189453125,-8.353515625,73.10345458984375,-157.3896484375,15.2159423828125,-109.57766723632812,-3.183457374572754,-96.98699951171875,98.02161407470703,71.69927978515625,-5.147889614105225,11.366750717163086,-3.183457374572754,-96.98699951171875,98.02161407470703,71.69927978515625,-5.147889614105225,11.366750717163086,1103.6988103024842,529.7246334439399,1633.423443746424,573.9741768585443
21.71257669699844,-3.420375137918356,-97.13080168776371,97.94826048171274,69.56162117452439,-4.610575670747579,11.257406188281765,93.74365234375,141.74365234375,197.9368896484375,-82.8974609375,-55.96795654296875,168.1240234375,-145.48828125,-47.13525390625,-72.71533203125,-189.215576171875,-152.25732421875,-133.9697265625,63.6484375,80.92791748046875,191.1220703125,-19.91998291015625,-22.0316162109375,-8.208587646484375,17.9541015625,18.864044189453125,43.056396484375,39.02410888671875,167.4228515625,29.660400390625,4.991943359375,1.24609375,73.10345458984375,-154.9892578125,20.01593017578125,-105.70565795898438,-3.1795167922973633,-96.97877502441406,98.02484893798828,71.70347595214844,-5.143636226654053,11.381196975708008,-3.1795167922973633,-96.97877502441406,98.02484893798828,71.70347595214844,-5.143636226654053,11.381196975708008,1120.3046926594477,517.5387199485523,1637.843412608,602.7659727108954
21.74832153999887,-3.420375137918356,-97.13080168776371,97.94826048171274,69.56162117452439,-4.610575670747579,11.257406188281765,98.54345703125,144.1435546875,197.9368896484375,-80.4970703125,-58.36798095703125,175.8681640625,-138.288330078125,-49.53515625,-76.58740234375,-189.215576171875,-157.05712890625,-133.9697265625,61.248046875,71.32794189453125,187.25,-12.719985961914062,-29.231689453125,-12.080596923828125,25.1533203125,21.2640380859375,43.056396484375,41.42413330078125,167.4228515625,21.916259765625,0.19195556640625,1.24609375,76.9754638671875,-157.3896484375,17.615966796875,-97.961669921875,-3.1761932373046875,-96.96064758300781,98.01909637451172,71.69567108154297,-5.139085292816162,11.36298942565918,-3.1761932373046875,-96.96064758300781,98.01909637451172,71.69567108154297,-5.139085292816162,11.36298942565918,1121.1930114194404,525.366480820175,1646.5594922396153,595.8265305992654
21.784535408998636,-3.420375137918356,-97.13080168776371,97.94826048171274,69.56162117452439,-4.610575670747579,11.257406188281765,96.1435546875,144.1435546875,197.9368896484375,-80.4970703125,-55.96795654296875,168.1240234375,-143.088134765625,-39.93505859375,-80.45947265625,-186.8154296875,-154.6572265625,-130.09765625,61.248046875,80.92791748046875,191.1220703125,-19.91998291015625,-24.431640625,-19.824615478515625,22.75390625,26.06402587890625,39.1844482421875,36.62408447265625,167.4228515625,25.788330078125,-2.20806884765625,1.24609375,76.9754638671875,-157.3896484375,20.01593017578125,-101.83364868164062,-3.178060531616211,-96.97264099121094,98.01976013183594,71.70272827148438,-5.141801357269287,11.382312774658203,-3.178060531616211,-96.97264099121094,98.01976013183594,71.70272827148438,-5.141801357269287,11.382312774658203,1118.242470764651,528.3669244510717,1646.6093952157225,589.8755463135793
21.813200548000168,-3.420375137918356,-97.13080168776371,97.94826048171274,69.56162117452439,-4.610575670747579,11.257406188281765,88.943603515625,139.34326171875,194.0648193359375,-82.8974609375,-53.5679931640625,175.8681640625,-138.288330078125,-47.13525390625,-76.58740234375,-184.41552734375,-157.05712890625,-126.225830078125,63.6484375,76.1279296875,187.25,-15.119987487792969,-26.8316650390625,-19.824615478515625,22.75390625,23.664031982421875,35.3125,34.22412109375,169.8232421875,25.788330078125,2.5919189453125,1.24609375,76.9754638671875,-154.9892578125,17.615966796875,-101.83364868164062,-3.180617332458496,-96.97976684570312,98.02069091796875,71.7035903930664,-5.1383843421936035,11.379510879516602,-3.180617332458496,-96.97976684570312,98.02069091796875,71.7035903930664,-5.1383843421936035,11.379510879516602,1106.621477747893,523.3030774093073,1629.9245551572003,583.3184003385858
21.844778607999615,-3.420375137918356,-97.13080168776371,97.94826048171274,69.56162117452439,-4.610575670747579,11.257406188281765,96.1435546875,139.34326171875,194.0648193359375,-82.8974609375,-58.36798095703125,164.251953125,-140.688232421875,-44.7353515625,-72.71533203125,-186.8154296875,-154.6572265625,-126.225830078125,56.4482421875,76.1279296875,187.25,-17.519981384277344,-24.431640625,-15.952606201171875,25.1533203125,23.664031982421875,43.056396484375,41.42413330078125,169.8232421875,18.04443359375,-2.20806884765625,-3.5537109375,73.10345458984375,-154.9892578125,15.2159423828125,-105.70565795898438,-3.1758203506469727,-96.949951171875,98.0136947631836,71.70191192626953,-5.136845111846924,11.365959167480469,-3.1758203506469727,-96.949951171875,98.0136947631836,71.70191192626953,-5.136845111846924,11.365959167480469,1098.3926270428217,526.4044657642814,1624.7970928071031,571.9881612785402
21.88093872999889,-3.420375137918356,-97.13080168776371,97.94826048171274,69.56162117452439,-4.610575670747579,11.257406188281765,93.74365234375,139.34326171875,194.0648193359375,-85.2978515625,-55.96795654296875,164.251953125,-135.88818359375,-47.13525390625,-72.71533203125,-179.615478515625,-157.05712890625,-130.09765625,58.8486328125,78.52792358398438,187.25,-24.719985961914062,-26.8316650390625,-12.080596923828125,27.5537109375,26.06402587890625,46.928466796875,41.42413330078125,169.8232421875,25.788330078125,4.991943359375,1.24609375,73.10345458984375,-150.189453125,17.615966796875,-101.83364868164062,-3.1767425537109375,-96.9580078125,98.00820922851562,71.70526885986328,-5.135826587677002,11.381961822509766,-3.1767425537109375,-96.9580078125,98.00820922851562,71.70526885986328,-5.135826587677002,11.381961822509766,1094.3335160088031,531.0601209046071,1625.3936369134103,563.2733951041961
21.91142893199867,-3.420375137918356,-97.13080168776371,97.94826048171274,69.56162117452439,-4.610575670747579,11.257406188281765,98.54345703125,141.74365234375,190.1929931640625,-87.697265625,-58.36798095703125,168.1240234375,-138.288330078125,-44.7353515625,-76.58740234375,-182.015625,-154.6572265625,-130.09765625,61.248046875,78.52792358398438,187.25,-17.519981384277344,-22.0316162109375,-15.952606201171875,29.9541015625,26.06402587890625,46.928466796875,41.42413330078125,169.8232421875,14.17236328125,-2.20806884765625,3.646484375,76.9754638671875,-157.3896484375,15.2159423828125,-97.961669921875,-3.177461624145508,-96.96868896484375,98.00862121582031,71.71405029296875,-5.129532337188721,11.393754959106445,-3.177461624145508,-96.96868896484375,98.00862121582031,71.71405029296875,-5.129532337188721,11.393754959106445,1103.6144045580816,532.3060506387919,1635.9204551968735,571.3083539192896
21.950533107999945,-3.420375137918356,-97.13080168776371,97.94826048171274,69.56162117452439,-4.610575670747579,11.257406188281765,86.54345703125,136.943359375,178.5767822265625,-90.09765625,-58.36798095703125,160.3798828125,-143.088134765625,-44.7353515625,-84.33154296875,-184.41552734375,-154.6572265625,-130.09765625,63.6484375,73.72793579101562,191.1220703125,-17.519981384277344,-22.0316162109375,-15.952606201171875,37.1533203125,23.664031982421875,43.056396484375,36.62408447265625,165.0224609375,18.04443359375,0.19195556640625,1.24609375,73.10345458984375,-145.3896484375,17.615966796875,-105.70565795898438,-3.1772403717041016,-96.96009826660156,98.01732635498047,71.70976257324219,-5.128112316131592,11.396200180053711,-3.1772403717041016,-96.96009826660156,98.01732635498047,71.70976257324219,-5.128112316131592,11.396200180053711,1094.2132242734726,517.680294251522,1611.8935185249948,576.5329300219506
21.989594921997195,-3.420375137918356,-97.13080168776371,97.94826048171274,69.56162117452439,-4.610575670747579,11.257406188281765,93.74365234375,132.1435546875,182.4488525390625,-87.697265625,-58.36798095703125,160.3798828125,-135.88818359375,-42.33544921875,-76.58740234375,-186.8154296875,-157.05712890625,-126.225830078125,61.248046875,78.52792358398438,179.506103515625,-17.519981384277344,-22.0316162109375,-15.952606201171875,27.5537109375,26.06402587890625,46.928466796875,36.62408447265625,165.0224609375,21.916259765625,0.19195556640625,1.24609375,80.84747314453125,-150.189453125,17.615966796875,-97.961669921875,-3.1792821884155273,-96.95784759521484,98.0061264038086,71.70938110351562,-5.130420207977295,11.377920150756836,-3.1792821884155273,-96.95784759521484,98.0061264038086,71.70938110351562,-5.130420207977295,11.377920150756836,1077.5679255760472,524.180558240424,1601.7484838164712,553.3873673356231
22.01674177499808,-3.420375137918356,-97.13080168776371,97.94826048171274,69.56162117452439,-4.610575670747579,11.257406188281765,91.343505859375,141.74365234375,186.3209228515625,-87.697265625,-55.96795654296875,164.251953125,-138.288330078125,-42.33544921875,-68.84375,-179.615478515625,-157.05712890625,-130.09765625,56.4482421875,76.1279296875,187.25,-15.119987487792969,-19.631591796875,-12.080596923828125,32.353515625,26.06402587890625,39.1844482421875,39.02410888671875,165.0224609375,25.788330078125,0.19195556640625,6.0458984375,76.9754638671875,-145.3896484375,17.615966796875,-105.70565795898438,-3.1761093139648438,-96.9618148803711,98.01588439941406,71.71468353271484,-5.1327033042907715,11.410524368286133,-3.1761093139648438,-96.9618148803711,98.01588439941406,71.71468353271484,-5.1327033042907715,11.410524368286133,1087.5263393066325,514.0292316268958,1601.5555709335283,573.4971076797367
22.04817116999766,-3.420375137918356,-97.13080168776371,97.94826048171274,69.56162117452439,-4.610575670747579,11.257406188281765,93.74365234375,134.54345703125,186.3209228515625,-87.697265625,-55.96795654296875,156.50830078125,-133.48828125,-44.7353515625,-72.71533203125,-184.41552734375,-154.6572265625,-126.225830078125,61.248046875,73.72793579101562,179.506103515625,-17.519981384277344,-24.431640625,-19.824615478515625,29.9541015625,23.664031982421875,39.1844482421875,36.62408447265625,162.623046875,21.916259765625,0.19195556640625,3.646484375,76.9754638671875,-152.5888671875,20.01593017578125,-105.70565795898438,-3.177684783935547,-96.9671401977539,98.01561737060547,71.71389770507812,-5.133126735687256,11.394636154174805,-3.177684783935547,-96.9671401977539,98.01561737060547,71.71389770507812,-5.133126735687256,11.394636154174805,1069.8569288778226,522.6120186829829,1592.4689475608056,547.2449101948397
22.08118799099975,-3.420375137918356,-97.13080168776371,97.94826048171274,69.56162117452439,-4.610575670747579,11.257406188281765,86.54345703125,134.54345703125,190.1929931640625,-87.697265625,-55.96795654296875,164.251953125,-138.288330078125,-39.93505859375,-72.71533203125,-177.215576171875,-159.45703125,-130.09765625,51.6484375,76.1279296875,175.634033203125,-19.91998291015625,-22.0316162109375,-8.208587646484375,37.1533203125,26.06402587890625,43.056396484375,39.02410888671875,165.0224609375,21.916259765625,4.991943359375,6.0458984375,73.10345458984375,-145.3896484375,22.41595458984375,-94.08966064453125,-3.1756677627563477,-96.95382690429688,98.005615234375,71.71633911132812,-5.124438762664795,11.400657653808594,-3.1756677627563477,-96.95382690429688,98.005615234375,71.71633911132812,-5.124438762664795,11.400657653808594,1074.068039059332,512.5044634129213,1586.5725024722533,561.5635756464108
22.115153489998193,-3.420375137918356,-97.13080168776371,97.94826048171274,69.56162117452439,-4.610575670747579,11.257406188281765,88.943603515625,132.1435546875,182.4488525390625,-87.697265625,-48.76800537109375,156.50830078125,-135.88818359375,-39.93505859375,-68.84375,-179.615478515625,-159.45703125,-122.353759765625,51.6484375,78.52792358398438,179.506103515625,-17.519981384277344,-24.431640625,-19.824615478515625,32.353515625,23.664031982421875,39.1844482421875,34.22412109375,160.22265625,18.04443359375,0.19195556640625,8.4462890625,69.23147583007812,-150.189453125,15.2159423828125,-105.70565795898438,-3.1788902282714844,-96.95509338378906,98.01001739501953,71.71512603759766,-5.124958515167236,11.393760681152344,-3.1788902282714844,-96.95509338378906,98.01001739501953,71.71512603759766,-5.124958515167236,11.393760681152344,1057.7700358535812,510.9279037282412,1568.6979395818225,546.8421321253401
22.156387096998515,-3.420375137918356,-97.13080168776371,97.94826048171274,69.56162117452439,-4.610575670747579,11.257406188281765,93.74365234375,134.54345703125,190.1929931640625,-94.8974609375,-58.36798095703125,164.251953125,-140.688232421875,-39.93505859375,-72.71533203125,-179.615478515625,-161.85693359375,-122.353759765625,56.4482421875,73.72793579101562,187.25,-15.119987487792969,-17.231689453125,-19.824615478515625,27.5537109375,26.06402587890625,50.8004150390625,36.62408447265625,165.0224609375,18.04443359375,-2.20806884765625,10.8466796875,73.10345458984375,-142.9892578125,17.615966796875,-113.44964599609375,-3.17242431640625,-96.9415283203125,98.00386047363281,71.71687316894531,-5.122244358062744,11.393381118774414,-3.17242431640625,-96.9415283203125,98.00386047363281,71.71687316894531,-5.122244358062744,11.393381118774414,1092.910449547423,521.0167505501847,1613.9272000976077,571.8936989972383
22.184155611997994,-3.420375137918356,-97.13080168776371,97.94826048171274,69.56162117452439,-4.610575670747579,11.257406188281765,91.343505859375,132.1435546875,186.3209228515625,-92.4970703125,-55.96795654296875,164.251953125,-133.48828125,-39.93505859375,-68.84375,-179.615478515625,-159.45703125,-126.225830078125,56.4482421875,76.1279296875,183.3779296875,-15.119987487792969,-24.431640625,-15.952606201171875,37.1533203125,23.664031982421875,50.8004150390625,41.42413330078125,155.4228515625,25.788330078125,-2.20806884765625,10.8466796875,73.10345458984375,-145.3896484375,17.615966796875,-113.44964599609375,-3.173712730407715,-96.94223022460938,98.00422668457031,71.7187728881836,-5.121934413909912,11.3984375,-3.173712730407715,-96.94223022460938,98.00422668457031,71.7187728881836,-5.121934413909912,11.3984375,1075.8152714652674,522.1961073654678,1598.0113788307353,553.6191640997996
22.213938226999744,-3.420375137918356,-97.13080168776371,97.94826048171274,69.56162117452439,-4.610575670747579,11.257406188281765,86.54345703125,134.54345703125,186.3209228515625,-94.8974609375,-55.96795654296875,156.50830078125,-133.48828125,-35.13525390625,-64.9716796875,-179.615478515625,-159.45703125,-122.353759765625,51.6484375,76.1279296875,179.506103515625,-17.519981384277344,-22.0316162109375,-15.952606201171875,34.75390625,26.06402587890625,46.928466796875,36.62408447265625,157.8232421875,25.788330078125,0.19195556640625,10.8466796875,69.23147583007812,-142.9892578125,17.615966796875,-101.83364868164062,-3.174304962158203,-96.95266723632812,98.00143432617188,71.71835327148438,-5.121490955352783,11.388265609741211,-3.174304962158203,-96.95266723632812,98.00143432617188,71.71835327148438,-5.121490955352783,11.388265609741211,1060.7925728928674,506.86288374129197,1567.6554566341592,553.9296891515754
22.250716546997864,-3.420375137918356,-97.13080168776371,97.94826048171274,69.56162117452439,-4.610575670747579,11.257406188281765,86.54345703125,136.943359375,186.3209228515625,-92.4970703125,-53.5679931640625,156.50830078125,-138.288330078125,-35.13525390625,-64.9716796875,-182.015625,-164.25732421875,-118.481689453125,51.6484375,80.92791748046875,179.506103515625,-19.91998291015625,-22.0316162109375,-15.952606201171875,39.5537109375,21.2640380859375,46.928466796875,41.42413330078125,155.4228515625,18.04443359375,-2.20806884765625,13.24609375,69.23147583007812,-145.3896484375,15.2159423828125,-101.83364868164062,-3.174128532409668,-96.94208526611328,98.00000762939453,71.72045135498047,-5.121424198150635,11.403051376342773,-3.174128532409668,-96.94208526611328,98.00000762939453,71.72045135498047,-5.121424198150635,11.403051376342773,1069.07054331913,509.20392572987066,1578.2744690490006,559.8666175892592
22.283373523998307,-3.420375137918356,-97.13080168776371,97.94826048171274,69.56162117452439,-4.610575670747579,11.257406188281765,86.54345703125,132.1435546875,186.3209228515625,-97.2978515625,-53.5679931640625,160.3798828125,-131.088134765625,-35.13525390625,-68.84375,-177.215576171875,-157.05712890625,-122.353759765625,51.6484375,76.1279296875,175.634033203125,-17.519981384277344,-22.0316162109375,-19.824615478515625,44.353515625,23.664031982421875,43.056396484375,34.22412109375,157.8232421875,21.916259765625,0.19195556640625,10.8466796875,73.10345458984375,-135.7890625,20.01593017578125,-101.83364868164062,-3.174528121948242,-96.94607543945312,98.0057144165039,71.71600341796875,-5.126380443572998,11.384307861328125,-3.174528121948242,-96.94607543945312,98.0057144165039,71.71600341796875,-5.126380443572998,11.384307861328125,1056.338005121216,508.40202381910865,1564.7400289403245,547.9359813021073
22.31433436899897,-3.420375137918356,-97.13080168776371,97.94826048171274,69.56162117452439,-4.610575670747579,11.257406188281765,81.74365234375,132.1435546875,182.4488525390625,-94.8974609375,-51.16796875,160.3798828125,-133.48828125,-39.93505859375,-72.71533203125,-177.215576171875,-166.6572265625,-126.225830078125,49.248046875,73.72793579101562,179.506103515625,-12.719985961914062,-14.8316650390625,-8.208587646484375,41.9541015625,26.06402587890625,46.928466796875,41.42413330078125,153.0224609375,18.04443359375,-2.20806884765625,15.646484375,76.9754638671875,-140.5888671875,20.01593017578125,-105.70565795898438,-3.1716346740722656,-96.94438171386719,98.00640106201172,71.71751403808594,-5.116958141326904,11.393386840820312,-3.1716346740722656,-96.94438171386719,98.00640106201172,71.71751403808594,-5.116958141326904,11.393386840820312,1064.3416384558632,504.48806498552096,1568.829703441384,559.8535734703422
22.353417988997535,-3.420375137918356,-97.13080168776371,97.94826048171274,69.56162117452439,-4.610575670747579,11.257406188281765,84.1435546875,129.74365234375,186.3209228515625,-97.2978515625,-53.5679931640625,156.50830078125,-135.88818359375,-32.7353515625,-72.71533203125,-172.41552734375,-161.85693359375,-118.481689453125,56.4482421875,78.52792358398438,175.634033203125,-12.719985961914062,-14.8316650390625,-15.952606201171875,39.5537109375,28.46405029296875,50.8004150390625,39.02410888671875,157.8232421875,18.04443359375,0.19195556640625,15.646484375,73.10345458984375,-135.7890625,17.615966796875,-105.70565795898438,-3.174515724182129,-96.93385314941406,97.9985122680664,71.7220687866211,-5.1227288246154785,11.393861770629883,-3.174515724182129,-96.93385314941406,97.9985122680664,71.7220687866211,-5.1227288246154785,11.393861770629883,1056.6125353530451,506.93442677376925,1563.5469621268144,549.6781085792759
22.381476695998572,-3.420375137918356,-97.13080168776371,97.94826048171274,69.56162117452439,-4.610575670747579,11.257406188281765,86.54345703125,132.1435546875,178.5767822265625,-97.2978515625,-51.16796875,156.50830078125,-135.88818359375,-35.13525390625,-68.84375,-174.8154296875,-161.85693359375,-122.353759765625,46.8486328125,76.1279296875,167.89013671875,-17.519981384277344,-17.231689453125,-15.952606201171875,41.9541015625,26.06402587890625,43.056396484375,36.62408447265625,160.22265625,18.04443359375,0.19195556640625,18.0458984375,76.9754638671875,-138.189453125,15.2159423828125,-101.83364868164062,-3.173407554626465,-96.9395751953125,97.99898529052734,71.7223892211914,-5.11787748336792,11.394697189331055,-3.173407554626465,-96.9395751953125,97.99898529052734,71.7223892211914,-5.11787748336792,11.394697189331055,1044.0297621238121,511.55780051803384,1555.587562641846,532.4719616057782
22.41933007300031,-3.420375137918356,-97.13080168776371,97.94826048171274,69.56162117452439,-4.610575670747579,11.257406188281765,84.1435546875,132.1435546875,182.4488525390625,-99.697265625,-51.16796875,152.63623046875,-133.48828125,-35.13525390625,-61.099609375,-172.41552734375,-161.85693359375,-122.353759765625,46.8486328125,78.52792358398438,171.761962890625,-17.519981384277344,-19.631591796875,-15.952606201171875,41.9541015625,28.46405029296875,50.8004150390625,39.02410888671875,155.4228515625,21.916259765625,4.991943359375,15.646484375,76.9754638671875,-138.189453125,15.2159423828125,-97.961669921875,-3.1739349365234375,-96.9276123046875,97.9924087524414,71.72332763671875,-5.1184000968933105,11.400842666625977,-3.1739349365234375,-96.9276123046875,97.9924087524414,71.72332763671875,-5.1184000968933105,11.400842666625977,1041.6336512942403,513.0598462394038,1554.693497533644,528.5738050548365
22.448307720998855,-3.420375137918356,-97.13080168776371,97.94826048171274,69.56162117452439,-4.610575670747579,11.257406188281765,86.54345703125,132.1435546875,178.5767822265625,-97.2978515625,-53.5679931640625,152.63623046875,-133.48828125,-32.7353515625,-64.9716796875,-179.615478515625,-164.25732421875,-122.353759765625,46.8486328125,73.72793579101562,175.634033203125,-10.319984436035156,-17.231689453125,-12.080596923828125,46.75390625,26.06402587890625,43.056396484375,39.02410888671875,157.8232421875,21.916259765625,0.19195556640625,13.24609375,76.9754638671875,-138.189453125,15.2159423828125,-109.57766723632812,-3.171682357788086,-96.92964935302734,97.99612426757812,71.720947265625,-5.11782693862915,11.391931533813477,-3.171682357788086,-96.92964935302734,97.99612426757812,71.720947265625,-5.11782693862915,11.391931533813477,1047.7888362096355,511.305787279729,1559.0946234893645,536.4830489299065
22.481093749000138,-3.420375137918356,-97.13080168776371,97.94826048171274,69.56162117452439,-4.610575670747579,11.257406188281765,81.74365234375,129.74365234375,182.4488525390625,-94.8974609375,-51.16796875,156.50830078125,-131.088134765625,-39.93505859375,-72.71533203125,-179.615478515625,-164.25732421875,-122.353759765625,49.248046875,73.72793579101562,175.634033203125,-15.119987487792969,-19.631591796875,-15.952606201171875,41.9541015625,26.06402587890625,43.056396484375,34.22412109375,155.4228515625,18.04443359375,0.19195556640625,15.646484375,73.10345458984375,-138.189453125,15.2159423828125,-97.961669921875,-3.174285888671875,-96.94123077392578,97.99779510498047,71.72208404541016,-5.117717266082764,11.401065826416016,-3.174285888671875,-96.94123077392578,97.99779510498047,71.72208404541016,-5.117717266082764,11.401065826416016,1052.6808977970497,499.9908095310805,1552.6717073281302,552.6900882659693
22.519805231000646,-3.420375137918356,-97.13080168776371,97.94826048171274,69.56162117452439,-4.610575670747579,11.257406188281765,79.343505859375,129.74365234375,182.4488525390625,-104.4970703125,-51.16796875,152.63623046875,-135.88818359375,-32.7353515625,-68.84375,-177.215576171875,-166.6572265625,-122.353759765625,44.4482421875,76.1279296875,171.761962890625,-17.519981384277344,-12.431640625,-23.69659423828125,46.75390625,26.06402587890625,54.6724853515625,34.22412109375,148.22265625,14.17236328125,-2.20806884765625,18.0458984375,73.10345458984375,-135.7890625,15.2159423828125,-105.70565795898438,-3.171480178833008,-96.93231201171875,97.99751281738281,71.72240447998047,-5.116980075836182,11.396356582641602,-3.171480178833008,-96.93231201171875,97.99751281738281,71.72240447998047,-5.116980075836182,11.396356582641602,1050.6257890036143,509.3636958216468,1559.9894848252611,541.2620931819674
22.548623450999003,-3.420375137918356,-97.13080168776371,97.94826048171274,69.56162117452439,-4.610575670747579,11.257406188281765,84.1435546875,136.943359375,178.5767822265625,-104.4970703125,-53.5679931640625,148.76416015625,-131.088134765625,-30.33544921875,-68.84375,-174.8154296875,-159.45703125,-122.353759765625,46.8486328125,68.92791748046875,171.761962890625,-17.519981384277344,-12.431640625,-15.952606201171875,46.75390625,28.46405029296875,46.928466796875,36.62408447265625,157.8232421875,14.17236328125,-2.20806884765625,18.0458984375,73.10345458984375,-128.5888671875,17.615966796875,-105.70565795898438,-3.170477867126465,-96.92781066894531,98.00071716308594,71.72227478027344,-5.11106538772583,11.402318954467773,-3.170477867126465,-96.92781066894531,98.00071716308594,71.72227478027344,-5.11106538772583,11.402318954467773,1038.2159437655434,504.21280423996643,1542.42874800551,534.003139525577
22.58343247299854,-3.420375137918356,-97.13080168776371,97.94826048171274,69.56162117452439,-4.610575670747579,11.257406188281765,79.343505859375,127.34326171875,178.5767822265625,-99.697265625,-55.96795654296875,156.50830078125,-133.48828125,-32.7353515625,-68.84375,-177.215576171875,-164.25732421875,-118.481689453125,44.4482421875,71.32794189453125,167.89013671875,-12.719985961914062,-17.231689453125,-19.824615478515625,46.75390625,30.864044189453125,50.8004150390625,36.62408447265625,153.0224609375,21.916259765625,4.991943359375,15.646484375,69.23147583007812,-130.9892578125,17.615966796875,-105.70565795898438,-3.1682939529418945,-96.92506408691406,97.99594116210938,71.72601318359375,-5.111362934112549,11.404407501220703,-3.1682939529418945,-96.92506408691406,97.99594116210938,71.72601318359375,-5.111362934112549,11.404407501220703,1037.651257527352,504.06616667671807,1541.71742420407,533.5850908506341
22.614731379999284,-3.420375137918356,-97.13080168776371,97.94826048171274,69.56162117452439,-4.610575670747579,11.257406188281765,79.343505859375,132.1435546875,178.5767822265625,-106.8974609375,-48.76800537109375,148.76416015625,-135.88818359375,-30.33544921875,-76.58740234375,-177.215576171875,-166.6572265625,-126.225830078125,44.4482421875,68.92791748046875,175.634033203125,-12.719985961914062,-17.231689453125,-23.69659423828125,49.1533203125,26.06402587890625,46.928466796875,31.8240966796875,153.0224609375,14.17236328125,0.19195556640625,18.0458984375,73.10345458984375,-133.3896484375,17.615966796875,-101.83364868164062,-3.171192169189453,-96.91307067871094,97.99115753173828,71.72300720214844,-5.115339756011963,11.39132308959961,-3.171192169189453,-96.91307067871094,97.99115753173828,71.72300720214844,-5.115339756011963,11.39132308959961,1052.2791843972454,505.7026072662152,1557.9817916634606,546.5765771310303
22.647325040998112,-3.420375137918356,-97.13080168776371,97.94826048171274,69.56162117452439,-4.610575670747579,11.257406188281765,86.54345703125,124.943359375,186.3209228515625,-102.09765625,-55.96795654296875,148.76416015625,-131.088134765625,-27.93505859375,-68.84375,-170.015625,-161.85693359375,-118.481689453125,46.8486328125,78.52792358398438,175.634033203125,-12.719985961914062,-17.231689453125,-15.952606201171875,46.75390625,28.46405029296875,50.8004150390625,39.02410888671875,150.623046875,18.04443359375,0.19195556640625,15.646484375,69.23147583007812,-130.9892578125,12.81597900390625,-105.70565795898438,-3.1688232421875,-96.91818237304688,97.9937973022461,71.72478485107422,-5.108296871185303,11.394153594970703,-3.1688232421875,-96.91818237304688,97.9937973022461,71.72478485107422,-5.108296871185303,11.394153594970703,1040.996890690055,497.80889619168005,1538.805786881735,543.1879944983748
22.690565766999498,-3.420375137918356,-97.13080168776371,97.94826048171274,69.56162117452439,-4.610575670747579,11.257406188281765,79.343505859375,127.34326171875,178.5767822265625,-104.4970703125,-53.5679931640625,148.76416015625,-128.688232421875,-32.7353515625,-68.84375,-174.8154296875,-164.25732421875,-114.609619140625,44.4482421875,73.72793579101562,175.634033203125,-12.719985961914062,-17.231689453125,-19.824615478515625,53.9541015625,23.664031982421875,46.928466796875,36.62408447265625,153.0224609375,25.788330078125,0.19195556640625,13.24609375,76.9754638671875,-123.7890625,17.615966796875,-105.70565795898438,-3.1698036193847656,-96.92300415039062,97.99578857421875,71.72796630859375,-5.107842922210693,11.400943756103516,-3.1698036193847656,-96.92300415039062,97.99578857421875,71.72796630859375,-5.107842922210693,11.400943756103516,1033.7869588831707,505.7873614510504,1539.574320334221,527.9995974321203
22.715667288997793,-3.420375137918356,-97.13080168776371,97.94826048171274,69.56162117452439,-4.610575670747579,11.257406188281765,84.1435546875,127.34326171875,174.7049560546875,-106.8974609375,-51.16796875,148.76416015625,-131.088134765625,-32.7353515625,-64.9716796875,-172.41552734375,-166.6572265625,-114.609619140625,44.4482421875,76.1279296875,179.506103515625,-19.91998291015625,-22.0316162109375,-15.952606201171875,53.9541015625,28.46405029296875,50.8004150390625,36.62408447265625,153.0224609375,21.916259765625,2.5919189453125,15.646484375,73.10345458984375,-126.189453125,15.2159423828125,-101.83364868164062,-3.1688222885131836,-96.91093444824219,97.99002075195312,71.7240982055664,-5.108035564422607,11.396175384521484,-3.1688222885131836,-96.91093444824219,97.99002075195312,71.7240982055664,-5.108035564422607,11.396175384521484,1037.8712316998358,509.6328748049419,1547.5041065047776,528.238356894894
22.753851630997815,-3.420375137918356,-97.13080168776371,97.94826048171274,69.56162117452439,-4.610575670747579,11.257406188281765,81.74365234375,127.34326171875,178.5767822265625,-102.09765625,-53.5679931640625,148.76416015625,-133.48828125,-32.7353515625,-64.9716796875,-174.8154296875,-166.6572265625,-122.353759765625,39.6484375,71.32794189453125,167.89013671875,-17.519981384277344,-19.631591796875,-15.952606201171875,51.5537109375,26.06402587890625,46.928466796875,36.62408447265625,153.0224609375,14.17236328125,2.5919189453125,22.8466796875,76.9754638671875,-126.189453125,17.615966796875,-97.961669921875,-3.1720714569091797,-96.90451049804688,97.98721313476562,71.72380828857422,-5.110432147979736,11.387292861938477,-3.1720714569091797,-96.90451049804688,97.98721313476562,71.72380828857422,-5.110432147979736,11.387292861938477,1031.7308939801064,504.2342144066629,1535.9651083867693,527.4966795734435
22.784366683998087,-3.420375137918356,-97.13080168776371,97.94826048171274,69.56162117452439,-4.610575670747579,11.257406188281765,79.343505859375,124.943359375,174.7049560546875,-106.8974609375,-51.16796875,144.89208984375,-135.88818359375,-30.33544921875,-64.9716796875,-174.8154296875,-166.6572265625,-114.609619140625,42.0478515625,76.1279296875,175.634033203125,-12.719985961914062,-14.8316650390625,-19.824615478515625,51.5537109375,23.664031982421875,50.8004150390625,41.42413330078125,145.8232421875,18.04443359375,2.5919189453125,18.0458984375,65.35946655273438,-128.5888671875,17.615966796875,-101.83364868164062,-3.169313430786133,-96.9124755859375,97.99304962158203,71.72427368164062,-5.1113362312316895,11.399587631225586,-3.169313430786133,-96.9124755859375,97.99304962158203,71.72427368164062,-5.1113362312316895,11.399587631225586,1033.1311411450072,489.47135282709047,1522.6024939720976,543.6597883179168
22.81446030599909,-3.420375137918356,-97.13080168776371,97.94826048171274,69.56162117452439,-4.610575670747579,11.257406188281765,79.343505859375,122.54345703125,174.7049560546875,-102.09765625,-51.16796875,144.89208984375,-131.088134765625,-30.33544921875,-64.9716796875,-172.41552734375,-161.85693359375,-122.353759765625,42.0478515625,73.72793579101562,167.89013671875,-15.119987487792969,-14.8316650390625,-19.824615478515625,53.9541015625,30.864044189453125,50.8004150390625,39.02410888671875,145.8232421875,18.04443359375,-4.60809326171875,18.0458984375,73.10345458984375,-126.189453125,17.615966796875,-101.83364868164062,-3.1696949005126953,-96.91073608398438,97.98916625976562,71.72564697265625,-5.110747814178467,11.396247863769531,-3.1696949005126953,-96.91073608398438,97.98916625976562,71.72564697265625,-5.110747814178467,11.396247863769531,1015.9630961632557,499.86291112736905,1515.8260072906248,516.1001850358866
22.850184924998757,-3.420375137918356,-97.13080168776371,97.94826048171274,69.56162117452439,-4.610575670747579,11.257406188281765,81.74365234375,127.34326171875,178.5767822265625,-106.8974609375,-48.76800537109375,148.76416015625,-131.088134765625,-30.33544921875,-61.099609375,-172.41552734375,-164.25732421875,-118.481689453125,37.248046875,71.32794189453125,167.89013671875,-15.119987487792969,-17.231689453125,-23.69659423828125,56.353515625,28.46405029296875,50.8004150390625,36.62408447265625,150.623046875,21.916259765625,-2.20806884765625,20.4462890625,76.9754638671875,-128.5888671875,15.2159423828125,-97.961669921875,-3.1681928634643555,-96.9034194946289,97.99179077148438,71.72457885742188,-5.105108737945557,11.39863395690918,-3.1681928634643555,-96.9034194946289,97.99179077148438,71.72457885742188,-5.105108737945557,11.39863395690918,1023.5699818457437,512.6011970729065,1536.1711789186502,510.9687847728371
22.88578168299864,-3.420375137918356,-97.13080168776371,97.94826048171274,69.56162117452439,-4.610575670747579,11.257406188281765,76.943603515625,124.943359375,170.8328857421875,-104.4970703125,-51.16796875,152.63623046875,-131.088134765625,-27.93505859375,-72.71533203125,-170.015625,-166.6572265625,-114.609619140625,37.248046875,73.72793579101562,160.14599609375,-15.119987487792969,-17.231689453125,-15.952606201171875,53.9541015625,26.06402587890625,54.6724853515625,36.62408447265625,148.22265625,14.17236328125,0.19195556640625,20.4462890625,76.9754638671875,-123.7890625,20.01593017578125,-105.70565795898438,-3.167905807495117,-96.91035461425781,97.98512268066406,71.72819519042969,-5.107642650604248,11.399629592895508,-3.167905807495117,-96.91035461425781,97.98512268066406,71.72819519042969,-5.107642650604248,11.399629592895508,1014.0321945724498,506.0307336170228,1520.0629281894726,508.00146095542704
22.91522559800069,-3.420375137918356,-97.13080168776371,97.94826048171274,69.56162117452439,-4.610575670747579,11.257406188281765,76.943603515625,124.943359375,182.4488525390625,-109.2978515625,-51.16796875,152.63623046875,-131.088134765625,-30.33544921875,-61.099609375,-174.8154296875,-169.05712890625,-118.481689453125,37.248046875,71.32794189453125,164.01806640625,-15.119987487792969,-17.231689453125,-15.952606201171875,51.5537109375,30.864044189453125,50.8004150390625,39.02410888671875,148.22265625,14.17236328125,0.19195556640625,20.4462890625,73.10345458984375,-121.3896484375,17.615966796875,-97.961669921875,-3.167729377746582,-96.90022277832031,97.9906234741211,71.72827911376953,-5.10369348526001,11.41926383972168,-3.167729377746582,-96.90022277832031,97.9906234741211,71.72827911376953,-5.10369348526001,11.41926383972168,1029.7001292502323,493.4275554912585,1523.1276847414908,536.2725737589737
22.95137221799814,-3.420375137918356,-97.13080168776371,97.94826048171274,69.56162117452439,-4.610575670747579,11.257406188281765,81.74365234375,127.34326171875,174.7049560546875,-109.2978515625,-51.16796875,148.76416015625,-128.688232421875,-25.53515625,-64.9716796875,-172.41552734375,-169.05712890625,-114.609619140625,42.0478515625,73.72793579101562,167.89013671875,-12.719985961914062,-12.431640625,-15.952606201171875,56.353515625,26.06402587890625,54.6724853515625,39.02410888671875,148.22265625,21.916259765625,-2.20806884765625,20.4462890625,73.10345458984375,-128.5888671875,12.81597900390625,-105.70565795898438,-3.1685237884521484,-96.90530395507812,97.99102783203125,71.7268295288086,-5.1099772453308105,11.400482177734375,-3.1685237884521484,-96.90530395507812,97.99102783203125,71.7268295288086,-5.1099772453308105,11.400482177734375,1024.503525906795,504.3472160878274,1528.8507419946222,520.1563098189675
22.982458254999074,-3.420375137918356,-97.13080168776371,97.94826048171274,69.56162117452439,-4.610575670747579,11.257406188281765,81.74365234375,127.34326171875,166.9608154296875,-106.8974609375,-46.36798095703125,148.76416015625,-126.288330078125,-25.53515625,-64.9716796875,-170.015625,-171.45703125,-118.481689453125,37.248046875,78.52792358398438,167.89013671875,-12.719985961914062,-14.8316650390625,-12.080596923828125,58.75390625,28.46405029296875,46.928466796875,29.42413330078125,148.22265625,14.17236328125,2.5919189453125,20.4462890625,69.23147583007812,-121.3896484375,15.2159423828125,-101.83364868164062,-3.171877861022949,-96.90080261230469,97.99005126953125,71.72482299804688,-5.108361721038818,11.397506713867188,-3.171877861022949,-96.90080261230469,97.99005126953125,71.72482299804688,-5.108361721038818,11.397506713867188,1016.61087347393,486.5626462677807,1503.1735197417106,530.0482272061494
23.01731273399855,-3.420375137918356,-97.13080168776371,97.94826048171274,69.56162117452439,-4.610575670747579,11.19157340355497,69.74365234375,122.54345703125,174.7049560546875,-109.2978515625,-53.5679931640625,144.89208984375,-128.688232421875,-27.93505859375,-72.71533203125,-172.41552734375,-166.6572265625,-118.481689453125,34.8486328125,76.1279296875,160.14599609375,-12.719985961914062,-14.8316650390625,-15.952606201171875,53.9541015625,28.46405029296875,43.056396484375,36.62408447265625,145.8232421875,14.17236328125,2.5919189453125,20.4462890625,80.84747314453125,-121.3896484375,17.615966796875,-105.70565795898438,-3.1681251525878906,-96.90185546875,97.98726654052734,71.72774505615234,-5.105288028717041,11.39834213256836,-3.1681251525878906,-96.90185546875,97.98726654052734,71.72774505615234,-5.105288028717041,11.39834213256836,1012.3475826811995,496.26669260862354,1508.6142752898231,516.0808900725759
23.05150822900032,-3.420375137918356,-97.13080168776371,97.94826048171274,69.56162117452439,-4.610575670747579,11.19157340355497,74.54345703125,122.54345703125,170.8328857421875,-114.09765625,-48.76800537109375,144.89208984375,-128.688232421875,-30.33544921875,-61.099609375,-170.015625,-166.6572265625,-114.609619140625,39.6484375,71.32794189453125,167.89013671875,-12.719985961914062,-12.431640625,-19.824615478515625,63.5537109375,26.06402587890625,54.6724853515625,36.62408447265625,145.8232421875,14.17236328125,0.19195556640625,20.4462890625,73.10345458984375,-123.7890625,17.615966796875,-105.70565795898438,-3.1659603118896484,-96.89686584472656,97.98593139648438,71.7242202758789,-5.10564661026001,11.38229751586914,-3.1659603118896484,-96.89686584472656,97.98593139648438,71.7242202758789,-5.10564661026001,11.38229751586914,1010.3755904846156,505.0845001047396,1515.4600905893553,505.291090379876
23.084280678998766,-3.420375137918356,-97.13080168776371,97.94826048171274,69.56162117452439,-4.610575670747579,11.19157340355497,76.943603515625,122.54345703125,174.7049560546875,-111.697265625,-48.76800537109375,141.02001953125,-131.088134765625,-27.93505859375,-61.099609375,-170.015625,-164.25732421875,-114.609619140625,39.6484375,76.1279296875,164.01806640625,-15.119987487792969,-19.631591796875,-19.824615478515625,58.75390625,26.06402587890625,58.54443359375,39.02410888671875,148.22265625,14.17236328125,-4.60809326171875,25.24609375,80.84747314453125,-121.3896484375,12.81597900390625,-97.961669921875,-3.168869972229004,-96.89881896972656,97.98851776123047,71.72406768798828,-5.108114719390869,11.378568649291992,-3.168869972229004,-96.89881896972656,97.98851776123047,71.72406768798828,-5.108114719390869,11.378568649291992,1008.3757111618805,513.9380739284649,1522.3137850903454,494.43763723341567
23.119865746997675,-3.420375137918356,-97.13080168776371,97.94826048171274,69.56162117452439,-4.610575670747579,11.19157340355497,76.943603515625,122.54345703125,170.8328857421875,-111.697265625,-51.16796875,141.02001953125,-126.288330078125,-27.93505859375,-57.2275390625,-167.615478515625,-164.25732421875,-118.481689453125,34.8486328125,68.92791748046875,164.01806640625,-15.119987487792969,-14.8316650390625,-19.824615478515625,58.75390625,28.46405029296875,46.928466796875,34.22412109375,141.0224609375,21.916259765625,-2.20806884765625,25.24609375,73.10345458984375,-114.189453125,17.615966796875,-109.57766723632812,-3.1713647842407227,-96.89448547363281,97.98404693603516,71.72492218017578,-5.101229190826416,11.381586074829102,-3.1713647842407227,-96.89448547363281,97.98404693603516,71.72492218017578,-5.101229190826416,11.381586074829102,996.5334247129799,492.78394062956545,1489.3173653425454,503.7494840834145
23.15252435399816,-3.420375137918356,-97.13080168776371,97.94826048171274,69.56162117452439,-4.610575670747579,11.19157340355497,74.54345703125,122.54345703125,166.9608154296875,-114.09765625,-48.76800537109375,144.89208984375,-126.288330078125,-25.53515625,-61.099609375,-167.615478515625,-171.45703125,-118.481689453125,37.248046875,76.1279296875,167.89013671875,-15.119987487792969,-12.431640625,-12.080596923828125,63.5537109375,28.46405029296875,54.6724853515625,36.62408447265625,145.8232421875,18.04443359375,0.19195556640625,22.8466796875,76.9754638671875,-121.3896484375,12.81597900390625,-101.83364868164062,-3.1689186096191406,-96.88639831542969,97.98758697509766,71.72425079345703,-5.099838733673096,11.374834060668945,-3.1689186096191406,-96.88639831542969,97.98758697509766,71.72425079345703,-5.099838733673096,11.374834060668945,1008.992865690928,502.2270472676852,1511.2199129586133,506.7658184232429
23.187003873998037,-3.420375137918356,-97.13080168776371,97.94826048171274,69.56162117452439,-4.610575670747579,11.19157340355497,76.943603515625,120.1435546875,166.9608154296875,-114.09765625,-46.36798095703125,148.76416015625,-126.288330078125,-23.13525390625,-61.099609375,-165.215576171875,-169.05712890625,-106.86572265625,32.4482421875,76.1279296875,160.14599609375,-17.519981384277344,-12.431640625,-12.080596923828125,65.9541015625,30.864044189453125,46.928466796875,39.02410888671875,141.0224609375,14.17236328125,4.991943359375,22.8466796875,76.9754638671875,-116.5888671875,15.2159423828125,-97.961669921875,-3.16562557220459,-96.89016723632812,97.9927978515625,71.72627258300781,-5.099205493927002,11.393354415893555,-3.16562557220459,-96.89016723632812,97.9927978515625,71.72627258300781,-5.099205493927002,11.393354415893555,994.6116822507017,491.772172595358,1486.3838548460596,502.83950965534376
23.219315873997402,-3.420375137918356,-97.13080168776371,97.94826048171274,69.56162117452439,-4.610575670747579,11.19157340355497,72.1435546875,120.1435546875,178.5767822265625,-111.697265625,-43.96795654296875,141.02001953125,-126.288330078125,-25.53515625,-57.2275390625,-170.015625,-169.05712890625,-114.609619140625,32.4482421875,73.72793579101562,160.14599609375,-10.319984436035156,-10.0316162109375,-15.952606201171875,63.5537109375,30.864044189453125,54.6724853515625,39.02410888671875,141.0224609375,14.17236328125,0.19195556640625,22.8466796875,65.35946655273438,-118.9892578125,15.2159423828125,-101.83364868164062,-3.1723861694335938,-96.88568115234375,97.98809051513672,71.7247543334961,-5.1035075187683105,11.382213592529297,-3.1723861694335938,-96.88568115234375,97.98809051513672,71.7247543334961,-5.1035075187683105,11.382213592529297,998.1828902430897,484.4184825276744,1482.601372770764,513.7644077154152
23.252350554997975,-3.420375137918356,-97.13080168776371,97.94826048171274,69.56162117452439,-4.610575670747579,11.19157340355497,76.943603515625,122.54345703125,174.7049560546875,-109.2978515625,-48.76800537109375,141.02001953125,-126.288330078125,-30.33544921875,-61.099609375,-172.41552734375,-164.25732421875,-106.86572265625,32.4482421875,71.32794189453125,152.402099609375,-17.519981384277344,-14.8316650390625,-19.824615478515625,63.5537109375,28.46405029296875,50.8004150390625,36.62408447265625,148.22265625,10.30029296875,0.19195556640625,20.4462890625,73.10345458984375,-118.9892578125,12.81597900390625,-97.961669921875,-3.171722412109375,-96.88916778564453,97.98267364501953,71.72702026367188,-5.100132465362549,11.389837265014648,-3.171722412109375,-96.88916778564453,97.98267364501953,71.72702026367188,-5.100132465362549,11.389837265014648,987.7235050592135,500.12259147877637,1487.84609653799,487.6009135804371
23.29273578900029,-3.420375137918356,-97.13080168776371,97.94826048171274,69.56162117452439,-4.610575670747579,11.19157340355497,74.54345703125,115.34326171875,166.9608154296875,-116.4970703125,-48.76800537109375,137.14794921875,-126.288330078125,-20.7353515625,-61.099609375,-165.215576171875,-169.05712890625,-114.609619140625,34.8486328125,71.32794189453125,167.89013671875,-15.119987487792969,-12.431640625,-15.952606201171875,61.1533203125,26.06402587890625,58.54443359375,39.02410888671875,143.4228515625,14.17236328125,2.5919189453125,27.646484375,76.9754638671875,-118.9892578125,15.2159423828125,-109.57766723632812,-3.1687822341918945,-96.88783264160156,97.98373413085938,71.7265396118164,-5.101357936859131,11.392168045043945,-3.1687822341918945,-96.88783264160156,97.98373413085938,71.7265396118164,-5.101357936859131,11.392168045043945,992.8556610021244,507.4464243529753,1500.3020853550997,485.4092366491491
23.31882444800067,-3.420375137918356,-97.13080168776371,97.94826048171274,69.56162117452439,-4.610575670747579,11.19157340355497,79.343505859375,117.74365234375,170.8328857421875,-111.697265625,-48.76800537109375,144.89208984375,-123.88818359375,-23.13525390625,-57.2275390625,-172.41552734375,-169.05712890625,-114.609619140625,30.0478515625,73.72793579101562,156.27392578125,-12.719985961914062,-10.0316162109375,-8.208587646484375,65.9541015625,26.06402587890625,54.6724853515625,39.02410888671875,141.0224609375,10.30029296875,0.19195556640625,25.24609375,73.10345458984375,-114.189453125,12.81597900390625,-101.83364868164062,-3.167019844055176,-96.88726806640625,97.98841857910156,71.72927856445312,-5.099241733551025,11.398359298706055,-3.167019844055176,-96.88726806640625,97.98841857910156,71.72927856445312,-5.099241733551025,11.398359298706055,992.5570314563734,485.2675570148991,1477.8245884712724,507.2894744414742
23.35648425799809,-3.420375137918356,-97.13080168776371,97.94826048171274,69.56162117452439,-4.610575670747579,11.19157340355497,72.1435546875,117.74365234375,170.8328857421875,-114.09765625,-48.76800537109375,137.14794921875,-123.88818359375,-20.7353515625,-61.099609375,-170.015625,-171.45703125,-114.609619140625,30.0478515625,71.32794189453125,160.14599609375,-15.119987487792969,-17.231689453125,-15.952606201171875,68.353515625,35.664031982421875,50.8004150390625,36.62408447265625,143.4228515625,18.04443359375,4.991943359375,30.0458984375,69.23147583007812,-111.7890625,15.2159423828125,-105.70565795898438,-3.1659717559814453,-96.88398742675781,97.98584747314453,71.72581481933594,-5.09868860244751,11.386184692382812,-3.1659717559814453,-96.88398742675781,97.98584747314453,71.72581481933594,-5.09868860244751,11.386184692382812,989.4439306846946,499.6176730039824,1489.061603688677,489.82625768071216
23.391100829998322,-3.420375137918356,-97.13080168776371,97.94826048171274,69.56162117452439,-4.610575670747579,11.19157340355497,72.1435546875,117.74365234375,163.0889892578125,-118.8974609375,-48.76800537109375,141.02001953125,-123.88818359375,-18.33544921875,-61.099609375,-174.8154296875,-176.25732421875,-110.73779296875,32.4482421875,71.32794189453125,156.27392578125,-10.319984436035156,-14.8316650390625,-19.824615478515625,68.353515625,30.864044189453125,54.6724853515625,39.02410888671875,143.4228515625,10.30029296875,0.19195556640625,25.24609375,69.23147583007812,-114.189453125,17.615966796875,-101.83364868164062,-3.166057586669922,-96.87805938720703,97.98625183105469,71.72273254394531,-5.095625400543213,11.3662109375,-3.166057586669922,-96.87805938720703,97.98625183105469,71.72273254394531,-5.095625400543213,11.3662109375,990.483060559566,496.3310450011479,1486.8141055607139,494.15201555841804
23.424022933999368,-3.420375137918356,-97.13080168776371,97.94826048171274,69.56162117452439,-4.610575670747579,11.19157340355497,72.1435546875,115.34326171875,170.8328857421875,-118.8974609375,-51.16796875,141.02001953125,-121.48828125,-23.13525390625,-61.099609375,-167.615478515625,-169.05712890625,-114.609619140625,34.8486328125,66.52792358398438,164.01806640625,-15.119987487792969,-14.8316650390625,-12.080596923828125,65.9541015625,28.46405029296875,54.6724853515625,34.22412109375,141.0224609375,18.04443359375,0.19195556640625,22.8466796875,69.23147583007812,-111.7890625,15.2159423828125,-109.57766723632812,-3.1692991256713867,-96.88243865966797,97.97354125976562,71.7267837524414,-5.097973346710205,11.375862121582031,-3.1692991256713867,-96.88243865966797,97.97354125976562,71.7267837524414,-5.097973346710205,11.375862121582031,992.3591143538406,491.0691664416352,1483.4282807954758,501.2899479122054
23.463642405997234,-3.420375137918356,-97.13080168776371,97.94826048171274,69.56162117452439,-4.610575670747579,11.19157340355497,72.1435546875,117.74365234375,163.0889892578125,-118.8974609375,-46.36798095703125,141.02001953125,-126.288330078125,-20.7353515625,-57.2275390625,-167.615478515625,-173.85693359375,-114.609619140625,32.4482421875,68.92791748046875,156.27392578125,-10.319984436035156,-12.431640625,-19.824615478515625,65.9541015625,26.06402587890625,50.8004150390625,39.02410888671875,141.0224609375,18.04443359375,0.19195556640625,30.0458984375,69.23147583007812,-114.189453125,17.615966796875,-109.57766723632812,-3.1692895889282227,-96.87837219238281,97.99021911621094,71.72320556640625,-5.0995097160339355,11.372991561889648,-3.1692895889282227,-96.87837219238281,97.99021911621094,71.72320556640625,-5.0995097160339355,11.372991561889648,985.2493128957888,494.9491612038629,1480.1984740996518,490.30015169192586
23.49360976999742,-3.420375137918356,-97.13080168776371,97.94826048171274,69.56162117452439,-4.610575670747579,11.19157340355497,72.1435546875,120.1435546875,170.8328857421875,-121.2978515625,-51.16796875,133.27587890625,-126.288330078125,-23.13525390625,-57.2275390625,-167.615478515625,-178.6572265625,-110.73779296875,32.4482421875,73.72793579101562,152.402099609375,-15.119987487792969,-10.0316162109375,-15.952606201171875,75.5537109375,23.664031982421875,58.54443359375,36.62408447265625,141.0224609375,6.428466796875,0.19195556640625,27.646484375,73.10345458984375,-114.189453125,15.2159423828125,-97.961669921875,-3.166208267211914,-96.87842559814453,97.9825210571289,71.72776794433594,-5.0964837074279785,11.379802703857422,-3.166208267211914,-96.87842559814453,97.9825210571289,71.72776794433594,-5.0964837074279785,11.379802703857422,990.0823760696987,497.84610574330577,1487.9284818130045,492.23627032639297
23.5307999559991,-3.420375137918356,-97.13080168776371,97.94826048171274,69.56162117452439,-4.610575670747579,11.19157340355497,72.1435546875,122.54345703125,166.9608154296875,-123.697265625,-46.36798095703125,129.404296875,-123.88818359375,-23.13525390625,-64.9716796875,-165.215576171875,-171.45703125,-118.481689453125,32.4482421875,73.72793579101562,164.01806640625,-17.519981384277344,-10.0316162109375,-12.080596923828125,68.353515625,28.46405029296875,54.6724853515625,36.62408447265625,138.623046875,10.30029296875,-2.20806884765625,25.24609375,76.9754638671875,-114.189453125,17.615966796875,-101.83364868164062,-3.1681509017944336,-96.87068939208984,97.97675323486328,71.72549438476562,-5.093535900115967,11.372901916503906,-3.1681509017944336,-96.87068939208984,97.97675323486328,71.72549438476562,-5.093535900115967,11.372901916503906,994.7110302583512,494.36846189948096,1489.0794921578322,500.34256835887027
23.56546025499847,-3.420375137918356,-97.13080168776371,97.94826048171274,69.56162117452439,-4.610575670747579,11.19157340355497,69.74365234375,117.74365234375,170.8328857421875,-121.2978515625,-46.36798095703125,133.27587890625,-119.088134765625,-23.13525390625,-53.35546875,-162.8154296875,-173.85693359375,-106.86572265625,25.248046875,68.92791748046875,148.530029296875,-17.519981384277344,-14.8316650390625,-12.080596923828125,70.75390625,30.864044189453125,58.54443359375,41.42413330078125,143.4228515625,14.17236328125,0.19195556640625,27.646484375,69.23147583007812,-111.7890625,15.2159423828125,-97.961669921875,-3.161360740661621,-96.8819580078125,97.99601745605469,71.73345184326172,-5.092545032501221,11.406501770019531,-3.161360740661621,-96.8819580078125,97.99601745605469,71.73345184326172,-5.092545032501221,11.406501770019531,964.2415248341354,496.7409148821954,1460.9824397163306,467.50060995193996
23.607835142000113,-3.420375137918356,-97.13080168776371,97.94826048171274,69.56162117452439,-4.610575670747579,11.19157340355497,67.343505859375,115.34326171875,174.7049560546875,-121.2978515625,-46.36798095703125,133.27587890625,-126.288330078125,-23.13525390625,-61.099609375,-162.8154296875,-171.45703125,-106.86572265625,34.8486328125,71.32794189453125,156.27392578125,-15.119987487792969,-12.431640625,-15.952606201171875,80.353515625,30.864044189453125,50.8004150390625,39.02410888671875,143.4228515625,14.17236328125,-2.20806884765625,27.646484375,84.71945190429688,-114.189453125,10.41595458984375,-105.70565795898438,-3.1706953048706055,-96.8681640625,97.98269653320312,71.72460174560547,-5.095033168792725,11.363954544067383,-3.1706953048706055,-96.8681640625,97.98269653320312,71.72460174560547,-5.095033168792725,11.363954544067383,982.933461990238,519.6095508023287,1502.5430127925667,463.3239111879093
23.63141520499994,-3.420375137918356,-97.13080168776371,97.94826048171274,69.56162117452439,-4.610575670747579,11.19157340355497,72.1435546875,117.74365234375,159.2169189453125,-118.8974609375,-48.76800537109375,137.14794921875,-121.48828125,-20.7353515625,-57.2275390625,-165.215576171875,-171.45703125,-110.73779296875,30.0478515625,76.1279296875,167.89013671875,-15.119987487792969,-12.431640625,-8.208587646484375,70.75390625,28.46405029296875,58.54443359375,36.62408447265625,141.0224609375,10.30029296875,-4.60809326171875,30.0458984375,69.23147583007812,-109.3896484375,15.2159423828125,-101.83364868164062,-3.1657533645629883,-96.87196350097656,97.98377990722656,71.72721099853516,-5.09567403793335,11.371763229370117,-3.1657533645629883,-96.87196350097656,97.98377990722656,71.72721099853516,-5.09567403793335,11.371763229370117,983.9603736402419,489.2709736039585,1473.2313472442004,494.68940003628336
23.67190438599937,-3.420375137918356,-97.13080168776371,97.94826048171274,69.56162117452439,-4.610575670747579,11.19157340355497,64.943603515625,117.74365234375,166.9608154296875,-121.2978515625,-48.76800537109375,137.14794921875,-121.48828125,-20.7353515625,-57.2275390625,-167.615478515625,-173.85693359375,-118.481689453125,27.6484375,73.72793579101562,164.01806640625,-17.519981384277344,-10.0316162109375,-12.080596923828125,73.1533203125,30.864044189453125,58.54443359375,41.42413330078125,138.623046875,14.17236328125,0.19195556640625,32.4462890625,73.10345458984375,-111.7890625,17.615966796875,-105.70565795898438,-3.1653223037719727,-96.86260986328125,97.97489929199219,71.7269287109375,-5.088548183441162,11.367935180664062,-3.1653223037719727,-96.86260986328125,97.97489929199219,71.7269287109375,-5.088548183441162,11.367935180664062,990.6719707696996,502.38576235356544,1493.057733123265,488.2862084161341
23.701990907997242,-3.420375137918356,-97.13080168776371,97.94826048171274,69.56162117452439,-4.610575670747579,11.19157340355497,69.74365234375,117.74365234375,163.0889892578125,-121.2978515625,-46.36798095703125,129.404296875,-123.88818359375,-23.13525390625,-61.099609375,-170.015625,-169.05712890625,-106.86572265625,27.6484375,68.92791748046875,152.402099609375,-12.719985961914062,-10.0316162109375,-12.080596923828125,70.75390625,33.2640380859375,50.8004150390625,36.62408447265625,136.22265625,14.17236328125,-2.20806884765625,25.24609375,65.35946655273438,-109.3896484375,15.2159423828125,-101.83364868164062,-3.1667022705078125,-96.87300872802734,97.98090362548828,71.72815704345703,-5.092466831207275,11.379276275634766,-3.1667022705078125,-96.87300872802734,97.98090362548828,71.72815704345703,-5.092466831207275,11.379276275634766,968.318316002584,475.5424455851323,1443.8607615877163,492.77587041745164
23.779411249997793,-3.420375137918356,-97.13080168776371,97.94826048171274,69.56162117452439,-4.610575670747579,11.19157340355497,69.74365234375,115.34326171875,163.0889892578125,-123.697265625,-46.36798095703125,129.404296875,-121.48828125,-13.53515625,-61.099609375,-162.8154296875,-176.25732421875,-110.73779296875,30.0478515625,76.1279296875,156.27392578125,-12.719985961914062,-5.231689453125,-19.824615478515625,75.5537109375,26.06402587890625,50.8004150390625,34.22412109375,143.4228515625,10.30029296875,0.19195556640625,30.0458984375,80.84747314453125,-106.9892578125,15.2159423828125,-94.08966064453125,-3.0173158645629883,-97.14170837402344,98.19114685058594,71.72505187988281,-5.001275539398193,11.260200500488281,-3.0173158645629883,-97.14170837402344,98.19114685058594,71.72505187988281,-5.001275539398193,11.260200500488281,973.8403477402977,496.1760142701077,1470.0163620104054,477.66433347019
23.795592352998938,-3.420375137918356,-97.13080168776371,97.94826048171274,69.56162117452439,-4.610575670747579,11.19157340355497,69.74365234375,120.1435546875,166.9608154296875,-123.697265625,-46.36798095703125,133.27587890625,-116.688232421875,-23.13525390625,-57.2275390625,-160.41552734375,-173.85693359375,-114.609619140625,30.0478515625,76.1279296875,152.402099609375,-10.319984436035156,-14.8316650390625,-15.952606201171875,73.1533203125,28.46405029296875,58.54443359375,39.02410888671875,133.8232421875,10.30029296875,2.5919189453125,30.0458984375,73.10345458984375,-106.9892578125,17.615966796875,-97.961669921875,-3.0248708724975586,-97.15388488769531,98.18928527832031,71.72634887695312,-5.010982990264893,11.263814926147461,-3.0248708724975586,-97.15388488769531,98.18928527832031,71.72634887695312,-5.010982990264893,11.263814926147461,972.7050210244366,487.0121350242334,1459.71715604867,485.69288600020326
23.825263422997523,-3.420375137918356,-97.13080168776371,97.94826048171274,69.56162117452439,-4.610575670747579,11.19157340355497,67.343505859375,117.74365234375,166.9608154296875,-121.2978515625,-48.76800537109375,129.404296875,-119.088134765625,-18.33544921875,-53.35546875,-160.41552734375,-178.6572265625,-110.73779296875,25.248046875,71.32794189453125,148.530029296875,-12.719985961914062,-10.0316162109375,-15.952606201171875,73.1533203125,30.864044189453125,62.41650390625,34.22412109375,138.623046875,14.17236328125,-2.20806884765625,30.0458984375,69.23147583007812,-109.3896484375,12.81597900390625,-97.961669921875,-3.0184412002563477,-97.13800048828125,98.19795989990234,71.72553253173828,-4.989943027496338,11.267213821411133,-3.0184412002563477,-97.13800048828125,98.19795989990234,71.72553253173828,-4.989943027496338,11.267213821411133,961.945461479449,490.11962939044696,1452.065090869896,471.82583208900206
23.859765343997424,-3.420375137918356,-97.13080168776371,97.94826048171274,69.56162117452439,-4.610575670747579,11.19157340355497,67.343505859375,112.943359375,166.9608154296875,-123.697265625,-51.16796875,137.14794921875,-121.48828125,-20.7353515625,-57.2275390625,-162.8154296875,-176.25732421875,-110.73779296875,27.6484375,71.32794189453125,152.402099609375,-12.719985961914062,-12.431640625,-23.69659423828125,73.1533203125,35.664031982421875,50.8004150390625,36.62408447265625,136.22265625,18.04443359375,2.5919189453125,30.0458984375,73.10345458984375,-106.9892578125,12.81597900390625,-105.70565795898438,-3.022374153137207,-97.13231658935547,98.18804168701172,71.72335815429688,-4.992056369781494,11.284996032714844,-3.022374153137207,-97.13231658935547,98.18804168701172,71.72335815429688,-4.992056369781494,11.284996032714844,974.8506433545833,497.8013893995619,1472.6520327541452,477.0492539550214
23.89575763099856,-3.420375137918356,-97.13080168776371,97.94826048171274,69.56162117452439,-4.610575670747579,11.19157340355497,69.74365234375,120.1435546875,174.7049560546875,-126.09765625,-46.36798095703125,137.14794921875,-119.088134765625,-20.7353515625,-57.2275390625,-160.41552734375,-178.6572265625,-110.73779296875,22.8486328125,66.52792358398438,152.402099609375,-15.119987487792969,-14.8316650390625,-15.952606201171875,75.5537109375,30.864044189453125,50.8004150390625,34.22412109375,133.8232421875,10.30029296875,-2.20806884765625,27.646484375,73.10345458984375,-104.5888671875,15.2159423828125,-105.70565795898438,-3.0239381790161133,-97.07772827148438,98.14706420898438,71.71690368652344,-4.970398426055908,11.301872253417969,-3.0239381790161133,-97.07772827148438,98.14706420898438,71.71690368652344,-4.970398426055908,11.301872253417969,981.2027615067017,488.82969511869027,1470.032456625392,492.3730663880114
23.930807583998103,-3.420375137918356,-97.13080168776371,97.94826048171274,69.56162117452439,-4.610575670747579,11.19157340355497,64.943603515625,117.74365234375,170.8328857421875,-121.2978515625,-46.36798095703125,133.27587890625,-121.48828125,-15.93505859375,-53.35546875,-160.41552734375,-176.25732421875,-110.73779296875,27.6484375,71.32794189453125,156.27392578125,-15.119987487792969,-10.0316162109375,-19.824615478515625,77.9541015625,30.864044189453125,54.6724853515625,36.62408447265625,133.8232421875,10.30029296875,2.5919189453125,30.0458984375,76.9754638671875,-106.9892578125,12.81597900390625,-109.57766723632812,-3.0256710052490234,-97.07403564453125,98.1353759765625,71.71227264404297,-4.958856105804443,11.298147201538086,-3.0256710052490234,-97.07403564453125,98.1353759765625,71.71227264404297,-4.958856105804443,11.298147201538086,973.9178072748206,502.44800289154637,1476.3658101663668,471.4698043832742
23.962256623999565,-3.420375137918356,-97.13080168776371,97.94826048171274,69.56162117452439,-4.610575670747579,11.19157340355497,69.74365234375,117.74365234375,163.0889892578125,-121.2978515625,-48.76800537109375,133.27587890625,-123.88818359375,-20.7353515625,-53.35546875,-165.215576171875,-176.25732421875,-106.86572265625,22.8486328125,73.72793579101562,148.530029296875,-17.519981384277344,-14.8316650390625,-19.824615478515625,75.5537109375,28.46405029296875,54.6724853515625,41.42413330078125,131.4228515625,10.30029296875,2.5919189453125,27.646484375,76.9754638671875,-106.9892578125,12.81597900390625,-105.70565795898438,-3.024932861328125,-97.0726089477539,98.12821197509766,71.70818328857422,-4.9627909660339355,11.299564361572266,-3.024932861328125,-97.0726089477539,98.12821197509766,71.70818328857422,-4.9627909660339355,11.299564361572266,967.6180162427496,498.79537984248475,1466.4133960852344,468.82263640026486
23.99476501100071,-3.420375137918356,-97.13080168776371,97.94826048171274,69.56162117452439,-4.610575670747579,11.19157340355497,69.74365234375,115.34326171875,163.0889892578125,-133.2978515625,-46.36798095703125,129.404296875,-121.48828125,-20.7353515625,-57.2275390625,-162.8154296875,-176.25732421875,-106.86572265625,22.8486328125,71.32794189453125,156.27392578125,-15.119987487792969,-7.631591796875,-15.952606201171875,82.75390625,33.2640380859375,58.54443359375,36.62408447265625,131.4228515625,6.428466796875,-2.20806884765625,34.8466796875,76.9754638671875,-109.3896484375,20.01593017578125,-97.961669921875,-3.0264320373535156,-97.0779800415039,98.1363754272461,71.71607971191406,-4.969475269317627,11.303699493408203,-3.0264320373535156,-97.0779800415039,98.1363754272461,71.71607971191406,-4.969475269317627,11.303699493408203,974.9077005056465,499.26024052663524,1474.1679410322818,475.6474599790113
24.034485052998207,-3.420375137918356,-97.13080168776371,97.94826048171274,69.56162117452439,-4.610575670747579,11.19157340355497,69.74365234375,115.34326171875,163.0889892578125,-126.09765625,-48.76800537109375,129.404296875,-121.48828125,-18.33544921875,-53.35546875,-162.8154296875,-176.25732421875,-110.73779296875,30.0478515625,71.32794189453125,144.657958984375,-15.119987487792969,-10.0316162109375,-15.952606201171875,82.75390625,26.06402587890625,54.6724853515625,39.02410888671875,131.4228515625,10.30029296875,2.5919189453125,27.646484375,76.9754638671875,-102.189453125,10.41595458984375,-105.70565795898438,-3.025392532348633,-97.06289672851562,98.11907958984375,71.70997619628906,-4.950774669647217,11.308904647827148,-3.025392532348633,-97.06289672851562,98.11907958984375,71.70997619628906,-4.950774669647217,11.308904647827148,961.0096288105235,493.41614771997104,1454.4257765304947,467.5934810905525
24.062003868999454,-3.420375137918356,-97.13080168776371,97.94826048171274,69.56162117452439,-4.610575670747579,11.19157340355497,69.74365234375,112.943359375,166.9608154296875,-123.697265625,-46.36798095703125,129.404296875,-116.688232421875,-13.53515625,-57.2275390625,-160.41552734375,-173.85693359375,-106.86572265625,22.8486328125,68.92791748046875,148.530029296875,-12.719985961914062,-7.631591796875,-8.208587646484375,80.353515625,30.864044189453125,58.54443359375,36.62408447265625,131.4228515625,18.04443359375,0.19195556640625,34.8466796875,80.84747314453125,-104.5888671875,12.81597900390625,-105.70565795898438,-3.026712417602539,-97.0758056640625,98.12139892578125,71.7109375,-4.945363521575928,11.316850662231445,-3.026712417602539,-97.0758056640625,98.12139892578125,71.7109375,-4.945363521575928,11.316850662231445,953.7970520805547,495.9634803142782,1449.7605323948328,457.8335717662766
24.097874336999666,-3.420375137918356,-97.13080168776371,97.94826048171274,69.56162117452439,-4.610575670747579,11.19157340355497,67.343505859375,112.943359375,163.0889892578125,-126.09765625,-43.96795654296875,129.404296875,-119.088134765625,-18.33544921875,-53.35546875,-165.215576171875,-176.25732421875,-102.99365234375,20.4482421875,71.32794189453125,152.402099609375,-15.119987487792969,-7.631591796875,-19.824615478515625,77.9541015625,28.46405029296875,54.6724853515625,34.22412109375,131.4228515625,14.17236328125,-2.20806884765625,30.0458984375,73.10345458984375,-99.7890625,17.615966796875,-105.70565795898438,-3.0307159423828125,-97.06761169433594,98.11994171142578,71.71077728271484,-4.953664302825928,11.326597213745117,-3.0307159423828125,-97.06761169433594,98.11994171142578,71.71077728271484,-4.953664302825928,11.326597213745117,959.3573344870707,487.49486556718887,1446.8522000542596,471.86246891988185
24.138865730998077,-3.420375137918356,-97.13080168776371,97.94826048171274,69.56162117452439,-4.610575670747579,11.19157340355497,67.343505859375,115.34326171875,166.9608154296875,-126.09765625,-51.16796875,125.5322265625,-119.088134765625,-23.13525390625,-49.4833984375,-162.8154296875,-176.25732421875,-106.86572265625,20.4482421875,73.72793579101562,152.402099609375,-15.119987487792969,-14.8316650390625,-12.080596923828125,77.9541015625,28.46405029296875,54.6724853515625,36.62408447265625,133.8232421875,10.30029296875,0.19195556640625,30.0458984375,76.9754638671875,-99.7890625,15.2159423828125,-101.83364868164062,-3.0346527099609375,-97.07958221435547,98.12033081054688,71.71391296386719,-4.9438042640686035,11.322471618652344,-3.0346527099609375,-97.07958221435547,98.12033081054688,71.71391296386719,-4.9438042640686035,11.322471618652344,963.1702973494239,488.90542798775573,1452.0757253371796,474.26486936166816
24.16473802999826,-3.420375137918356,-97.13080168776371,97.94826048171274,69.56162117452439,-4.610575670747579,11.19157340355497,67.343505859375,115.34326171875,163.0889892578125,-123.697265625,-46.36798095703125,125.5322265625,-123.88818359375,-15.93505859375,-53.35546875,-162.8154296875,-181.05712890625,-102.99365234375,27.6484375,71.32794189453125,152.402099609375,-15.119987487792969,-12.431640625,-15.952606201171875,80.353515625,28.46405029296875,58.54443359375,36.62408447265625,133.8232421875,18.04443359375,0.19195556640625,34.8466796875,80.84747314453125,-104.5888671875,20.01593017578125,-109.57766723632812,-3.031510353088379,-97.05628967285156,98.10570526123047,71.70845031738281,-4.924919605255127,11.347774505615234,-3.031510353088379,-97.05628967285156,98.10570526123047,71.70845031738281,-4.924919605255127,11.347774505615234,963.7698446957385,509.4119715208684,1473.1818162166069,454.35787317487006
24.204503256998578,-3.420375137918356,-97.13080168776371,97.94826048171274,69.56162117452439,-4.610575670747579,11.19157340355497,67.343505859375,115.34326171875,166.9608154296875,-133.2978515625,-48.76800537109375,137.14794921875,-116.688232421875,-20.7353515625,-57.2275390625,-160.41552734375,-178.6572265625,-106.86572265625,20.4482421875,71.32794189453125,148.530029296875,-12.719985961914062,-7.631591796875,-15.952606201171875,70.75390625,28.46405029296875,54.6724853515625,39.02410888671875,133.8232421875,6.428466796875,-2.20806884765625,39.646484375,73.10345458984375,-102.189453125,17.615966796875,-101.83364868164062,-3.0373783111572266,-97.06322479248047,98.10892486572266,71.71060180664062,-4.93464994430542,11.35052490234375,-3.0373783111572266,-97.06322479248047,98.10892486572266,71.71060180664062,-4.93464994430542,11.35052490234375,971.6420712742781,483.6953170324316,1455.3373883067097,487.9467542418465
24.245263560998865,-3.420375137918356,-97.13080168776371,97.94826048171274,69.56162117452439,-4.610575670747579,11.19157340355497,64.943603515625,112.943359375,163.0889892578125,-130.8974609375,-51.16796875,125.5322265625,-119.088134765625,-15.93505859375,-57.2275390625,-158.015625,-173.85693359375,-106.86572265625,22.8486328125,73.72793579101562,152.402099609375,-12.719985961914062,-10.0316162109375,-19.824615478515625,75.5537109375,28.46405029296875,62.41650390625,39.02410888671875,133.8232421875,10.30029296875,2.5919189453125,34.8466796875,73.10345458984375,-102.189453125,17.615966796875,-94.08966064453125,-3.0356388092041016,-97.05278015136719,98.09896850585938,71.7073974609375,-4.918812274932861,11.349870681762695,-3.0356388092041016,-97.05278015136719,98.09896850585938,71.7073974609375,-4.918812274932861,11.349870681762695,959.1975458212598,488.47610839088907,1447.673654212149,470.72143743037077
24.270770982999238,-3.420375137918356,-97.13080168776371,97.94826048171274,69.56162117452439,-4.610575670747579,11.19157340355497,69.74365234375,112.943359375,166.9608154296875,-128.4970703125,-48.76800537109375,129.404296875,-119.088134765625,-15.93505859375,-53.35546875,-160.41552734375,-181.05712890625,-102.99365234375,20.4482421875,71.32794189453125,140.7861328125,-12.719985961914062,-12.431640625,-15.952606201171875,77.9541015625,30.864044189453125,50.8004150390625,36.62408447265625,131.4228515625,14.17236328125,2.5919189453125,44.4462890625,69.23147583007812,-99.7890625,15.2159423828125,-105.70565795898438,-3.0325727462768555,-97.0572738647461,98.1009521484375,71.70932006835938,-4.923741817474365,11.352529525756836,-3.0325727462768555,-97.0572738647461,98.1009521484375,71.70932006835938,-4.923741817474365,11.352529525756836,955.5902189124247,487.56051905478733,1443.150737967212,468.02969985763735
24.302463718999206,-3.420375137918356,-97.13080168776371,97.94826048171274,69.56162117452439,-4.610575670747579,11.19157340355497,69.74365234375,115.34326171875,163.0889892578125,-128.4970703125,-46.36798095703125,121.66015625,-119.088134765625,-15.93505859375,-53.35546875,-162.8154296875,-181.05712890625,-102.99365234375,20.4482421875,73.72793579101562,152.402099609375,-15.119987487792969,-7.631591796875,-19.824615478515625,80.353515625,30.864044189453125,58.54443359375,36.62408447265625,129.0224609375,10.30029296875,-2.20806884765625,37.24609375,69.23147583007812,-97.3896484375,15.2159423828125,-101.83364868164062,-3.033191680908203,-97.0638427734375,98.09767150878906,71.70685577392578,-4.919256687164307,11.359931945800781,-3.033191680908203,-97.0638427734375,98.09767150878906,71.70685577392578,-4.919256687164307,11.359931945800781,960.8845510751188,485.0607169692538,1445.9452680443726,475.823834105865
24.338325305998296,-3.420375137918356,-97.13080168776371,97.94826048171274,69.56162117452439,-4.610575670747579,11.19157340355497,67.343505859375,115.34326171875,159.2169189453125,-130.8974609375,-48.76800537109375,121.66015625,-121.48828125,-11.13525390625,-53.35546875,-158.015625,-181.05712890625,-99.121826171875,20.4482421875,73.72793579101562,140.7861328125,-12.719985961914062,-10.0316162109375,-15.952606201171875,82.75390625,33.2640380859375,58.54443359375,36.62408447265625,129.0224609375,2.556396484375,-2.20806884765625,37.24609375,73.10345458984375,-97.3896484375,15.2159423828125,-105.70565795898438,-3.0391016006469727,-97.07194519042969,98.10179901123047,71.708984375,-4.923576831817627,11.359077453613281,-3.0391016006469727,-97.07194519042969,98.10179901123047,71.708984375,-4.923576831817627,11.359077453613281,946.4010476404375,490.1754619802532,1436.5765096206906,456.22558566018427
24.366932273998827,-3.420375137918356,-97.13080168776371,97.94826048171274,69.56162117452439,-4.610575670747579,11.19157340355497,62.54345703125,110.54345703125,163.0889892578125,-128.4970703125,-48.76800537109375,125.5322265625,-114.288330078125,-18.33544921875,-57.2275390625,-160.41552734375,-178.6572265625,-102.99365234375,25.248046875,71.32794189453125,148.530029296875,-7.91998291015625,-7.631591796875,-19.824615478515625,80.353515625,28.46405029296875,58.54443359375,36.62408447265625,131.4228515625,-1.315673828125,2.5919189453125,37.24609375,65.35946655273438,-102.189453125,20.01593017578125,-97.961669921875,-3.0426673889160156,-97.06040954589844,98.096923828125,71.71383666992188,-4.9127583503723145,11.375751495361328,-3.0426673889160156,-97.06040954589844,98.096923828125,71.71383666992188,-4.9127583503723145,11.375751495361328,949.9323703813659,480.76120614710464,1430.6935765284707,469.17116423426125
24.403951448999578,-3.420375137918356,-97.13080168776371,97.94826048171274,69.56162117452439,-4.610575670747579,11.19157340355497,67.343505859375,110.54345703125,155.3448486328125,-128.4970703125,-43.96795654296875,125.5322265625,-114.288330078125,-13.53515625,-53.35546875,-155.615478515625,-181.05712890625,-106.86572265625,18.0478515625,71.32794189453125,148.530029296875,-12.719985961914062,-12.431640625,-12.080596923828125,82.75390625,33.2640380859375,62.41650390625,36.62408447265625,133.8232421875,14.17236328125,-2.20806884765625,32.4462890625,73.10345458984375,-97.3896484375,15.2159423828125,-105.70565795898438,-3.032489776611328,-97.0633773803711,98.0943374633789,71.70466613769531,-4.909809589385986,11.372703552246094,-3.032489776611328,-97.0633773803711,98.0943374633789,71.70466613769531,-4.909809589385986,11.372703552246094,941.3227259389887,494.3717153776682,1435.6944413166568,446.9510105613205
24.437922024997533,-3.420375137918356,-97.13080168776371,97.94826048171274,69.56162117452439,-4.610575670747579,11.19157340355497,64.943603515625,112.943359375,163.0889892578125,-128.4970703125,-46.36798095703125,121.66015625,-121.48828125,-13.53515625,-49.4833984375,-160.41552734375,-181.05712890625,-110.73779296875,15.6484375,73.72793579101562,148.530029296875,-12.719985961914062,-10.0316162109375,-19.824615478515625,77.9541015625,30.864044189453125,46.928466796875,36.62408447265625,133.8232421875,10.30029296875,0.19195556640625,34.8466796875,80.84747314453125,-97.3896484375,17.615966796875,-101.83364868164062,-3.0361146926879883,-97.05543518066406,98.08702087402344,71.70762634277344,-4.910459995269775,11.380331039428711,-3.0361146926879883,-97.05543518066406,98.08702087402344,71.70762634277344,-4.910459995269775,11.380331039428711,956.1422340922634,490.8514292547808,1446.9936633470443,465.2908048374826
24.466405794999446,-3.420375137918356,-97.13080168776371,97.94826048171274,69.56162117452439,-4.610575670747579,11.19157340355497,64.943603515625,115.34326171875,159.2169189453125,-133.2978515625,-46.36798095703125,125.5322265625,-119.088134765625,-11.13525390625,-45.611328125,-160.41552734375,-181.05712890625,-99.121826171875,15.6484375,71.32794189453125,148.530029296875,-12.719985961914062,-7.631591796875,-12.080596923828125,80.353515625,30.864044189453125,58.54443359375,39.02410888671875,131.4228515625,6.428466796875,0.19195556640625,34.8466796875,69.23147583007812,-99.7890625,12.81597900390625,-105.70565795898438,-3.045419692993164,-97.05441284179688,98.08204650878906,71.71231079101562,-4.910172939300537,11.375503540039062,-3.045419692993164,-97.05441284179688,98.08204650878906,71.71231079101562,-4.910172939300537,11.375503540039062,950.8764825749129,483.9128594410884,1434.7893420160012,466.96362313382446
24.50553760999901,-3.420375137918356,-97.13080168776371,97.94826048171274,69.56162117452439,-4.610575670747579,11.19157340355497,62.54345703125,112.943359375,155.3448486328125,-130.8974609375,-46.36798095703125,121.66015625,-119.088134765625,-13.53515625,-53.35546875,-158.015625,-181.05712890625,-102.99365234375,15.6484375,68.92791748046875,148.530029296875,-15.119987487792969,-12.431640625,-15.952606201171875,82.75390625,30.864044189453125,54.6724853515625,36.62408447265625,129.0224609375,10.30029296875,-2.20806884765625,32.4462890625,73.10345458984375,-97.3896484375,15.2159423828125,-97.961669921875,-3.039163589477539,-97.05885314941406,98.08522033691406,71.71035766601562,-4.9133381843566895,11.395347595214844,-3.039163589477539,-97.05885314941406,98.08522033691406,71.71035766601562,-4.9133381843566895,11.395347595214844,943.7511288514235,482.62201952157324,1426.3731483729966,461.1291093298502
24.539285148999625,-3.420375137918356,-97.13080168776371,97.94826048171274,69.56162117452439,-4.610575670747579,11.19157340355497,64.943603515625,110.54345703125,163.0889892578125,-135.697265625,-43.96795654296875,125.5322265625,-119.088134765625,-13.53515625,-45.611328125,-160.41552734375,-183.45703125,-102.99365234375,15.6484375,76.1279296875,152.402099609375,-10.319984436035156,-7.631591796875,-19.824615478515625,82.75390625,28.46405029296875,54.6724853515625,31.8240966796875,126.623046875,10.30029296875,0.19195556640625,34.8466796875,69.23147583007812,-92.5888671875,15.2159423828125,-101.83364868164062,-3.0382776260375977,-97.05146026611328,98.08865356445312,71.70909118652344,-4.904346942901611,11.399890899658203,-3.0382776260375977,-97.05146026611328,98.08865356445312,71.70909118652344,-4.904346942901611,11.399890899658203,961.3495734879115,473.7485434742142,1435.0981169621257,487.60103001369725
24.57455482899968,-3.420375137918356,-97.13080168776371,97.94826048171274,69.56162117452439,-4.610575670747579,11.19157340355497,64.943603515625,110.54345703125,159.2169189453125,-133.2978515625,-48.76800537109375,121.66015625,-119.088134765625,-18.33544921875,-53.35546875,-162.8154296875,-178.6572265625,-99.121826171875,18.0478515625,76.1279296875,148.530029296875,-10.319984436035156,-14.8316650390625,-19.824615478515625,85.1533203125,30.864044189453125,58.54443359375,34.22412109375,131.4228515625,10.30029296875,0.19195556640625,37.24609375,76.9754638671875,-94.9892578125,15.2159423828125,-97.961669921875,-3.039891242980957,-97.07077026367188,98.089599609375,71.71421813964844,-4.8976616859436035,11.400903701782227,-3.039891242980957,-97.07077026367188,98.089599609375,71.71421813964844,-4.8976616859436035,11.400903701782227,952.2673016349232,493.67931142390614,1445.9466130588294,458.5879902110171
24.60496085900013,-3.420375137918356,-97.13080168776371,97.94826048171274,69.56162117452439,-4.610575670747579,11.19157340355497,64.943603515625,105.74365234375,166.9608154296875,-128.4970703125,-43.96795654296875,117.7880859375,-116.688232421875,-11.13525390625,-53.35546875,-160.41552734375,-183.45703125,-106.86572265625,8.4482421875,71.32794189453125,140.7861328125,-17.519981384277344,-5.231689453125,-12.080596923828125,80.353515625,26.06402587890625,58.54443359375,31.8240966796875,131.4228515625,2.556396484375,-2.20806884765625,34.8466796875,73.10345458984375,-94.9892578125,15.2159423828125,-101.83364868164062,-3.045220375061035,-97.06166076660156,98.07422637939453,71.71051788330078,-4.906188488006592,11.399215698242188,-3.045220375061035,-97.06166076660156,98.07422637939453,71.71051788330078,-4.906188488006592,11.399215698242188,940.7427877622591,481.0406768336094,1421.7834645958685,459.70211092864974
24.642190509999637,-3.420375137918356,-97.13080168776371,97.94826048171274,69.56162117452439,-4.610575670747579,11.19157340355497,64.943603515625,112.943359375,166.9608154296875,-130.8974609375,-46.36798095703125,121.66015625,-123.88818359375,-15.93505859375,-49.4833984375,-155.615478515625,-178.6572265625,-95.249755859375,20.4482421875,73.72793579101562,148.530029296875,-12.719985961914062,-10.0316162109375,-19.824615478515625,85.1533203125,30.864044189453125,54.6724853515625,39.02410888671875,126.623046875,14.17236328125,0.19195556640625,39.646484375,73.10345458984375,-92.5888671875,15.2159423828125,-105.70565795898438,-3.044229507446289,-97.06971740722656,98.0821762084961,71.71106719970703,-4.897136211395264,11.388227462768555,-3.044229507446289,-97.06971740722656,98.0821762084961,71.71106719970703,-4.897136211395264,11.388227462768555,953.1880861804647,489.1591156478319,1442.3472018282966,464.02897053263274
24.668751125998824,-3.420375137918356,-97.13080168776371,97.94826048171274,69.56162117452439,-4.610575670747579,11.19157340355497,62.54345703125,105.74365234375,151.4727783203125,-133.2978515625,-48.76800537109375,117.7880859375,-114.288330078125,-11.13525390625,-57.2275390625,-162.8154296875,-183.45703125,-106.86572265625,18.0478515625,66.52792358398438,152.402099609375,-12.719985961914062,-5.231689453125,-23.69659423828125,85.1533203125,33.2640380859375,58.54443359375,36.62408447265625,129.0224609375,10.30029296875,0.19195556640625,39.646484375,73.10345458984375,-94.9892578125,12.81597900390625,-105.70565795898438,-3.0430450439453125,-97.05885314941406,98.08187866210938,71.71003723144531,-4.891598224639893,11.401256561279297,-3.0430450439453125,-97.05885314941406,98.08187866210938,71.71003723144531,-4.891598224639893,11.401256561279297,942.599845458529,496.3265653256475,1438.9264107841764,446.2732801328815
24.700873866997426,-3.420375137918356,-97.13080168776371,97.94826048171274,69.56162117452439,-4.610575670747579,11.19157340355497,64.943603515625,108.1435546875,155.3448486328125,-133.2978515625,-48.76800537109375,121.66015625,-114.288330078125,-13.53515625,-57.2275390625,-162.8154296875,-181.05712890625,-106.86572265625,13.248046875,76.1279296875,148.530029296875,-10.319984436035156,-7.631591796875,-19.824615478515625,82.75390625,33.2640380859375,62.41650390625,34.22412109375,129.0224609375,10.30029296875,-4.60809326171875,34.8466796875,69.23147583007812,-90.189453125,15.2159423828125,-101.83364868164062,-3.049692153930664,-97.06233978271484,98.07185363769531,71.71549987792969,-4.901211261749268,11.421865463256836,-3.049692153930664,-97.06233978271484,98.07185363769531,71.71549987792969,-4.901211261749268,11.421865463256836,948.928468043029,480.880429885703,1429.808897928732,468.04803815732606
24.735129418000724,-3.420375137918356,-97.13080168776371,97.94826048171274,69.56162117452439,-4.610575670747579,11.19157340355497,62.54345703125,108.1435546875,159.2169189453125,-135.697265625,-46.36798095703125,125.5322265625,-119.088134765625,-13.53515625,-57.2275390625,-155.615478515625,-183.45703125,-99.121826171875,15.6484375,76.1279296875,144.657958984375,-12.719985961914062,-7.631591796875,-19.824615478515625,85.1533203125,30.864044189453125,62.41650390625,34.22412109375,126.623046875,14.17236328125,2.5919189453125,34.8466796875,80.84747314453125,-90.189453125,17.615966796875,-97.961669921875,-3.0501794815063477,-97.05389404296875,98.06421661376953,71.71168518066406,-4.890051364898682,11.417171478271484,-3.0501794815063477,-97.05389404296875,98.06421661376953,71.71168518066406,-4.890051364898682,11.417171478271484,950.1796261003766,489.07998474529194,1439.2596108456685,461.09964135508466
24.772096868997323,-3.420375137918356,-97.13080168776371,97.94826048171274,69.56162117452439,-4.610575670747579,11.19157340355497,60.1435546875,112.943359375,155.3448486328125,-135.697265625,-46.36798095703125,121.66015625,-116.688232421875,-13.53515625,-49.4833984375,-158.015625,-183.45703125,-99.121826171875,13.248046875,68.92791748046875,148.530029296875,-10.319984436035156,-10.0316162109375,-15.952606201171875,85.1533203125,30.864044189453125,62.41650390625,34.22412109375,126.623046875,6.428466796875,0.19195556640625,37.24609375,76.9754638671875,-99.7890625,15.2159423828125,-105.70565795898438,-3.0490875244140625,-97.05992889404297,98.06668853759766,71.71493530273438,-4.892366886138916,11.425043106079102,-3.0490875244140625,-97.05992889404297,98.06668853759766,71.71493530273438,-4.892366886138916,11.425043106079102,942.6928453365786,494.4815910875117,1437.1744364240903,448.2112542490669
24.809547247998125,-3.420375137918356,-97.13080168776371,97.94826048171274,69.56162117452439,-4.610575670747579,11.19157340355497,67.343505859375,108.1435546875,163.0889892578125,-135.697265625,-48.76800537109375,121.66015625,-114.288330078125,-13.53515625,-53.35546875,-155.615478515625,-185.85693359375,-95.249755859375,13.248046875,71.32794189453125,152.402099609375,-15.119987487792969,-7.631591796875,-19.824615478515625,85.1533203125,28.46405029296875,54.6724853515625,39.02410888671875,121.8232421875,2.556396484375,0.19195556640625,34.8466796875,69.23147583007812,-90.189453125,17.615966796875,-105.70565795898438,-3.0474767684936523,-97.05186462402344,98.06243896484375,71.71251678466797,-4.882476329803467,11.428085327148438,-3.0474767684936523,-97.05186462402344,98.06243896484375,71.71251678466797,-4.882476329803467,11.428085327148438,951.6984544271061,476.7133457989036,1428.4118002260097,474.98510862820245
24.83586773099887,-3.420375137918356,-97.13080168776371,97.94826048171274,69.56162117452439,-4.610575670747579,11.19157340355497,57.74365234375,108.1435546875,163.0889892578125,-133.2978515625,-43.96795654296875,121.66015625,-116.688232421875,-11.13525390625,-53.35546875,-158.015625,-185.85693359375,-99.121826171875,13.248046875,68.92791748046875,140.7861328125,-15.119987487792969,-10.0316162109375,-23.69659423828125,89.9541015625,28.46405029296875,58.54443359375,39.02410888671875,129.0224609375,6.428466796875,-2.20806884765625,39.646484375,76.9754638671875,-90.189453125,15.2159423828125,-101.83364868164062,-3.0475730895996094,-97.05671691894531,98.05833435058594,71.7139892578125,-4.8844428062438965,11.43886947631836,-3.0475730895996094,-97.05671691894531,98.05833435058594,71.7139892578125,-4.8844428062438965,11.43886947631836,939.1989084090552,499.3241745952926,1438.5230830043479,439.8747338137626
24.872074203998636,-3.420375137918356,-97.13080168776371,97.94826048171274,69.56162117452439,-4.610575670747579,11.19157340355497,64.943603515625,110.54345703125,159.2169189453125,-130.8974609375,-46.36798095703125,125.5322265625,-114.288330078125,-13.53515625,-49.4833984375,-155.615478515625,-185.85693359375,-102.99365234375,15.6484375,71.32794189453125,148.530029296875,-10.319984436035156,-10.0316162109375,-19.824615478515625,82.75390625,28.46405029296875,62.41650390625,39.02410888671875,126.623046875,14.17236328125,-2.20806884765625,42.0458984375,73.10345458984375,-97.3896484375,15.2159423828125,-101.83364868164062,-3.0535964965820312,-97.05538940429688,98.05756378173828,71.7183837890625,-4.902510166168213,11.439823150634766,-3.0535964965820312,-97.05538940429688,98.05756378173828,71.7183837890625,-4.902510166168213,11.439823150634766,945.7766238561604,491.3322494340364,1437.1088732901967,454.44437442212404
24.910171970997908,-3.420375137918356,-97.13080168776371,97.94826048171274,69.56162117452439,-4.610575670747579,11.19157340355497,62.54345703125,105.74365234375,163.0889892578125,-140.4970703125,-46.36798095703125,125.5322265625,-116.688232421875,-13.53515625,-49.4833984375,-155.615478515625,-183.45703125,-99.121826171875,13.248046875,71.32794189453125,140.7861328125,-10.319984436035156,-10.0316162109375,-12.080596923828125,87.5537109375,33.2640380859375,66.2884521484375,34.22412109375,124.22265625,10.30029296875,0.19195556640625,42.0458984375,69.23147583007812,-94.9892578125,10.41595458984375,-105.70565795898438,-3.0504159927368164,-97.05353546142578,98.0590591430664,71.71395111083984,-4.889089107513428,11.442413330078125,-3.0504159927368164,-97.05353546142578,98.0590591430664,71.71395111083984,-4.889089107513428,11.442413330078125,944.249566483649,486.29224288888105,1430.54180937253,457.95732359476796
24.941333582999505,-3.420375137918356,-97.13080168776371,97.94826048171274,69.56162117452439,-4.610575670747579,11.19157340355497,62.54345703125,108.1435546875,163.0889892578125,-135.697265625,-43.96795654296875,121.66015625,-116.688232421875,-11.13525390625,-53.35546875,-150.8154296875,-181.05712890625,-102.99365234375,18.0478515625,71.32794189453125,144.657958984375,-12.719985961914062,-7.631591796875,-19.824615478515625,87.5537109375,33.2640380859375,54.6724853515625,36.62408447265625,121.8232421875,10.30029296875,0.19195556640625,37.24609375,73.10345458984375,-85.3896484375,20.01593017578125,-105.70565795898438,-3.0530271530151367,-97.06494140625,98.06248474121094,71.71847534179688,-4.8904337882995605,11.450843811035156,-3.0530271530151367,-97.06494140625,98.06248474121094,71.71847534179688,-4.8904337882995605,11.450843811035156,941.167101355341,480.2326265074481,1421.399727862789,460.93447484789283
24.97518124799899,-3.420375137918356,-97.13080168776371,97.94826048171274,69.56162117452439,-4.610575670747579,11.19157340355497,62.54345703125,110.54345703125,159.2169189453125,-140.4970703125,-48.76800537109375,121.66015625,-116.688232421875,-11.13525390625,-49.4833984375,-153.215576171875,-185.85693359375,-99.121826171875,13.248046875,71.32794189453125,140.7861328125,-17.519981384277344,-5.231689453125,-15.952606201171875,85.1533203125,28.46405029296875,58.54443359375,34.22412109375,129.0224609375,6.428466796875,-2.20806884765625,32.4462890625,69.23147583007812,-90.189453125,17.615966796875,-105.70565795898438,-3.0503177642822266,-97.05482482910156,98.05784606933594,71.7147216796875,-4.882898807525635,11.44847297668457,-3.0503177642822266,-97.05482482910156,98.05784606933594,71.7147216796875,-4.882898807525635,11.44847297668457,941.8940870059164,481.6442079083393,1423.5382949142556,460.2498790975771
25.011174216000654,-3.420375137918356,-97.13080168776371,97.94826048171274,69.56162117452439,-4.610575670747579,11.19157340355497,64.943603515625,110.54345703125,159.2169189453125,-138.09765625,-46.36798095703125,121.66015625,-111.88818359375,-13.53515625,-45.611328125,-153.215576171875,-183.45703125,-102.99365234375,8.4482421875,68.92791748046875,140.7861328125,-12.719985961914062,-2.8316650390625,-15.952606201171875,89.9541015625,30.864044189453125,66.2884521484375,31.8240966796875,121.8232421875,6.428466796875,0.19195556640625,37.24609375,73.10345458984375,-87.7890625,15.2159423828125,-105.70565795898438,-3.0534963607788086,-97.05805969238281,98.05583190917969,71.71574401855469,-4.882625102996826,11.456436157226562,-3.0534963607788086,-97.05805969238281,98.05583190917969,71.71574401855469,-4.882625102996826,11.456436157226562,933.0475534265858,482.89034582178635,1415.937899248372,450.1572076047994
25.050279396000406,-3.420375137918356,-97.13080168776371,97.94826048171274,69.56162117452439,-4.610575670747579,11.19157340355497,64.943603515625,110.54345703125,159.2169189453125,-135.697265625,-46.36798095703125,125.5322265625,-116.688232421875,-11.13525390625,-53.35546875,-153.215576171875,-188.25732421875,-102.99365234375,8.4482421875,68.92791748046875,144.657958984375,-12.719985961914062,-2.8316650390625,-12.080596923828125,87.5537109375,30.864044189453125,54.6724853515625,34.22412109375,129.0224609375,6.428466796875,0.19195556640625,37.24609375,69.23147583007812,-85.3896484375,15.2159423828125,-105.70565795898438,-3.056734085083008,-97.06119537353516,98.05123901367188,71.7156982421875,-4.889120578765869,11.45370101928711,-3.056734085083008,-97.06119537353516,98.05123901367188,71.7156982421875,-4.889120578765869,11.45370101928711,947.9299545717539,474.49639078738034,1422.4263453591343,473.4335637843736
25.07742724399941,-3.420375137918356,-97.13080168776371,97.94826048171274,69.56162117452439,-4.610575670747579,11.19157340355497,60.1435546875,105.74365234375,159.2169189453125,-135.697265625,-43.96795654296875,125.5322265625,-116.688232421875,-11.13525390625,-45.611328125,-155.615478515625,-188.25732421875,-95.249755859375,15.6484375,71.32794189453125,140.7861328125,-10.319984436035156,-5.231689453125,-23.69659423828125,87.5537109375,28.46405029296875,62.41650390625,36.62408447265625,121.8232421875,2.556396484375,0.19195556640625,34.8466796875,65.35946655273438,-82.9892578125,17.615966796875,-105.70565795898438,-3.0556726455688477,-97.06503295898438,98.044677734375,71.71939849853516,-4.887954235076904,11.467422485351562,-3.0556726455688477,-97.06503295898438,98.044677734375,71.71939849853516,-4.887954235076904,11.467422485351562,936.9267079965105,474.4428503103037,1411.3695583068143,462.48385768620676
25.10647987899938,-3.420375137918356,-97.13080168776371,97.94826048171274,69.56162117452439,-4.610575670747579,11.19157340355497,64.943603515625,110.54345703125,155.3448486328125,-135.697265625,-43.96795654296875,117.7880859375,-111.88818359375,-13.53515625,-49.4833984375,-158.015625,-185.85693359375,-102.99365234375,18.0478515625,66.52792358398438,144.657958984375,-17.519981384277344,-7.631591796875,-23.69659423828125,85.1533203125,28.46405029296875,58.54443359375,36.62408447265625,126.623046875,6.428466796875,2.5919189453125,34.8466796875,73.10345458984375,-85.3896484375,17.615966796875,-105.70565795898438,-3.055561065673828,-97.06753540039062,98.04804992675781,71.71620178222656,-4.880921840667725,11.46810531616211,-3.055561065673828,-97.06753540039062,98.04804992675781,71.71620178222656,-4.880921840667725,11.46810531616211,934.5395020269899,487.64628662961366,1422.1857886566036,446.89321539737625
25.138018673998886,-3.420375137918356,-97.13080168776371,97.94826048171274,69.56162117452439,-4.610575670747579,11.19157340355497,60.1435546875,110.54345703125,155.3448486328125,-133.2978515625,-41.5679931640625,121.66015625,-119.088134765625,-13.53515625,-45.611328125,-155.615478515625,-183.45703125,-99.121826171875,13.248046875,68.92791748046875,136.9140625,-12.719985961914062,-7.631591796875,-15.952606201171875,92.353515625,28.46405029296875,58.54443359375,31.8240966796875,124.22265625,6.428466796875,0.19195556640625,37.24609375,73.10345458984375,-82.9892578125,12.81597900390625,-101.83364868164062,-3.0537967681884766,-97.05335235595703,98.04136657714844,71.7147445678711,-4.880143642425537,11.470685958862305,-3.0537967681884766,-97.05335235595703,98.04136657714844,71.7147445678711,-4.880143642425537,11.470685958862305,927.4038778553881,477.20532213901436,1404.6091999944024,450.1985557163738
25.17433405399788,-3.420375137918356,-97.13080168776371,97.94826048171274,69.56162117452439,-4.610575670747579,11.19157340355497,57.74365234375,108.1435546875,155.3448486328125,-138.09765625,-43.96795654296875,121.66015625,-114.288330078125,-13.53515625,-49.4833984375,-150.8154296875,-183.45703125,-95.249755859375,8.4482421875,66.52792358398438,136.9140625,-10.319984436035156,-10.0316162109375,-12.080596923828125,89.9541015625,33.2640380859375,58.54443359375,31.8240966796875,124.22265625,6.428466796875,-2.20806884765625,39.646484375,69.23147583007812,-85.3896484375,15.2159423828125,-105.70565795898438,-3.053645133972168,-97.06303405761719,98.04483795166016,71.71357727050781,-4.879122257232666,11.475347518920898,-3.053645133972168,-97.06303405761719,98.04483795166016,71.71357727050781,-4.879122257232666,11.475347518920898,920.7248818558496,476.0957856154571,1396.8206674713067,444.6290962403925
25.20762032899802,-3.420375137918356,-97.13080168776371,97.94826048171274,69.56162117452439,-4.610575670747579,11.19157340355497,64.943603515625,105.74365234375,159.2169189453125,-135.697265625,-41.5679931640625,117.7880859375,-116.688232421875,-8.7353515625,-53.35546875,-155.615478515625,-188.25732421875,-102.99365234375,10.8486328125,68.92791748046875,140.7861328125,-10.319984436035156,-7.631591796875,-12.080596923828125,94.75390625,30.864044189453125,50.8004150390625,31.8240966796875,124.22265625,2.556396484375,0.19195556640625,39.646484375,73.10345458984375,-87.7890625,15.2159423828125,-101.83364868164062,-3.0580101013183594,-97.072998046875,98.03955078125,71.71504974365234,-4.8822102546691895,11.481819152832031,-3.0580101013183594,-97.072998046875,98.03955078125,71.71504974365234,-4.8822102546691895,11.481819152832031,937.1070507130801,476.2126881164138,1413.3197388294939,460.89436259666627
25.241276778997417,-3.420375137918356,-97.13080168776371,97.94826048171274,69.56162117452439,-4.610575670747579,11.19157340355497,55.343505859375,108.1435546875,166.9608154296875,-140.4970703125,-41.5679931640625,117.7880859375,-116.688232421875,-13.53515625,-49.4833984375,-155.615478515625,-185.85693359375,-99.121826171875,8.4482421875,68.92791748046875,140.7861328125,-15.119987487792969,-7.631591796875,-12.080596923828125,92.353515625,33.2640380859375,58.54443359375,31.8240966796875,121.8232421875,2.556396484375,-2.20806884765625,42.0458984375,73.10345458984375,-85.3896484375,12.81597900390625,-101.83364868164062,-3.053431510925293,-97.05940246582031,98.03298950195312,71.71417236328125,-4.878580570220947,11.471073150634766,-3.053431510925293,-97.05940246582031,98.03298950195312,71.71417236328125,-4.878580570220947,11.471073150634766,940.807179503657,478.90954025064775,1419.716719754305,461.8976392530093
25.28054694399907,-3.420375137918356,-97.13080168776371,97.94826048171274,69.56162117452439,-4.610575670747579,11.19157340355497,57.74365234375,108.1435546875,159.2169189453125,-140.4970703125,-43.96795654296875,121.66015625,-111.88818359375,-11.13525390625,-45.611328125,-158.015625,-193.05712890625,-99.121826171875,13.248046875,68.92791748046875,133.0419921875,-15.119987487792969,-5.231689453125,-19.824615478515625,89.9541015625,33.2640380859375,66.2884521484375,34.22412109375,124.22265625,6.428466796875,2.5919189453125,37.24609375,76.9754638671875,-82.9892578125,17.615966796875,-101.83364868164062,-3.054746627807617,-97.062255859375,98.02989959716797,71.71498107910156,-4.882992267608643,11.483560562133789,-3.054746627807617,-97.062255859375,98.02989959716797,71.71498107910156,-4.882992267608643,11.483560562133789,932.1385680459005,489.1684168008985,1421.306984846799,442.97015124500194
25.308735233000334,-3.420375137918356,-97.13080168776371,97.94826048171274,69.56162117452439,-4.610575670747579,11.19157340355497,62.54345703125,108.1435546875,147.6009521484375,-142.8974609375,-46.36798095703125,121.66015625,-114.288330078125,-11.13525390625,-53.35546875,-153.215576171875,-183.45703125,-95.249755859375,8.4482421875,66.52792358398438,140.7861328125,-12.719985961914062,-5.231689453125,-12.080596923828125,89.9541015625,33.2640380859375,62.41650390625,34.22412109375,121.8232421875,2.556396484375,2.5919189453125,42.0458984375,73.10345458984375,-85.3896484375,8.01593017578125,-105.70565795898438,-3.056913375854492,-97.06900024414062,98.02584075927734,71.71812438964844,-4.880215167999268,11.486677169799805,-3.056913375854492,-97.06900024414062,98.02584075927734,71.71812438964844,-4.880215167999268,11.486677169799805,926.5514440563418,479.7952001848937,1406.3466442412355,446.7562438714481
25.345929993000027,-3.420375137918356,-97.13080168776371,97.94826048171274,69.56162117452439,-4.610575670747579,11.19157340355497,60.1435546875,105.74365234375,159.2169189453125,-138.09765625,-43.96795654296875,121.66015625,-114.288330078125,-11.13525390625,-45.611328125,-150.8154296875,-183.45703125,-91.377685546875,8.4482421875,68.92791748046875,140.7861328125,-15.119987487792969,-7.631591796875,-15.952606201171875,89.9541015625,33.2640380859375,66.2884521484375,34.22412109375,129.0224609375,6.428466796875,-7.008056640625,39.646484375,69.23147583007812,-90.189453125,17.615966796875,-109.57766723632812,-3.053765296936035,-97.06694793701172,98.02664947509766,71.71504211425781,-4.878000736236572,11.493547439575195,-3.053765296936035,-97.06694793701172,98.02664947509766,71.71504211425781,-4.878000736236572,11.493547439575195,924.596515426324,496.5889610505029,1421.1854764768268,428.0075543758211
25.384206103997712,-3.420375137918356,-97.13080168776371,97.94826048171274,69.56162117452439,-4.610575670747579,11.19157340355497,55.343505859375,108.1435546875,151.4727783203125,-140.4970703125,-43.96795654296875,113.916015625,-116.688232421875,-6.33544921875,-53.35546875,-153.215576171875,-185.85693359375,-95.249755859375,8.4482421875,68.92791748046875,140.7861328125,-10.319984436035156,-5.231689453125,-15.952606201171875,94.75390625,30.864044189453125,58.54443359375,36.62408447265625,121.8232421875,6.428466796875,0.19195556640625,42.0458984375,73.10345458984375,-85.3896484375,15.2159423828125,-101.83364868164062,-3.0575876235961914,-97.07138061523438,98.01830291748047,71.71542358398438,-4.884434223175049,11.491172790527344,-3.0575876235961914,-97.07138061523438,98.01830291748047,71.71542358398438,-4.884434223175049,11.491172790527344,924.7773024081921,480.7542927738631,1405.5315951820553,444.023009634329
25.414291786997637,-3.420375137918356,-97.13080168776371,97.94826048171274,69.56162117452439,-4.610575670747579,11.19157340355497,60.1435546875,108.1435546875,159.2169189453125,-140.4970703125,-43.96795654296875,117.7880859375,-111.88818359375,-13.53515625,-45.611328125,-155.615478515625,-188.25732421875,-95.249755859375,10.8486328125,66.52792358398438,136.9140625,-10.319984436035156,-2.8316650390625,-23.69659423828125,92.353515625,30.864044189453125,58.54443359375,27.02410888671875,124.22265625,-1.315673828125,-2.20806884765625,39.646484375,69.23147583007812,-85.3896484375,15.2159423828125,-101.83364868164062,-3.0544071197509766,-97.06663513183594,98.02278900146484,71.7168197631836,-4.883450984954834,11.50687026977539,-3.0544071197509766,-97.06663513183594,98.02278900146484,71.7168197631836,-4.883450984954834,11.50687026977539,926.5415454819529,480.32988518101797,1406.8714306629709,446.2116603009349
25.450226652999845,-3.420375137918356,-97.13080168776371,97.94826048171274,69.56162117452439,-4.610575670747579,11.19157340355497,60.1435546875,103.34326171875,163.0889892578125,-140.4970703125,-43.96795654296875,117.7880859375,-111.88818359375,-6.33544921875,-49.4833984375,-153.215576171875,-185.85693359375,-95.249755859375,10.8486328125,71.32794189453125,133.0419921875,-12.719985961914062,-5.231689453125,-19.824615478515625,92.353515625,30.864044189453125,62.41650390625,31.8240966796875,121.8232421875,14.17236328125,-2.20806884765625,42.0458984375,69.23147583007812,-85.3896484375,12.81597900390625,-113.44964599609375,-3.053262710571289,-97.07311248779297,98.02352905273438,71.71712493896484,-4.880983829498291,11.502418518066406,-3.053262710571289,-97.07311248779297,98.02352905273438,71.71712493896484,-4.880983829498291,11.502418518066406,923.6332574656681,490.09656152222885,1413.729818987897,433.5366959434392
25.478004690998205,-3.420375137918356,-97.13080168776371,97.94826048171274,69.56162117452439,-4.610575670747579,11.19157340355497,62.54345703125,105.74365234375,155.3448486328125,-142.8974609375,-41.5679931640625,113.916015625,-109.48828125,-8.7353515625,-49.4833984375,-150.8154296875,-185.85693359375,-91.377685546875,6.0478515625,71.32794189453125,133.0419921875,-12.719985961914062,-5.231689453125,-15.952606201171875,94.75390625,28.46405029296875,58.54443359375,34.22412109375,124.22265625,6.428466796875,0.19195556640625,39.646484375,65.35946655273438,-85.3896484375,15.2159423828125,-101.83364868164062,-3.0512962341308594,-97.07200622558594,98.01405334472656,71.71453857421875,-4.878262996673584,11.501556396484375,-3.0512962341308594,-97.07200622558594,98.01405334472656,71.71453857421875,-4.878262996673584,11.501556396484375,913.21412929164,475.24406353003974,1388.4581928216799,437.97006576160027
25.511430685997766,-3.420375137918356,-97.13080168776371,97.94826048171274,69.56162117452439,-4.610575670747579,11.19157340355497,60.1435546875,105.74365234375,155.3448486328125,-145.2978515625,-43.96795654296875,117.7880859375,-116.688232421875,-11.13525390625,-45.611328125,-155.615478515625,-183.45703125,-95.249755859375,3.6484375,66.52792358398438,136.9140625,-15.119987487792969,-7.631591796875,-19.824615478515625,94.75390625,30.864044189453125,66.2884521484375,31.8240966796875,119.4228515625,-5.187744140625,2.5919189453125,46.8466796875,76.9754638671875,-85.3896484375,12.81597900390625,-101.83364868164062,-3.060140609741211,-97.07020568847656,98.01285552978516,71.71842956542969,-4.883277416229248,11.508186340332031,-3.060140609741211,-97.07020568847656,98.01285552978516,71.71842956542969,-4.883277416229248,11.508186340332031,926.2344143739549,493.12131136203766,1419.3557257359926,433.11310301191725
25.54791795499841,-3.420375137918356,-97.13080168776371,97.94826048171274,69.56162117452439,-4.610575670747579,11.19157340355497,60.1435546875,100.943359375,155.3448486328125,-142.8974609375,-43.96795654296875,110.0439453125,-111.88818359375,-8.7353515625,-49.4833984375,-148.41552734375,-185.85693359375,-95.249755859375,8.4482421875,68.92791748046875,136.9140625,-12.719985961914062,-2.8316650390625,-19.824615478515625,92.353515625,30.864044189453125,66.2884521484375,29.42413330078125,124.22265625,6.428466796875,7.39190673828125,42.0458984375,69.23147583007812,-85.3896484375,12.81597900390625,-101.83364868164062,-3.0534887313842773,-97.07018280029297,98.01150512695312,71.71585845947266,-4.878060817718506,11.501787185668945,-3.0534887313842773,-97.07018280029297,98.01150512695312,71.71585845947266,-4.878060817718506,11.501787185668945,912.7995635277749,484.1905555873608,1396.9901191151357,428.60900794041413
25.580526226000075,-3.420375137918356,-97.13080168776371,97.94826048171274,69.56162117452439,-4.610575670747579,11.19157340355497,57.74365234375,103.34326171875,155.3448486328125,-145.2978515625,-43.96795654296875,113.916015625,-114.288330078125,-11.13525390625,-57.2275390625,-150.8154296875,-185.85693359375,-95.249755859375,8.4482421875,73.72793579101562,136.9140625,-10.319984436035156,-2.8316650390625,-23.69659423828125,94.75390625,28.46405029296875,62.41650390625,29.42413330078125,119.4228515625,6.428466796875,-2.20806884765625,42.0458984375,73.10345458984375,-85.3896484375,12.81597900390625,-105.70565795898438,-3.0491409301757812,-97.06704711914062,98.01054382324219,71.7190170288086,-4.877994060516357,11.511602401733398,-3.0491409301757812,-97.06704711914062,98.01054382324219,71.7190170288086,-4.877994060516357,11.511602401733398,926.7416033832073,486.99384858741894,1413.7354519706264,439.7477547957884
25.619607106997137,-3.420375137918356,-97.13080168776371,97.94826048171274,69.56162117452439,-4.610575670747579,11.19157340355497,62.54345703125,105.74365234375,166.9608154296875,-135.697265625,-46.36798095703125,113.916015625,-111.88818359375,-6.33544921875,-49.4833984375,-153.215576171875,-188.25732421875,-99.121826171875,6.0478515625,71.32794189453125,136.9140625,-12.719985961914062,-5.231689453125,-19.824615478515625,92.353515625,30.864044189453125,58.54443359375,39.02410888671875,124.22265625,2.556396484375,2.5919189453125,42.0458984375,73.10345458984375,-82.9892578125,12.81597900390625,-105.70565795898438,-3.054783821105957,-97.07118225097656,98.01372528076172,71.71546936035156,-4.877356052398682,11.495996475219727,-3.054783821105957,-97.07118225097656,98.01372528076172,71.71546936035156,-4.877356052398682,11.495996475219727,929.6205488391244,487.3532925540681,1416.9738413931925,442.26725628505625
25.646811067999806,-3.420375137918356,-97.13080168776371,97.94826048171274,69.56162117452439,-4.610575670747579,11.19157340355497,60.1435546875,108.1435546875,159.2169189453125,-138.09765625,-39.16796875,121.66015625,-114.288330078125,-3.93505859375,-45.611328125,-148.41552734375,-188.25732421875,-95.249755859375,8.4482421875,71.32794189453125,140.7861328125,-15.119987487792969,-7.631591796875,-19.824615478515625,94.75390625,33.2640380859375,62.41650390625,36.62408447265625,121.8232421875,6.428466796875,-4.60809326171875,49.24609375,73.10345458984375,-82.9892578125,15.2159423828125,-105.70565795898438,-3.05019474029541,-97.06776428222656,98.00687408447266,71.71662902832031,-4.879090785980225,11.520599365234375,-3.05019474029541,-97.06776428222656,98.00687408447266,71.71662902832031,-4.879090785980225,11.520599365234375,928.935555718299,495.1991666141569,1424.134722332456,433.7363891041421
25.677109246997134,-3.420375137918356,-97.13080168776371,97.94826048171274,69.56162117452439,-4.610575670747579,11.19157340355497,60.1435546875,103.34326171875,151.4727783203125,-140.4970703125,-46.36798095703125,117.7880859375,-109.48828125,-11.13525390625,-45.611328125,-153.215576171875,-188.25732421875,-99.121826171875,8.4482421875,68.92791748046875,136.9140625,-10.319984436035156,-2.8316650390625,-15.952606201171875,92.353515625,35.664031982421875,66.2884521484375,34.22412109375,119.4228515625,6.428466796875,-2.20806884765625,44.4462890625,69.23147583007812,-85.3896484375,12.81597900390625,-101.83364868164062,-3.056825637817383,-97.0691146850586,98.01201629638672,71.71755981445312,-4.882665157318115,11.5078125,-3.056825637817383,-97.0691146850586,98.01201629638672,71.71755981445312,-4.882665157318115,11.5078125,916.9255895038233,478.5630242978024,1395.4886138016257,438.3625652060209
25.713459143000364,-3.420375137918356,-97.13080168776371,97.94826048171274,69.56162117452439,-4.610575670747579,11.19157340355497,60.1435546875,100.943359375,159.2169189453125,-142.8974609375,-43.96795654296875,110.0439453125,-107.088134765625,-8.7353515625,-57.2275390625,-153.215576171875,-190.6572265625,-91.377685546875,6.0478515625,71.32794189453125,129.169921875,-12.719985961914062,-10.0316162109375,-12.080596923828125,94.75390625,30.864044189453125,58.54443359375,31.8240966796875,124.22265625,10.30029296875,-2.20806884765625,44.4462890625,73.10345458984375,-82.9892578125,12.81597900390625,-105.70565795898438,-3.0526390075683594,-97.07231140136719,98.0025405883789,71.7137680053711,-4.876760959625244,11.516544342041016,-3.0526390075683594,-97.07231140136719,98.0025405883789,71.7137680053711,-4.876760959625244,11.516544342041016,914.0384185958756,485.01749758557423,1399.05591618145,429.0209210103013
25.74891898199712,-3.420375137918356,-97.13080168776371,97.94826048171274,69.56162117452439,-4.610575670747579,11.19157340355497,60.1435546875,103.34326171875,147.6009521484375,-138.09765625,-41.5679931640625,125.5322265625,-114.288330078125,-11.13525390625,-45.611328125,-153.215576171875,-188.25732421875,-95.249755859375,8.4482421875,71.32794189453125,140.7861328125,-15.119987487792969,-7.631591796875,-15.952606201171875,94.75390625,30.864044189453125,66.2884521484375,36.62408447265625,121.8232421875,2.556396484375,-4.60809326171875,46.8466796875,73.10345458984375,-82.9892578125,17.615966796875,-105.70565795898438,-3.048953056335449,-97.06990051269531,97.99812316894531,71.7188720703125,-4.881007671356201,11.51754379272461,-3.048953056335449,-97.06990051269531,97.99812316894531,71.7188720703125,-4.881007671356201,11.51754379272461,923.5071403250241,492.67762911756074,1416.1847694425849,430.8295112074634
25.781033331997605,-3.420375137918356,-97.13080168776371,97.94826048171274,69.56162117452439,-4.610575670747579,11.19157340355497,57.74365234375,103.34326171875,151.4727783203125,-140.4970703125,-41.5679931640625,110.0439453125,-116.688232421875,-8.7353515625,-53.35546875,-150.8154296875,-193.05712890625,-99.121826171875,3.6484375,68.92791748046875,136.9140625,-12.719985961914062,-0.431640625,-19.824615478515625,94.75390625,28.46405029296875,58.54443359375,31.8240966796875,119.4228515625,6.428466796875,-2.20806884765625,39.646484375,73.10345458984375,-80.5888671875,17.615966796875,-105.70565795898438,-3.0531415939331055,-97.07069396972656,97.99723052978516,71.71824645996094,-4.881419658660889,11.518054962158203,-3.0531415939331055,-97.07069396972656,97.99723052978516,71.71824645996094,-4.881419658660889,11.518054962158203,921.6949106488318,479.5523468808928,1401.2472575297245,442.14256376793895
25.81370335400061,-3.420375137918356,-97.13080168776371,97.94826048171274,69.56162117452439,-4.610575670747579,11.19157340355497,57.74365234375,105.74365234375,151.4727783203125,-140.4970703125,-41.5679931640625,113.916015625,-111.88818359375,-6.33544921875,-49.4833984375,-153.215576171875,-183.45703125,-99.121826171875,3.6484375,68.92791748046875,136.9140625,-15.119987487792969,-7.631591796875,-15.952606201171875,97.1533203125,30.864044189453125,58.54443359375,31.8240966796875,124.22265625,6.428466796875,-4.60809326171875,44.4462890625,69.23147583007812,-78.189453125,17.615966796875,-105.70565795898438,-3.049703598022461,-97.0676040649414,97.99064636230469,71.7149429321289,-4.875175952911377,11.515819549560547,-3.049703598022461,-97.0676040649414,97.99064636230469,71.7149429321289,-4.875175952911377,11.515819549560547,913.7323456851456,484.27111478608356,1398.0034604712291,429.461230899062
25.855961426997965,-3.420375137918356,-97.13080168776371,97.94826048171274,69.56162117452439,-4.610575670747579,11.19157340355497,55.343505859375,100.943359375,159.2169189453125,-147.697265625,-41.5679931640625,113.916015625,-114.288330078125,-8.7353515625,-49.4833984375,-155.615478515625,-183.45703125,-95.249755859375,8.4482421875,66.52792358398438,136.9140625,-15.119987487792969,-7.631591796875,-23.69659423828125,94.75390625,33.2640380859375,58.54443359375,31.8240966796875,126.623046875,2.556396484375,0.19195556640625,44.4462890625,69.23147583007812,-80.5888671875,15.2159423828125,-105.70565795898438,-3.0482711791992188,-97.07017517089844,97.99331665039062,71.71759033203125,-4.8790106773376465,11.528493881225586,-3.0482711791992188,-97.07017517089844,97.99331665039062,71.71759033203125,-4.8790106773376465,11.528493881225586,923.6156406271359,492.01621592941495,1415.631856556551,431.59942469772096
25.882747362000373,-3.420375137918356,-97.13080168776371,97.94826048171274,69.56162117452439,-4.610575670747579,11.19157340355497,55.343505859375,98.54345703125,151.4727783203125,-140.4970703125,-41.5679931640625,110.0439453125,-111.88818359375,-8.7353515625,-49.4833984375,-150.8154296875,-188.25732421875,-99.121826171875,3.6484375,66.52792358398438,136.9140625,-10.319984436035156,-2.8316650390625,-19.824615478515625,97.1533203125,30.864044189453125,62.41650390625,34.22412109375,124.22265625,6.428466796875,0.19195556640625,42.0458984375,73.10345458984375,-80.5888671875,15.2159423828125,-105.70565795898438,-3.0542421340942383,-97.0778579711914,97.98699951171875,71.7168960571289,-4.878004550933838,11.52741813659668,-3.0542421340942383,-97.0778579711914,97.98699951171875,71.7168960571289,-4.878004550933838,11.52741813659668,907.9400907150903,489.1914889937683,1397.1315797088587,418.74860172132196
25.91670969400002,-3.420375137918356,-97.13080168776371,97.94826048171274,69.56162117452439,-4.610575670747579,11.19157340355497,55.343505859375,103.34326171875,151.4727783203125,-147.697265625,-41.5679931640625,110.0439453125,-109.48828125,-8.7353515625,-49.4833984375,-150.8154296875,-185.85693359375,-95.249755859375,6.0478515625,66.52792358398438,129.169921875,-12.719985961914062,-2.8316650390625,-19.824615478515625,92.353515625,38.06402587890625,58.54443359375,39.02410888671875,121.8232421875,2.556396484375,0.19195556640625,42.0458984375,73.10345458984375,-78.189453125,12.81597900390625,-97.961669921875,-3.053874969482422,-97.06892395019531,97.99166870117188,71.71904754638672,-4.879333972930908,11.53146743774414,-3.053874969482422,-97.06892395019531,97.99166870117188,71.71904754638672,-4.879333972930908,11.53146743774414,903.8505848479344,477.7788106008047,1381.6293954487392,426.0717742471297
25.950085615997523,-3.420375137918356,-97.13080168776371,97.94826048171274,69.56162117452439,-4.610575670747579,11.19157340355497,55.343505859375,103.34326171875,151.4727783203125,-145.2978515625,-46.36798095703125,117.7880859375,-114.288330078125,-6.33544921875,-41.73974609375,-153.215576171875,-190.6572265625,-99.121826171875,3.6484375,68.92791748046875,133.0419921875,-12.719985961914062,-7.631591796875,-23.69659423828125,94.75390625,33.2640380859375,50.8004150390625,31.8240966796875,119.4228515625,2.556396484375,0.19195556640625,46.8466796875,65.35946655273438,-80.5888671875,12.81597900390625,-97.961669921875,-3.0495595932006836,-97.07582092285156,97.98475646972656,71.71405792236328,-4.873097896575928,11.533187866210938,-3.0495595932006836,-97.07582092285156,97.98475646972656,71.71405792236328,-4.873097896575928,11.533187866210938,919.875402229102,472.0252948534547,1391.9006970825567,447.85010737564727
25.98710414800007,-3.420375137918356,-97.13080168776371,97.94826048171274,69.56162117452439,-4.610575670747579,11.19157340355497,55.343505859375,98.54345703125,151.4727783203125,-147.697265625,-46.36798095703125,110.0439453125,-109.48828125,-6.33544921875,-49.4833984375,-153.215576171875,-193.05712890625,-91.377685546875,6.0478515625,68.92791748046875,136.9140625,-10.319984436035156,1.9683837890625,-15.952606201171875,94.75390625,30.864044189453125,58.54443359375,31.8240966796875,121.8232421875,6.428466796875,-2.20806884765625,44.4462890625,73.10345458984375,-78.189453125,12.81597900390625,-105.70565795898438,-3.046940803527832,-97.0703125,97.98274230957031,71.7200927734375,-4.8724141120910645,11.541963577270508,-3.046940803527832,-97.0703125,97.98274230957031,71.7200927734375,-4.8724141120910645,11.541963577270508,915.5073764862948,478.44234373677295,1393.9497202230677,437.06503274952183
26.023240110000188,-3.346818683339464,-97.13080168776371,97.94826048171274,69.56162117452439,-4.610575670747579,11.19157340355497,55.343505859375,98.54345703125,163.0889892578125,-138.09765625,-41.5679931640625,117.7880859375,-114.288330078125,-8.7353515625,-49.4833984375,-148.41552734375,-188.25732421875,-95.249755859375,3.6484375,64.1279296875,136.9140625,-15.119987487792969,-5.231689453125,-12.080596923828125,37.1533203125,23.664031982421875,31.4404296875,24.62408447265625,112.22265625,10.30029296875,0.19195556640625,3.646484375,49.8714599609375,-92.5888671875,8.01593017578125,-70.857666015625,-3.0419063568115234,-97.06732177734375,97.97899627685547,71.71733093261719,-4.877859592437744,11.532342910766602,-3.0419063568115234,-97.06732177734375,97.97899627685547,71.71733093261719,-4.877859592437744,11.532342910766602,918.6631705563798,356.3916005819844,1275.0547711383642,562.2715699743953
26.048675993999495,-3.1997057741816803,-97.13080168776371,97.94826048171274,69.56162117452439,-4.610575670747579,11.19157340355497,55.343505859375,100.943359375,155.3448486328125,-147.697265625,-41.5679931640625,117.7880859375,-109.48828125,-3.93505859375,-49.4833984375,-150.8154296875,-190.6572265625,-99.121826171875,3.6484375,68.92791748046875,133.0419921875,-7.91998291015625,-14.8316650390625,-4.33660888671875,-73.24609375,2.06402587890625,-11.1514892578125,3.02410888671875,93.0224609375,25.788330078125,2.5919189453125,-73.1533203125,15.023468017578125,-99.7890625,8.01593017578125,-28.265655517578125,-3.0466537475585938,-97.07472229003906,97.98055267333984,71.71913146972656,-4.873021602630615,11.538778305053711,-3.0466537475585938,-97.07472229003906,97.98055267333984,71.71913146972656,-4.873021602630615,11.538778305053711,919.4085519169925,366.81054800739565,1286.219099924388,552.5980039095969
26.084151916998962,-3.1997057741816803,-97.13080168776371,97.94826048171274,69.56162117452439,-4.610575670747579,11.19157340355497,60.1435546875,103.34326171875,151.4727783203125,-147.697265625,-46.36798095703125,110.0439453125,-109.48828125,-11.13525390625,-53.35546875,-150.8154296875,-193.05712890625,-91.377685546875,1.248046875,68.92791748046875,133.0419921875,-7.91998291015625,-17.231689453125,-4.33660888671875,-111.646484375,2.06402587890625,-34.383544921875,-1.77587890625,83.4228515625,25.788330078125,2.5919189453125,-97.1533203125,7.27947998046875,-106.9892578125,5.615966796875,-12.77764892578125,-3.0501785278320312,-97.07456970214844,97.98240661621094,71.72169494628906,-4.873561382293701,11.543893814086914,-3.0501785278320312,-97.07456970214844,97.98240661621094,71.72169494628906,-4.873561382293701,11.543893814086914,916.5282081897165,428.98532942707664,1345.5135376167932,487.5428787626398
26.12008601799971,-3.1997057741816803,-97.13080168776371,97.94826048171274,69.56162117452439,-4.610575670747579,11.19157340355497,55.343505859375,98.54345703125,151.4727783203125,-142.8974609375,-46.36798095703125,113.916015625,-111.88818359375,-8.7353515625,-49.4833984375,-150.8154296875,-188.25732421875,-95.249755859375,1.248046875,66.52792358398438,129.169921875,-5.519981384277344,-12.431640625,-0.464599609375,-114.0458984375,-5.135955810546875,-30.5115966796875,0.62408447265625,83.4228515625,29.660400390625,0.19195556640625,-97.1533203125,7.27947998046875,-102.189453125,0.815948486328125,-12.77764892578125,-3.0437755584716797,-97.0679931640625,97.9757080078125,71.7197036743164,-4.876936435699463,11.549333572387695,-3.0437755584716797,-97.0679931640625,97.9757080078125,71.7197036743164,-4.876936435699463,11.549333572387695,904.8264156908144,420.73376114112205,1325.5601768319366,484.0926545496924
26.153207414998178,-3.1997057741816803,-97.13080168776371,97.94826048171274,69.56162117452439,-4.610575670747579,11.19157340355497,55.343505859375,108.1435546875,151.4727783203125,-147.697265625,-43.96795654296875,106.171875,-111.88818359375,0.86474609375,-41.73974609375,-153.215576171875,-188.25732421875,-99.121826171875,1.248046875,64.1279296875,140.7861328125,-3.1199874877929688,-17.231689453125,-0.464599609375,-111.646484375,-2.7359619140625,-30.5115966796875,-1.77587890625,85.8232421875,29.660400390625,-2.20806884765625,-99.5537109375,7.27947998046875,-102.189453125,3.2159423828125,-12.77764892578125,-3.0458736419677734,-97.06609344482422,97.97589874267578,71.71808624267578,-4.873891353607178,11.546932220458984,-3.0458736419677734,-97.06609344482422,97.97589874267578,71.71808624267578,-4.873891353607178,11.546932220458984,917.6231779639297,426.9916946429812,1344.614872606911,490.6314833209485
26.192346587999054,-3.1997057741816803,-97.13080168776371,97.94826048171274,69.56162117452439,-4.610575670747579,11.19157340355497,52.943603515625,98.54345703125,155.3448486328125,-147.697265625,-43.96795654296875,106.171875,-107.088134765625,-3.93505859375,-45.611328125,-148.41552734375,-190.6572265625,-95.249755859375,1.248046875,64.1279296875,136.9140625,-5.519981384277344,-14.8316650390625,-4.33660888671875,-111.646484375,-2.7359619140625,-34.383544921875,-4.1759033203125,88.22265625,29.660400390625,-2.20806884765625,-94.75390625,3.407470703125,-104.5888671875,0.815948486328125,-8.905670166015625,-3.0455265045166016,-97.06231689453125,97.97799682617188,71.71958923339844,-4.877041339874268,11.55388069152832,-3.0455265045166016,-97.06231689453125,97.97799682617188,71.71958923339844,-4.877041339874268,11.55388069152832,905.9356451751399,426.24221326414937,1332.1778584392894,479.69343191099057
26.21978451399991,-3.1997057741816803,-97.13080168776371,97.94826048171274,69.56162117452439,-4.610575670747579,11.19157340355497,52.943603515625,100.943359375,151.4727783203125,-147.697265625,-41.5679931640625,117.7880859375,-109.48828125,-6.33544921875,-45.611328125,-153.215576171875,-190.6572265625,-95.249755859375,-1.1513671875,68.92791748046875,129.169921875,-3.1199874877929688,-17.231689453125,-8.208587646484375,-116.4462890625,-0.335968017578125,-30.5115966796875,-1.77587890625,83.4228515625,25.788330078125,-2.20806884765625,-99.5537109375,7.27947998046875,-104.5888671875,0.815948486328125,-16.649658203125,-3.0464887619018555,-97.07379150390625,97.96537780761719,71.71886444091797,-4.883345127105713,11.556344985961914,-3.0464887619018555,-97.07379150390625,97.96537780761719,71.71886444091797,-4.883345127105713,11.556344985961914,910.6791041267309,432.8068562330689,1343.4859603597997,477.87224789366195
26.257536171997344,-3.1997057741816803,-97.13080168776371,97.94826048171274,69.56162117452439,-4.610575670747579,11.19157340355497,55.343505859375,105.74365234375,151.4727783203125,-145.2978515625,-41.5679931640625,110.0439453125,-109.48828125,-8.7353515625,-41.73974609375,-150.8154296875,-185.85693359375,-91.377685546875,1.248046875,71.32794189453125,133.0419921875,-10.319984436035156,-19.631591796875,-0.464599609375,-116.4462890625,-0.335968017578125,-30.5115966796875,-1.77587890625,83.4228515625,29.660400390625,0.19195556640625,-101.9541015625,7.27947998046875,-99.7890625,0.815948486328125,-16.649658203125,-3.0484561920166016,-97.06695556640625,97.9728012084961,71.71769714355469,-4.8717827796936035,11.563285827636719,-3.0484561920166016,-97.06695556640625,97.9728012084961,71.71769714355469,-4.8717827796936035,11.563285827636719,904.4505988049793,434.50368880269707,1338.9542876076764,469.94691000228227
26.287344452997786,-3.1997057741816803,-97.13080168776371,97.94826048171274,69.56162117452439,-4.610575670747579,11.19157340355497,55.343505859375,100.943359375,155.3448486328125,-150.09765625,-41.5679931640625,106.171875,-111.88818359375,-3.93505859375,-45.611328125,-153.215576171875,-190.6572265625,-99.121826171875,-1.1513671875,68.92791748046875,133.0419921875,-5.519981384277344,-17.231689453125,-0.464599609375,-114.0458984375,-2.7359619140625,-38.2554931640625,0.62408447265625,83.4228515625,29.660400390625,2.5919189453125,-99.5537109375,-0.46453857421875,-94.9892578125,3.2159423828125,-8.905670166015625,-3.0443382263183594,-97.0684585571289,97.96781158447266,71.72264099121094,-4.875936985015869,11.566900253295898,-3.0443382263183594,-97.0684585571289,97.96781158447266,71.72264099121094,-4.875936985015869,11.566900253295898,916.49096415724,422.01190205977537,1338.5028662170153,494.47906209746463
26.321711404998496,-3.1997057741816803,-97.13080168776371,97.94826048171274,69.56162117452439,-4.610575670747579,11.19157340355497,55.343505859375,100.943359375,155.3448486328125,-145.2978515625,-41.5679931640625,106.171875,-111.88818359375,-3.93505859375,-49.4833984375,-153.215576171875,-190.6572265625,-87.505615234375,3.6484375,66.52792358398438,133.0419921875,-3.1199874877929688,-19.631591796875,-4.33660888671875,-121.24609375,2.06402587890625,-34.383544921875,-1.77587890625,81.0224609375,25.788330078125,0.19195556640625,-104.353515625,-0.46453857421875,-97.3896484375,-1.58404541015625,-5.033660888671875,-3.0467395782470703,-97.06087493896484,97.9749755859375,71.71698760986328,-4.867407321929932,11.56724739074707,-3.0467395782470703,-97.06087493896484,97.9749755859375,71.71698760986328,-4.867407321929932,11.56724739074707,909.0169645587137,433.32285517068357,1342.3398197293973,475.6941093880301
26.354019777998474,-3.1997057741816803,-97.13080168776371,97.94826048171274,69.56162117452439,-4.610575670747579,11.19157340355497,57.74365234375,103.34326171875,151.4727783203125,-140.4970703125,-46.36798095703125,106.171875,-111.88818359375,-3.93505859375,-53.35546875,-148.41552734375,-190.6572265625,-95.249755859375,1.248046875,68.92791748046875,129.169921875,-7.91998291015625,-14.8316650390625,-0.464599609375,-116.4462890625,-2.7359619140625,-38.2554931640625,-4.1759033203125,83.4228515625,29.660400390625,0.19195556640625,-101.9541015625,-0.46453857421875,-102.189453125,0.815948486328125,-16.649658203125,-3.0447378158569336,-97.06930541992188,97.96695709228516,71.71820068359375,-4.87820291519165,11.56707763671875,-3.0447378158569336,-97.06930541992188,97.96695709228516,71.71820068359375,-4.87820291519165,11.56707763671875,904.4968598837036,433.5526792984897,1338.0495391821933,470.94418058521387
26.39124220300073,-3.1997057741816803,-97.13080168776371,97.94826048171274,69.56162117452439,-4.610575670747579,11.19157340355497,52.943603515625,100.943359375,151.4727783203125,-150.09765625,-39.16796875,110.0439453125,-109.48828125,-6.33544921875,-41.73974609375,-153.215576171875,-185.85693359375,-95.249755859375,3.6484375,66.52792358398438,140.7861328125,-7.91998291015625,-17.231689453125,-0.464599609375,-121.24609375,-2.7359619140625,-30.5115966796875,-1.77587890625,85.8232421875,29.660400390625,-2.20806884765625,-99.5537109375,-4.3365478515625,-99.7890625,3.2159423828125,-5.033660888671875,-3.046182632446289,-97.06781768798828,97.97215270996094,71.7206039428711,-4.8742194175720215,11.577899932861328,-3.046182632446289,-97.06781768798828,97.97215270996094,71.7206039428711,-4.8742194175720215,11.577899932861328,911.8817975746967,434.48817294337107,1346.369970518068,477.3936246313257
26.420082971999364,-3.1997057741816803,-97.13080168776371,97.94826048171274,69.56162117452439,-4.610575670747579,11.19157340355497,57.74365234375,103.34326171875,151.4727783203125,-150.09765625,-43.96795654296875,106.171875,-111.88818359375,-3.93505859375,-45.611328125,-148.41552734375,-193.05712890625,-91.377685546875,8.4482421875,68.92791748046875,133.0419921875,-5.519981384277344,-14.8316650390625,-0.464599609375,-118.8466796875,-2.7359619140625,-38.2554931640625,-6.57586669921875,83.4228515625,29.660400390625,0.19195556640625,-101.9541015625,-0.46453857421875,-99.7890625,0.815948486328125,-8.905670166015625,-3.0439624786376953,-97.06880950927734,97.9660415649414,71.71974182128906,-4.872044086456299,11.573287963867188,-3.0439624786376953,-97.06880950927734,97.9660415649414,71.71974182128906,-4.872044086456299,11.573287963867188,912.341652689098,431.64128298789916,1343.9829356769972,480.7003697011989
26.455502429998887,-3.1997057741816803,-97.13080168776371,97.94826048171274,69.56162117452439,-4.610575670747579,11.19157340355497,57.74365234375,100.943359375,151.4727783203125,-150.09765625,-43.96795654296875,110.0439453125,-109.48828125,-1.53515625,-45.611328125,-153.215576171875,-193.05712890625,-91.377685546875,3.6484375,66.52792358398438,133.0419921875,-3.1199874877929688,-19.631591796875,-8.208587646484375,-116.4462890625,-2.7359619140625,-38.2554931640625,0.62408447265625,81.0224609375,25.788330078125,0.19195556640625,-104.353515625,3.407470703125,-94.9892578125,0.815948486328125,-12.77764892578125,-3.0431642532348633,-97.06954956054688,97.96171569824219,71.71650695800781,-4.8733954429626465,11.56535530090332,-3.0431642532348633,-97.06954956054688,97.96171569824219,71.71650695800781,-4.8733954429626465,11.56535530090332,912.4774174277914,429.3933251794968,1341.870742607288,483.08409224829455
26.48980597499758,-3.1997057741816803,-97.13080168776371,97.94826048171274,69.56162117452439,-4.610575670747579,11.19157340355497,55.343505859375,103.34326171875,151.4727783203125,-152.4970703125,-43.96795654296875,106.171875,-107.088134765625,-3.93505859375,-41.73974609375,-146.015625,-190.6572265625,-99.121826171875,1.248046875,68.92791748046875,133.0419921875,-5.519981384277344,-17.231689453125,-0.464599609375,-118.8466796875,-2.7359619140625,-38.2554931640625,-4.1759033203125,81.0224609375,29.660400390625,2.5919189453125,-104.353515625,3.407470703125,-106.9892578125,-1.58404541015625,-5.033660888671875,-3.042520523071289,-97.06861877441406,97.96690368652344,71.72030639648438,-4.8749823570251465,11.574930191040039,-3.042520523071289,-97.06861877441406,97.96690368652344,71.72030639648438,-4.8749823570251465,11.574930191040039,907.1301289162836,440.92457364184656,1348.0547025581302,466.2055552744371
26.52652050799952,-3.1997057741816803,-97.13080168776371,97.94826048171274,69.56162117452439,-4.610575670747579,11.19157340355497,52.943603515625,100.943359375,147.6009521484375,-150.09765625,-41.5679931640625,110.0439453125,-107.088134765625,-1.53515625,-45.611328125,-148.41552734375,-193.05712890625,-91.377685546875,1.248046875,64.1279296875,129.169921875,-5.519981384277344,-19.631591796875,-4.33660888671875,-118.8466796875,-2.7359619140625,-30.5115966796875,-6.57586669921875,83.4228515625,25.788330078125,2.5919189453125,-101.9541015625,-4.3365478515625,-99.7890625,0.815948486328125,-8.905670166015625,-3.044966697692871,-97.07026672363281,97.95991516113281,71.72247314453125,-4.871107578277588,11.583185195922852,-3.044966697692871,-97.07026672363281,97.95991516113281,71.72247314453125,-4.871107578277588,11.583185195922852,897.9088669786726,433.4135150294778,1331.3223820081503,464.49535194919474
26.565878497000085,-3.1997057741816803,-97.13080168776371,97.94826048171274,69.56162117452439,-4.610575670747579,11.19157340355497,50.54345703125,100.943359375,155.3448486328125,-150.09765625,-43.96795654296875,102.30029296875,-107.088134765625,-6.33544921875,-45.611328125,-146.015625,-193.05712890625,-95.249755859375,-3.5517578125,68.92791748046875,133.0419921875,-3.1199874877929688,-19.631591796875,-0.464599609375,-118.8466796875,-2.7359619140625,-38.2554931640625,-4.1759033203125,81.0224609375,29.660400390625,4.991943359375,-101.9541015625,3.407470703125,-99.7890625,0.815948486328125,-16.649658203125,-3.044034004211426,-97.06838989257812,97.95978546142578,71.72068786621094,-4.86903715133667,11.575115203857422,-3.044034004211426,-97.06838989257812,97.95978546142578,71.72068786621094,-4.86903715133667,11.575115203857422,905.4937702711732,434.4520566098395,1339.9458268810126,471.0417136613337
26.594953478997923,-3.1997057741816803,-97.13080168776371,97.94826048171274,69.56162117452439,-4.610575670747579,11.19157340355497,50.54345703125,98.54345703125,151.4727783203125,-152.4970703125,-41.5679931640625,110.0439453125,-109.48828125,-6.33544921875,-41.73974609375,-150.8154296875,-188.25732421875,-95.249755859375,-3.5517578125,68.92791748046875,133.0419921875,-7.91998291015625,-24.431640625,-4.33660888671875,-123.646484375,-5.135955810546875,-38.2554931640625,-6.57586669921875,81.0224609375,25.788330078125,0.19195556640625,-99.5537109375,-0.46453857421875,-97.3896484375,3.2159423828125,-8.905670166015625,-3.0441036224365234,-97.07319641113281,97.95929718017578,71.71847534179688,-4.8716511726379395,11.593526840209961,-3.0441036224365234,-97.07319641113281,97.95929718017578,71.71847534179688,-4.8716511726379395,11.593526840209961,906.8049493236574,438.2631997910694,1345.0681491147268,468.541749532588
26.6219862020007,-3.1997057741816803,-97.13080168776371,97.94826048171274,69.56162117452439,-4.610575670747579,11.19157340355497,55.343505859375,100.943359375,139.8568115234375,-145.2978515625,-41.5679931640625,113.916015625,-111.88818359375,0.86474609375,-41.73974609375,-146.015625,-190.6572265625,-91.377685546875,-1.1513671875,66.52792358398438,133.0419921875,-5.519981384277344,-19.631591796875,3.40740966796875,-116.4462890625,-2.7359619140625,-42.1275634765625,-4.1759033203125,78.623046875,21.916259765625,0.19195556640625,-104.353515625,-4.3365478515625,-97.3896484375,-1.58404541015625,-5.033660888671875,-3.0469093322753906,-97.06340026855469,97.96028900146484,71.72280883789062,-4.869762897491455,11.587100982666016,-3.0469093322753906,-97.06340026855469,97.96028900146484,71.72280883789062,-4.869762897491455,11.587100982666016,895.5147454645926,428.241760584781,1323.7565060493735,467.2729848798116
26.659242724999785,-3.1997057741816803,-97.13080168776371,97.94826048171274,69.56162117452439,-4.610575670747579,11.19157340355497,52.943603515625,98.54345703125,151.4727783203125,-150.09765625,-43.96795654296875,98.42822265625,-109.48828125,-3.93505859375,-41.73974609375,-150.8154296875,-190.6572265625,-95.249755859375,-1.1513671875,68.92791748046875,117.553955078125,-10.319984436035156,-17.231689453125,-4.33660888671875,-116.4462890625,-5.135955810546875,-34.383544921875,-6.57586669921875,78.623046875,25.788330078125,2.5919189453125,-104.353515625,3.407470703125,-97.3896484375,-1.58404541015625,-5.033660888671875,-3.05035400390625,-97.06600952148438,97.95570373535156,71.72093200683594,-4.8734307289123535,11.592819213867188,-3.05035400390625,-97.06600952148438,97.95570373535156,71.72093200683594,-4.8734307289123535,11.592819213867188,887.7086260153111,427.0525532904474,1314.7611793057586,460.6560727248637
26.69080121499792,-3.1997057741816803,-97.13080168776371,97.94826048171274,69.56162117452439,-4.610575670747579,11.19157340355497,57.74365234375,100.943359375,147.6009521484375,-152.4970703125,-41.5679931640625,106.171875,-109.48828125,-3.93505859375,-49.4833984375,-148.41552734375,-193.05712890625,-91.377685546875,-8.3515625,68.92791748046875,129.169921875,-5.519981384277344,-12.431640625,-0.464599609375,-118.8466796875,-7.53594970703125,-26.6395263671875,-6.57586669921875,76.22265625,25.788330078125,-2.20806884765625,-106.75390625,3.407470703125,-94.9892578125,3.2159423828125,-12.77764892578125,-3.041339874267578,-97.06453704833984,97.95567321777344,71.72110748291016,-4.868624210357666,11.602445602416992,-3.041339874267578,-97.06453704833984,97.95567321777344,71.72110748291016,-4.868624210357666,11.602445602416992,905.274888480515,419.1036706848239,1324.3785591653389,486.17121779569106
26.725545620000048,-3.1997057741816803,-97.13080168776371,97.94826048171274,69.56162117452439,-4.610575670747579,11.19157340355497,50.54345703125,103.34326171875,147.6009521484375,-152.4970703125,-39.16796875,106.171875,-107.088134765625,-1.53515625,-45.611328125,-148.41552734375,-195.45703125,-91.377685546875,-3.5517578125,68.92791748046875,133.0419921875,-5.519981384277344,-14.8316650390625,-4.33660888671875,-114.0458984375,-2.7359619140625,-38.2554931640625,0.62408447265625,76.22265625,25.788330078125,0.19195556640625,-101.9541015625,-8.208526611328125,-99.7890625,0.815948486328125,-12.77764892578125,-3.041379928588867,-97.07220458984375,97.95500946044922,71.7218017578125,-4.872961521148682,11.612405776977539,-3.041379928588867,-97.07220458984375,97.95500946044922,71.7218017578125,-4.872961521148682,11.612405776977539,905.2028806710534,420.0918757218395,1325.2947563928929,485.11100494921396
26.75876434499878,-3.1997057741816803,-97.13080168776371,97.94826048171274,69.56162117452439,-4.610575670747579,11.19157340355497,55.343505859375,103.34326171875,151.4727783203125,-147.697265625,-43.96795654296875,102.30029296875,-111.88818359375,-1.53515625,-41.73974609375,-150.8154296875,-197.85693359375,-91.377685546875,-3.5517578125,71.32794189453125,121.426025390625,-7.91998291015625,-19.631591796875,-4.33660888671875,-118.8466796875,-2.7359619140625,-34.383544921875,0.62408447265625,71.4228515625,25.788330078125,0.19195556640625,-101.9541015625,3.407470703125,-104.5888671875,0.815948486328125,-5.033660888671875,-3.043283462524414,-97.06926727294922,97.95447540283203,71.7191162109375,-4.870743274688721,11.609249114990234,-3.043283462524414,-97.06926727294922,97.95447540283203,71.7191162109375,-4.870743274688721,11.609249114990234,901.8392866966926,428.02213157656166,1329.8614182732542,473.81715512013096
26.790140383000107,-3.1997057741816803,-97.13080168776371,97.94826048171274,69.56162117452439,-4.610575670747579,11.257406188281765,50.54345703125,100.943359375,151.4727783203125,-152.4970703125,-41.5679931640625,106.171875,-109.48828125,-6.33544921875,-37.86767578125,-148.41552734375,-195.45703125,-91.377685546875,-1.1513671875,68.92791748046875,129.169921875,-5.519981384277344,-14.8316650390625,-0.464599609375,-121.24609375,-2.7359619140625,-34.383544921875,0.62408447265625,73.8232421875,29.660400390625,2.5919189453125,-106.75390625,-0.46453857421875,-102.189453125,-1.58404541015625,-5.033660888671875,-3.044358253479004,-97.07211303710938,97.95458984375,71.71672821044922,-4.863400936126709,11.591316223144531,-3.044358253479004,-97.07211303710938,97.95458984375,71.71672821044922,-4.863400936126709,11.591316223144531,903.640945925047,430.56251807110067,1334.2034639961478,473.0784278539464
26.824641539998993,-3.1997057741816803,-97.13080168776371,97.94826048171274,69.56162117452439,-4.610575670747579,11.257406188281765,52.943603515625,100.943359375,151.4727783203125,-152.4970703125,-41.5679931640625,110.0439453125,-107.088134765625,-3.93505859375,-37.86767578125,-148.41552734375,-190.6572265625,-87.505615234375,-1.1513671875,66.52792358398438,129.169921875,-5.519981384277344,-19.631591796875,-8.208587646484375,-126.0458984375,-2.7359619140625,-34.383544921875,-4.1759033203125,73.8232421875,25.788330078125,0.19195556640625,-106.75390625,-0.46453857421875,-94.9892578125,3.2159423828125,-8.905670166015625,-3.04531192779541,-97.06729888916016,97.94332122802734,71.72413635253906,-4.874199390411377,11.610166549682617,-3.04531192779541,-97.06729888916016,97.94332122802734,71.72413635253906,-4.874199390411377,11.610166549682617,898.0912624337938,433.1874332535883,1331.278695687382,464.90382918020543
26.859930872000405,-3.1997057741816803,-97.13080168776371,97.94826048171274,69.56162117452439,-4.610575670747579,11.257406188281765,48.1435546875,100.943359375,151.4727783203125,-147.697265625,-41.5679931640625,102.30029296875,-111.88818359375,0.86474609375,-45.611328125,-143.615478515625,-195.45703125,-95.249755859375,-1.1513671875,66.52792358398438,133.0419921875,-5.519981384277344,-19.631591796875,-4.33660888671875,-121.24609375,-2.7359619140625,-34.383544921875,-6.57586669921875,71.4228515625,29.660400390625,0.19195556640625,-106.75390625,-0.46453857421875,-97.3896484375,-1.58404541015625,-5.033660888671875,-3.041396141052246,-97.06439208984375,97.95681762695312,71.72428894042969,-4.871862888336182,11.624689102172852,-3.041396141052246,-97.06439208984375,97.95681762695312,71.72428894042969,-4.871862888336182,11.624689102172852,902.8600244263671,428.8090799171672,1331.6691043435344,474.0509445091999
26.89375588599796,-3.1997057741816803,-97.13080168776371,97.94826048171274,69.56162117452439,-4.610575670747579,11.257406188281765,52.943603515625,96.1435546875,151.4727783203125,-145.2978515625,-39.16796875,102.30029296875,-107.088134765625,-3.93505859375,-49.4833984375,-146.015625,-197.85693359375,-99.121826171875,-1.1513671875,68.92791748046875,125.298095703125,-5.519981384277344,-19.631591796875,-0.464599609375,-126.0458984375,-5.135955810546875,-42.1275634765625,-8.97589111328125,73.8232421875,33.5322265625,0.19195556640625,-106.75390625,-0.46453857421875,-94.9892578125,5.615966796875,-5.033660888671875,-3.038548469543457,-97.07066345214844,97.94196319580078,71.7234878540039,-4.86809778213501,11.626211166381836,-3.038548469543457,-97.07066345214844,97.94196319580078,71.7234878540039,-4.86809778213501,11.626211166381836,895.1945002991022,437.017476506256,1332.211976805358,458.17702379284617
26.930113130998507,-3.1997057741816803,-97.13080168776371,97.94826048171274,69.56162117452439,-4.610575670747579,11.257406188281765,52.943603515625,96.1435546875,155.3448486328125,-150.09765625,-39.16796875,102.30029296875,-109.48828125,0.86474609375,-45.611328125,-143.615478515625,-195.45703125,-83.6337890625,-8.3515625,68.92791748046875,129.169921875,-5.519981384277344,-19.631591796875,3.40740966796875,-123.646484375,-5.135955810546875,-34.383544921875,-6.57586669921875,69.0224609375,25.788330078125,2.5919189453125,-106.75390625,-4.3365478515625,-94.9892578125,-1.58404541015625,-12.77764892578125,-3.0404253005981445,-97.0748291015625,97.93559265136719,71.7215576171875,-4.871425151824951,11.632822036743164,-3.0404253005981445,-97.0748291015625,97.93559265136719,71.7215576171875,-4.871425151824951,11.632822036743164,897.8470948600777,425.82328800159615,1323.670382861674,472.0238068584816
26.964330957998754,-3.1997057741816803,-97.13080168776371,97.94826048171274,69.56162117452439,-4.610575670747579,11.257406188281765,55.343505859375,100.943359375,151.4727783203125,-157.2978515625,-43.96795654296875,102.30029296875,-109.48828125,-3.93505859375,-37.86767578125,-150.8154296875,-193.05712890625,-95.249755859375,-1.1513671875,68.92791748046875,125.298095703125,-5.519981384277344,-19.631591796875,-0.464599609375,-126.0458984375,-2.7359619140625,-38.2554931640625,-8.97589111328125,71.4228515625,21.916259765625,2.5919189453125,-109.1533203125,-0.46453857421875,-99.7890625,-3.984039306640625,-8.905670166015625,-3.037689208984375,-97.07887268066406,97.94658660888672,71.72300720214844,-4.869307041168213,11.654458999633789,-3.037689208984375,-97.07887268066406,97.94658660888672,71.72300720214844,-4.869307041168213,11.654458999633789,904.7507906292185,436.84691372564953,1341.597704354868,467.90387690356897
26.99121520299741,-3.1997057741816803,-97.13080168776371,97.94826048171274,69.56162117452439,-4.610575670747579,11.257406188281765,52.943603515625,96.1435546875,159.2169189453125,-152.4970703125,-41.5679931640625,106.171875,-111.88818359375,-1.53515625,-49.4833984375,-148.41552734375,-195.45703125,-91.377685546875,-8.3515625,66.52792358398438,125.298095703125,-5.519981384277344,-17.231689453125,3.40740966796875,-123.646484375,-5.135955810546875,-42.1275634765625,-8.97589111328125,76.22265625,29.660400390625,-2.20806884765625,-101.9541015625,-0.46453857421875,-97.3896484375,-1.58404541015625,-12.77764892578125,-3.03806209564209,-97.06739044189453,97.94434356689453,71.7257080078125,-4.86942720413208,11.637977600097656,-3.03806209564209,-97.06739044189453,97.94434356689453,71.7257080078125,-4.86942720413208,11.637977600097656,910.1321623904038,431.6366804860253,1341.768842876429,478.4954819043785
27.04672471199956,-3.1997057741816803,-97.13080168776371,97.94826048171274,69.56162117452439,-4.610575670747579,11.257406188281765,55.343505859375,103.34326171875,151.4727783203125,-150.09765625,-39.16796875,102.30029296875,-111.88818359375,-3.93505859375,-41.73974609375,-146.015625,-193.05712890625,-87.505615234375,-3.5517578125,66.52792358398438,129.169921875,-3.1199874877929688,-14.8316650390625,-0.464599609375,-126.0458984375,-2.7359619140625,-38.2554931640625,-8.97589111328125,71.4228515625,21.916259765625,4.991943359375,-104.353515625,-0.46453857421875,-94.9892578125,0.815948486328125,-5.033660888671875,-3.03421688079834,-97.07209014892578,97.93841552734375,71.72344207763672,-4.86515474319458,11.645248413085938,-3.03421688079834,-97.07209014892578,97.93841552734375,71.72344207763672,-4.86515474319458,11.645248413085938,899.569613658778,421.7621188485071,1321.331732507285,477.80749481027095
27.07802639199872,-3.1997057741816803,-97.13080168776371,97.94826048171274,69.56162117452439,-4.610575670747579,11.257406188281765,57.74365234375,96.1435546875,147.6009521484375,-154.8974609375,-43.96795654296875,98.42822265625,-104.688232421875,0.86474609375,-41.73974609375,-148.41552734375,-195.45703125,-95.249755859375,-5.9521484375,66.52792358398438,125.298095703125,-3.1199874877929688,-14.8316650390625,-4.33660888671875,-123.646484375,-5.135955810546875,-53.7435302734375,-4.1759033203125,69.0224609375,33.5322265625,0.19195556640625,-106.75390625,-0.46453857421875,-94.9892578125,3.2159423828125,-5.033660888671875,-3.0408687591552734,-97.06470489501953,97.93350219726562,71.72297668457031,-4.86273717880249,11.647476196289062,-3.0408687591552734,-97.06470489501953,97.93350219726562,71.72297668457031,-4.86273717880249,11.647476196289062,892.0433323485663,429.46584907707876,1321.509181425645,462.57748327148755
27.105546091999713,-3.1997057741816803,-97.13080168776371,97.94826048171274,69.56162117452439,-4.610575670747579,11.257406188281765,52.943603515625,98.54345703125,155.3448486328125,-150.09765625,-43.96795654296875,106.171875,-111.88818359375,-1.53515625,-41.73974609375,-150.8154296875,-193.05712890625,-95.249755859375,-3.5517578125,66.52792358398438,133.0419921875,-7.91998291015625,-14.8316650390625,3.40740966796875,-123.646484375,-7.53594970703125,-42.1275634765625,-4.1759033203125,73.8232421875,25.788330078125,0.19195556640625,-106.75390625,-4.3365478515625,-97.3896484375,5.615966796875,-1.161651611328125,-3.0436925888061523,-97.07244110107422,97.93407440185547,71.72461700439453,-4.866537570953369,11.670171737670898,-3.0436925888061523,-97.07244110107422,97.93407440185547,71.72461700439453,-4.866537570953369,11.670171737670898,911.5365866430118,430.70870957690465,1342.2452962199163,480.82787706610713
27.187706861997867,-3.1997057741816803,-97.13080168776371,97.94826048171274,69.56162117452439,-4.610575670747579,11.257406188281765,50.54345703125,98.54345703125,151.4727783203125,-152.4970703125,-43.96795654296875,106.171875,-107.088134765625,-3.93505859375,-45.611328125,-143.615478515625,-193.05712890625,-95.249755859375,-3.5517578125,68.92791748046875,125.298095703125,-7.91998291015625,-17.231689453125,-4.33660888671875,-126.0458984375,2.06402587890625,-34.383544921875,-1.77587890625,73.8232421875,21.916259765625,-2.20806884765625,-111.5537109375,-0.46453857421875,-102.189453125,-6.384063720703125,-8.905670166015625,-2.9182558059692383,-96.95370483398438,98.16812133789062,71.73025512695312,-5.328952312469482,11.063976287841797,-2.9182558059692383,-96.95370483398438,98.16812133789062,71.73025512695312,-5.328952312469482,11.063976287841797,896.8865676137418,441.5018716825817,1338.3884392963234,455.38469593116014
27.20958018300007,-3.1997057741816803,-97.13080168776371,97.94826048171274,69.56162117452439,-4.610575670747579,11.323238973008557,50.54345703125,96.1435546875,147.6009521484375,-152.4970703125,-43.96795654296875,102.30029296875,-114.288330078125,-3.93505859375,-41.73974609375,-148.41552734375,-195.45703125,-91.377685546875,-8.3515625,66.52792358398438,129.169921875,-5.519981384277344,-17.231689453125,3.40740966796875,-123.646484375,-2.7359619140625,-42.1275634765625,-6.57586669921875,73.8232421875,29.660400390625,2.5919189453125,-106.75390625,-0.46453857421875,-94.9892578125,-3.984039306640625,-1.161651611328125,-2.925273895263672,-96.96664428710938,98.16346740722656,71.73294067382812,-5.339396953582764,11.071882247924805,-2.925273895263672,-96.96664428710938,98.16346740722656,71.73294067382812,-5.339396953582764,11.071882247924805,901.2321889708411,430.7634384162933,1331.9956273871344,470.4687505545478
27.237414695999178,-3.1997057741816803,-97.13080168776371,97.94826048171274,69.56162117452439,-4.610575670747579,11.323238973008557,48.1435546875,93.74365234375,147.6009521484375,-157.2978515625,-36.76800537109375,106.171875,-111.88818359375,-3.93505859375,-37.86767578125,-146.015625,-190.6572265625,-83.6337890625,-5.9521484375,68.92791748046875,136.9140625,-0.7199859619140625,-22.0316162109375,-0.464599609375,-116.4462890625,-7.53594970703125,-42.1275634765625,0.62408447265625,71.4228515625,25.788330078125,4.991943359375,-106.75390625,-0.46453857421875,-102.189453125,0.815948486328125,2.710357666015625,-2.919724464416504,-96.96016693115234,98.16717529296875,71.7310791015625,-5.322462558746338,11.082170486450195,-2.919724464416504,-96.96016693115234,98.16717529296875,71.7310791015625,-5.322462558746338,11.082170486450195,900.549227393605,431.14847445977387,1331.697701853379,469.4007529338311
27.27756898000007,-3.1997057741816803,-97.13080168776371,97.94826048171274,69.56162117452439,-4.662672570982025,11.323238973008557,50.54345703125,96.1435546875,151.4727783203125,-154.8974609375,-39.16796875,113.916015625,-107.088134765625,-3.93505859375,-45.611328125,-143.615478515625,-200.25732421875,-87.505615234375,-5.9521484375,66.52792358398438,133.0419921875,-5.519981384277344,-29.231689453125,-0.464599609375,-145.24609375,-14.7359619140625,-45.99951171875,-4.1759033203125,66.623046875,33.5322265625,0.19195556640625,-116.353515625,-15.952545166015625,-109.3896484375,0.815948486328125,6.58233642578125,-2.9217910766601562,-96.95156860351562,98.15850830078125,71.72760009765625,-5.324981212615967,11.10025405883789,-2.9217910766601562,-96.95156860351562,98.15850830078125,71.72760009765625,-5.324981212615967,11.10025405883789,909.4551456179468,484.5543281972549,1394.0094738152015,424.90081742069185
27.316112788997998,-3.1997057741816803,-97.13080168776371,97.94826048171274,69.56162117452439,-4.662672570982025,11.323238973008557,52.943603515625,100.943359375,151.4727783203125,-152.4970703125,-41.5679931640625,106.171875,-109.48828125,-1.53515625,-37.86767578125,-146.015625,-197.85693359375,-87.505615234375,-8.3515625,68.92791748046875,129.169921875,-3.1199874877929688,-24.431640625,3.40740966796875,-176.4462890625,-14.7359619140625,-65.3594970703125,-6.57586669921875,59.4228515625,33.5322265625,0.19195556640625,-135.5537109375,-23.696533203125,-102.189453125,-1.58404541015625,22.070343017578125,-2.9218664169311523,-96.9137191772461,98.12301635742188,71.72579956054688,-5.3091816902160645,11.116390228271484,-2.9218664169311523,-96.9137191772461,98.12301635742188,71.72579956054688,-5.3091816902160645,11.116390228271484,903.496935800513,524.3177138833094,1427.8146496838224,379.1792219172037
27.346580114997778,-3.1997057741816803,-97.13080168776371,97.94826048171274,69.56162117452439,-4.662672570982025,11.323238973008557,52.943603515625,98.54345703125,147.6009521484375,-152.4970703125,-41.5679931640625,102.30029296875,-107.088134765625,-1.53515625,-45.611328125,-148.41552734375,-200.25732421875,-91.377685546875,-5.9521484375,64.1279296875,129.169921875,-3.1199874877929688,-22.0316162109375,7.279388427734375,-178.8466796875,-14.7359619140625,-61.487548828125,-8.97589111328125,64.22265625,33.5322265625,0.19195556640625,-140.353515625,-23.696533203125,-104.5888671875,-3.984039306640625,10.454345703125,-2.9241104125976562,-96.91018676757812,98.11406707763672,71.72322082519531,-5.3006720542907715,11.114545822143555,-2.9241104125976562,-96.91018676757812,98.11406707763672,71.72322082519531,-5.3006720542907715,11.114545822143555,899.703502697148,533.6355012852263,1433.3390039823744,366.0680014119217
27.378341397998156,-3.1997057741816803,-97.13080168776371,97.94826048171274,69.56162117452439,-4.662672570982025,11.323238973008557,52.943603515625,98.54345703125,147.6009521484375,-152.4970703125,-41.5679931640625,102.30029296875,-111.88818359375,-3.93505859375,-41.73974609375,-146.015625,-193.05712890625,-87.505615234375,-1.1513671875,71.32794189453125,121.426025390625,1.6800155639648438,-26.8316650390625,3.40740966796875,-178.8466796875,-14.7359619140625,-57.6156005859375,-4.1759033203125,61.8232421875,29.660400390625,2.5919189453125,-137.9541015625,-19.82452392578125,-99.7890625,3.2159423828125,22.070343017578125,-2.9227561950683594,-96.9147720336914,98.10450744628906,71.720947265625,-5.302958011627197,11.11893081665039,-2.9227561950683594,-96.9147720336914,98.10450744628906,71.720947265625,-5.302958011627197,11.11893081665039,891.1844287096723,525.9179271450032,1417.1023558546754,365.26650156466906
27.404575372998806,-3.1997057741816803,-97.13080168776371,97.94826048171274,69.56162117452439,-4.662672570982025,11.323238973008557,48.1435546875,96.1435546875,155.3448486328125,-157.2978515625,-41.5679931640625,106.171875,-109.48828125,0.86474609375,-41.73974609375,-143.615478515625,-190.6572265625,-95.249755859375,-5.9521484375,66.52792358398438,129.169921875,-7.91998291015625,-22.0316162109375,7.279388427734375,-176.4462890625,-17.135955810546875,-65.3594970703125,-8.97589111328125,61.8232421875,33.5322265625,0.19195556640625,-135.5537109375,-12.080535888671875,-109.3896484375,-3.984039306640625,14.32635498046875,-2.921659469604492,-96.91738891601562,98.10762786865234,71.72584533691406,-5.3106513023376465,11.121713638305664,-2.921659469604492,-96.91738891601562,98.10762786865234,71.72584533691406,-5.3106513023376465,11.121713638305664,902.796107152478,530.8475260166231,1433.6436331691011,371.94858113585497
27.448150912998244,-3.1997057741816803,-97.13080168776371,97.94826048171274,69.56162117452439,-4.662672570982025,11.323238973008557,50.54345703125,96.1435546875,147.6009521484375,-152.4970703125,-41.5679931640625,110.0439453125,-107.088134765625,0.86474609375,-37.86767578125,-143.615478515625,-200.25732421875,-87.505615234375,-3.5517578125,68.92791748046875,129.169921875,-3.1199874877929688,-22.0316162109375,11.151397705078125,-176.4462890625,-12.335968017578125,-57.6156005859375,-8.97589111328125,64.22265625,33.5322265625,4.991943359375,-133.1533203125,-23.696533203125,-106.9892578125,3.2159423828125,18.198333740234375,-2.919692039489746,-96.90963745117188,98.09304809570312,71.72301483154297,-5.293144702911377,11.13040542602539,-2.919692039489746,-96.90963745117188,98.09304809570312,71.72301483154297,-5.293144702911377,11.13040542602539,897.4045261042314,527.8283568464581,1425.2328829506896,369.57616925777336
27.468490652998298,-3.1997057741816803,-97.13080168776371,97.94826048171274,69.56162117452439,-4.662672570982025,11.323238973008557,55.343505859375,96.1435546875,151.4727783203125,-157.2978515625,-39.16796875,102.30029296875,-107.088134765625,-1.53515625,-41.73974609375,-146.015625,-197.85693359375,-87.505615234375,-5.9521484375,71.32794189453125,125.298095703125,-5.519981384277344,-22.0316162109375,-0.464599609375,-174.0458984375,-14.7359619140625,-65.3594970703125,-6.57586669921875,61.8232421875,29.660400390625,-2.20806884765625,-135.5537109375,-19.82452392578125,-102.189453125,-1.58404541015625,18.198333740234375,-2.919745445251465,-96.92196655273438,98.09141540527344,71.71977233886719,-5.293938159942627,11.142789840698242,-2.919745445251465,-96.92196655273438,98.09141540527344,71.71977233886719,-5.293938159942627,11.142789840698242,899.6875080110798,518.9214136426817,1418.6089216537616,380.76609436839806
27.504763615997945,-3.1997057741816803,-97.13080168776371,97.94826048171274,69.56162117452439,-4.662672570982025,11.323238973008557,50.54345703125,98.54345703125,147.6009521484375,-154.8974609375,-41.5679931640625,102.30029296875,-109.48828125,-3.93505859375,-41.73974609375,-143.615478515625,-195.45703125,-91.377685546875,-10.751953125,64.1279296875,133.0419921875,-7.91998291015625,-19.631591796875,-0.464599609375,-176.4462890625,-17.135955810546875,-61.487548828125,-13.77587890625,61.8232421875,29.660400390625,-2.20806884765625,-135.5537109375,-12.080535888671875,-102.189453125,-3.984039306640625,18.198333740234375,-2.9242734909057617,-96.91233825683594,98.09072875976562,71.71986389160156,-5.3019633293151855,11.149417877197266,-2.9242734909057617,-96.91233825683594,98.09072875976562,71.71986389160156,-5.3019633293151855,11.149417877197266,899.2688022103991,518.7337887690965,1418.0025909794956,380.5350134413027
27.53910257499956,-3.1997057741816803,-97.13080168776371,97.94826048171274,69.56162117452439,-4.662672570982025,11.323238973008557,50.54345703125,93.74365234375,147.6009521484375,-159.697265625,-36.76800537109375,98.42822265625,-107.088134765625,-6.33544921875,-41.73974609375,-146.015625,-200.25732421875,-91.377685546875,-3.5517578125,66.52792358398438,129.169921875,-3.1199874877929688,-19.631591796875,3.40740966796875,-174.0458984375,-14.7359619140625,-65.3594970703125,-6.57586669921875,61.8232421875,33.5322265625,-2.20806884765625,-137.9541015625,-19.82452392578125,-109.3896484375,-1.58404541015625,22.070343017578125,-2.9237146377563477,-96.92759704589844,98.08634948730469,71.72227478027344,-5.2955145835876465,11.15315055847168,-2.9237146377563477,-96.92759704589844,98.08634948730469,71.72227478027344,-5.2955145835876465,11.15315055847168,897.770592312105,528.2966554161674,1426.0672477282724,369.47393689593764
27.57691219499975,-3.1997057741816803,-97.13080168776371,97.94826048171274,69.56162117452439,-4.662672570982025,11.323238973008557,45.74365234375,96.1435546875,147.6009521484375,-157.2978515625,-39.16796875,106.171875,-107.088134765625,-1.53515625,-41.73974609375,-148.41552734375,-197.85693359375,-83.6337890625,-10.751953125,68.92791748046875,129.169921875,-5.519981384277344,-22.0316162109375,3.40740966796875,-176.4462890625,-19.53594970703125,-65.3594970703125,-6.57586669921875,61.8232421875,33.5322265625,0.19195556640625,-135.5537109375,-15.952545166015625,-102.189453125,-3.984039306640625,18.198333740234375,-2.922696113586426,-96.90985107421875,98.07417297363281,71.715087890625,-5.279469013214111,11.175539016723633,-2.922696113586426,-96.90985107421875,98.07417297363281,71.715087890625,-5.279469013214111,11.175539016723633,898.6129402046038,523.142023412597,1421.7549636172007,375.47091679200673
27.611681442998815,-3.1997057741816803,-97.13080168776371,97.94826048171274,69.56162117452439,-4.662672570982025,11.323238973008557,48.1435546875,93.74365234375,151.4727783203125,-157.2978515625,-36.76800537109375,102.30029296875,-107.088134765625,0.86474609375,-37.86767578125,-141.215576171875,-195.45703125,-87.505615234375,-3.5517578125,64.1279296875,133.0419921875,-3.1199874877929688,-24.431640625,7.279388427734375,-178.8466796875,-14.7359619140625,-57.6156005859375,-8.97589111328125,61.8232421875,33.5322265625,0.19195556640625,-137.9541015625,-19.82452392578125,-102.189453125,3.2159423828125,22.070343017578125,-2.929131507873535,-96.91079711914062,98.07664489746094,71.7174072265625,-5.28750467300415,11.178863525390625,-2.929131507873535,-96.91079711914062,98.07664489746094,71.7174072265625,-5.28750467300415,11.178863525390625,893.5748536715353,529.0267015898077,1422.601555261343,364.5481520817276
27.65069131400014,-3.1997057741816803,-97.13080168776371,97.94826048171274,69.56162117452439,-4.662672570982025,11.323238973008557,48.1435546875,98.54345703125,143.7288818359375,-159.697265625,-41.5679931640625,98.42822265625,-109.48828125,-1.53515625,-37.86767578125,-146.015625,-197.85693359375,-91.377685546875,-8.3515625,66.52792358398438,125.298095703125,-5.519981384277344,-24.431640625,-4.33660888671875,-174.0458984375,-19.53594970703125,-65.3594970703125,-8.97589111328125,59.4228515625,37.404296875,2.5919189453125,-130.75390625,-15.952545166015625,-102.189453125,3.2159423828125,10.454345703125,-2.924624443054199,-96.90744018554688,98.06607055664062,71.71322631835938,-5.274495601654053,11.179510116577148,-2.924624443054199,-96.90744018554688,98.06607055664062,71.71322631835938,-5.274495601654053,11.179510116577148,893.2418910849884,517.6657933687546,1410.907684453743,375.5760977162338
27.6732176229998,-3.1997057741816803,-97.13080168776371,97.94826048171274,69.56162117452439,-4.662672570982025,11.323238973008557,52.943603515625,98.54345703125,143.7288818359375,-152.4970703125,-39.16796875,110.0439453125,-111.88818359375,-1.53515625,-37.86767578125,-143.615478515625,-197.85693359375,-83.6337890625,-3.5517578125,64.1279296875,129.169921875,-7.91998291015625,-26.8316650390625,7.279388427734375,-171.646484375,-9.93597412109375,-65.3594970703125,-4.1759033203125,59.4228515625,29.660400390625,-2.20806884765625,-142.75390625,-15.952545166015625,-99.7890625,-1.58404541015625,18.198333740234375,-2.923107147216797,-96.91230773925781,98.06974029541016,71.71646881103516,-5.276854991912842,11.181343078613281,-2.923107147216797,-96.91230773925781,98.06974029541016,71.71646881103516,-5.276854991912842,11.181343078613281,895.0054987678358,524.4972695609213,1419.5027683287572,370.5082292069145
27.709533516997908,-3.1997057741816803,-97.13080168776371,97.94826048171274,69.56162117452439,-4.662672570982025,11.323238973008557,48.1435546875,96.1435546875,147.6009521484375,-157.2978515625,-39.16796875,102.30029296875,-104.688232421875,0.86474609375,-41.73974609375,-143.615478515625,-200.25732421875,-83.6337890625,-13.1513671875,66.52792358398438,125.298095703125,-3.1199874877929688,-26.8316650390625,3.40740966796875,-174.0458984375,-14.7359619140625,-61.487548828125,-6.57586669921875,61.8232421875,29.660400390625,-2.20806884765625,-137.9541015625,-19.82452392578125,-102.189453125,-3.984039306640625,22.070343017578125,-2.9252424240112305,-96.91861724853516,98.06520080566406,71.7123031616211,-5.277176380157471,11.186691284179688,-2.9252424240112305,-96.91861724853516,98.06520080566406,71.7123031616211,-5.277176380157471,11.186691284179688,889.7101579912566,525.2965620371036,1415.0067200283602,364.4135959541529
27.739859056997375,-3.1997057741816803,-97.13080168776371,97.94826048171274,69.56162117452439,-4.662672570982025,11.323238973008557,50.54345703125,93.74365234375,147.6009521484375,-154.8974609375,-41.5679931640625,106.171875,-107.088134765625,-3.93505859375,-37.86767578125,-146.015625,-195.45703125,-83.6337890625,-5.9521484375,64.1279296875,125.298095703125,-5.519981384277344,-24.431640625,3.40740966796875,-176.4462890625,-14.7359619140625,-57.6156005859375,-8.97589111328125,61.8232421875,33.5322265625,2.5919189453125,-135.5537109375,-19.82452392578125,-99.7890625,0.815948486328125,18.198333740234375,-2.928460121154785,-96.92747497558594,98.06627655029297,71.7134017944336,-5.282046794891357,11.189584732055664,-2.928460121154785,-96.92747497558594,98.06627655029297,71.7134017944336,-5.282046794891357,11.189584732055664,886.7970115840506,520.837337798926,1407.6343493829766,365.95967378512455
27.77497660299923,-3.1997057741816803,-97.13080168776371,97.94826048171274,69.56162117452439,-4.662672570982025,11.323238973008557,48.1435546875,96.1435546875,143.7288818359375,-157.2978515625,-41.5679931640625,106.171875,-107.088134765625,0.86474609375,-41.73974609375,-146.015625,-195.45703125,-83.6337890625,-10.751953125,66.52792358398438,121.426025390625,-5.519981384277344,-22.0316162109375,3.40740966796875,-176.4462890625,-14.7359619140625,-61.487548828125,-8.97589111328125,61.8232421875,33.5322265625,2.5919189453125,-137.9541015625,-12.080535888671875,-99.7890625,-1.58404541015625,22.070343017578125,-2.931063652038574,-96.91288757324219,98.05536651611328,71.716552734375,-5.268835544586182,11.206815719604492,-2.931063652038574,-96.91288757324219,98.05536651611328,71.716552734375,-5.268835544586182,11.206815719604492,885.496981136646,522.0209667429648,1407.5179478796108,363.4760143936812
27.806832391997887,-3.1997057741816803,-97.13080168776371,97.94826048171274,69.56162117452439,-4.662672570982025,11.323238973008557,45.74365234375,96.1435546875,151.4727783203125,-159.697265625,-43.96795654296875,106.171875,-104.688232421875,3.2646484375,-41.73974609375,-146.015625,-193.05712890625,-91.377685546875,-5.9521484375,66.52792358398438,121.426025390625,-5.519981384277344,-19.631591796875,-0.464599609375,-174.0458984375,-14.7359619140625,-61.487548828125,-8.97589111328125,59.4228515625,33.5322265625,-2.20806884765625,-133.1533203125,-15.952545166015625,-94.9892578125,-3.984039306640625,22.070343017578125,-2.9232263565063477,-96.91852569580078,98.0551986694336,71.70714569091797,-5.2711052894592285,11.206632614135742,-2.9232263565063477,-96.91852569580078,98.0551986694336,71.70714569091797,-5.2711052894592285,11.206632614135742,891.9592214437482,506.11689534369225,1398.0761167874405,385.84232610005597
27.84186064199821,-3.1997057741816803,-97.13080168776371,97.94826048171274,69.56162117452439,-4.662672570982025,11.323238973008557,45.74365234375,98.54345703125,147.6009521484375,-157.2978515625,-41.5679931640625,106.171875,-104.688232421875,3.2646484375,-33.99560546875,-148.41552734375,-197.85693359375,-79.76171875,-5.9521484375,68.92791748046875,125.298095703125,-5.519981384277344,-22.0316162109375,-0.464599609375,-178.8466796875,-12.335968017578125,-69.2315673828125,-6.57586669921875,64.22265625,41.2763671875,-2.20806884765625,-128.353515625,-23.696533203125,-99.7890625,-1.58404541015625,14.32635498046875,-2.9258623123168945,-96.91328430175781,98.04923248291016,71.70960998535156,-5.274411678314209,11.209821701049805,-2.9258623123168945,-96.91328430175781,98.04923248291016,71.70960998535156,-5.274411678314209,11.209821701049805,890.6749598234883,522.8844331722598,1413.559392995748,367.79052665122845
27.877370342997892,-3.1997057741816803,-97.13080168776371,97.94826048171274,69.56162117452439,-4.662672570982025,11.323238973008557,48.1435546875,96.1435546875,147.6009521484375,-159.697265625,-43.96795654296875,102.30029296875,-104.688232421875,3.2646484375,-41.73974609375,-141.215576171875,-200.25732421875,-91.377685546875,-10.751953125,71.32794189453125,125.298095703125,-0.7199859619140625,-22.0316162109375,3.40740966796875,-178.8466796875,-14.7359619140625,-57.6156005859375,-8.97589111328125,64.22265625,33.5322265625,2.5919189453125,-128.353515625,-15.952545166015625,-102.189453125,-1.58404541015625,18.198333740234375,-2.9320459365844727,-96.91970825195312,98.037841796875,71.71756744384766,-5.274350643157959,11.210390090942383,-2.9320459365844727,-96.91970825195312,98.037841796875,71.71756744384766,-5.274350643157959,11.210390090942383,896.1483302108069,516.9601566049432,1413.10848681575,379.18817360586365
27.90934431599817,-3.1997057741816803,-97.13080168776371,97.94826048171274,69.56162117452439,-4.662672570982025,11.323238973008557,50.54345703125,93.74365234375,143.7288818359375,-159.697265625,-36.76800537109375,94.55615234375,-104.688232421875,3.2646484375,-41.73974609375,-141.215576171875,-200.25732421875,-83.6337890625,-8.3515625,66.52792358398438,121.426025390625,-3.1199874877929688,-26.8316650390625,7.279388427734375,-174.0458984375,-12.335968017578125,-65.3594970703125,-4.1759033203125,64.22265625,33.5322265625,0.19195556640625,-133.1533203125,-23.696533203125,-102.189453125,-3.984039306640625,22.070343017578125,-2.928468704223633,-96.91787719726562,98.0431900024414,71.71197509765625,-5.276228427886963,11.228080749511719,-2.928468704223633,-96.91787719726562,98.0431900024414,71.71197509765625,-5.276228427886963,11.228080749511719,878.4628235215753,526.7354735632122,1405.1982970847876,351.7273499583631
27.944740713999636,-3.1997057741816803,-97.13080168776371,97.94826048171274,69.56162117452439,-4.662672570982025,11.323238973008557,50.54345703125,93.74365234375,151.4727783203125,-157.2978515625,-39.16796875,106.171875,-104.688232421875,0.86474609375,-37.86767578125,-146.015625,-202.6572265625,-83.6337890625,-8.3515625,68.92791748046875,121.426025390625,-3.1199874877929688,-24.431640625,3.40740966796875,-176.4462890625,-12.335968017578125,-57.6156005859375,-8.97589111328125,64.22265625,29.660400390625,2.5919189453125,-135.5537109375,-19.82452392578125,-99.7890625,-3.984039306640625,22.070343017578125,-2.925434112548828,-96.91095733642578,98.04451751708984,71.70889282226562,-5.2693657875061035,11.232872009277344,-2.925434112548828,-96.91095733642578,98.04451751708984,71.70889282226562,-5.2693657875061035,11.232872009277344,893.5580337955772,521.4954747538219,1415.053508549399,372.0625590417553
27.973598922999372,-3.1997057741816803,-97.13080168776371,97.94826048171274,69.56162117452439,-4.662672570982025,11.323238973008557,45.74365234375,96.1435546875,147.6009521484375,-162.09765625,-41.5679931640625,94.55615234375,-109.48828125,3.2646484375,-41.73974609375,-143.615478515625,-197.85693359375,-83.6337890625,-8.3515625,68.92791748046875,133.0419921875,-3.1199874877929688,-24.431640625,-4.33660888671875,-178.8466796875,-12.335968017578125,-69.2315673828125,-6.57586669921875,61.8232421875,33.5322265625,4.991943359375,-133.1533203125,-15.952545166015625,-102.189453125,0.815948486328125,18.198333740234375,-2.9265975952148438,-96.93243408203125,98.04562377929688,71.7122802734375,-5.2674641609191895,11.234395980834961,-2.9265975952148438,-96.93243408203125,98.04562377929688,71.7122802734375,-5.2674641609191895,11.234395980834961,899.8879402879471,525.8212451989857,1425.7091854869327,374.0666950889614
28.00942176999888,-3.1997057741816803,-97.13080168776371,97.94826048171274,69.56162117452439,-4.662672570982025,11.323238973008557,50.54345703125,96.1435546875,151.4727783203125,-154.8974609375,-39.16796875,94.55615234375,-107.088134765625,-1.53515625,-37.86767578125,-138.8154296875,-200.25732421875,-83.6337890625,-10.751953125,66.52792358398438,125.298095703125,-3.1199874877929688,-24.431640625,7.279388427734375,-176.4462890625,-17.135955810546875,-65.3594970703125,-6.57586669921875,59.4228515625,41.2763671875,0.19195556640625,-133.1533203125,-23.696533203125,-99.7890625,-3.984039306640625,14.32635498046875,-2.931809425354004,-96.92529296875,98.027587890625,71.71086883544922,-5.277576923370361,11.239313125610352,-2.931809425354004,-96.92529296875,98.027587890625,71.71086883544922,-5.277576923370361,11.239313125610352,885.5355299531843,523.4112153757039,1408.9467453288883,362.1243145774804
28.051039883997873,-3.1997057741816803,-97.13080168776371,97.94826048171274,69.56162117452439,-4.662672570982025,11.323238973008557,48.1435546875,93.74365234375,143.7288818359375,-159.697265625,-41.5679931640625,98.42822265625,-107.088134765625,0.86474609375,-41.73974609375,-146.015625,-195.45703125,-87.505615234375,-8.3515625,68.92791748046875,129.169921875,-0.7199859619140625,-26.8316650390625,3.40740966796875,-171.646484375,-14.7359619140625,-65.3594970703125,-6.57586669921875,64.22265625,33.5322265625,0.19195556640625,-135.5537109375,-15.952545166015625,-104.5888671875,0.815948486328125,18.198333740234375,-2.930776596069336,-96.93345642089844,98.03671264648438,71.7112808227539,-5.268768787384033,11.226177215576172,-2.930776596069336,-96.93345642089844,98.03671264648438,71.7112808227539,-5.268768787384033,11.226177215576172,891.1473440911243,526.7164047387274,1417.8637488298518,364.4309393523969
28.076894228997844,-3.1997057741816803,-97.13080168776371,97.94826048171274,69.56162117452439,-4.662672570982025,11.323238973008557,45.74365234375,91.34326171875,147.6009521484375,-162.09765625,-39.16796875,102.30029296875,-107.088134765625,0.86474609375,-37.86767578125,-138.8154296875,-197.85693359375,-87.505615234375,-15.5517578125,64.1279296875,125.298095703125,-7.91998291015625,-26.8316650390625,7.279388427734375,-169.24609375,-17.135955810546875,-61.487548828125,-4.1759033203125,61.8232421875,33.5322265625,4.991943359375,-128.353515625,-19.82452392578125,-104.5888671875,-1.58404541015625,22.070343017578125,-2.928582191467285,-96.9246826171875,98.03091430664062,71.70733642578125,-5.263936519622803,11.236371994018555,-2.928582191467285,-96.9246826171875,98.03091430664062,71.70733642578125,-5.263936519622803,11.236371994018555,887.3959297436793,517.1211516739918,1404.517081417671,370.2747780696875
28.117691544997797,-3.1997057741816803,-97.13080168776371,97.94826048171274,69.56162117452439,-4.662672570982025,11.323238973008557,48.1435546875,96.1435546875,147.6009521484375,-157.2978515625,-39.16796875,94.55615234375,-104.688232421875,-1.53515625,-33.99560546875,-143.615478515625,-197.85693359375,-91.377685546875,-10.751953125,64.1279296875,125.298095703125,-0.7199859619140625,-26.8316650390625,7.279388427734375,-178.8466796875,-14.7359619140625,-69.2315673828125,-4.1759033203125,61.8232421875,29.660400390625,2.5919189453125,-135.5537109375,-19.82452392578125,-99.7890625,-1.58404541015625,14.32635498046875,-2.9355087280273438,-96.92662048339844,98.01891326904297,71.71456909179688,-5.273477077484131,11.260297775268555,-2.9355087280273438,-96.92662048339844,98.01891326904297,71.71456909179688,-5.273477077484131,11.260297775268555,882.5250324122446,526.6970636226353,1409.22209603488,355.8279687896094
28.144055000000662,-3.1997057741816803,-97.13080168776371,97.94826048171274,69.56162117452439,-4.662672570982025,11.323238973008557,48.1435546875,91.34326171875,147.6009521484375,-157.2978515625,-41.5679931640625,102.30029296875,-109.48828125,-1.53515625,-37.86767578125,-143.615478515625,-197.85693359375,-87.505615234375,-5.9521484375,59.32794189453125,121.426025390625,-3.1199874877929688,-26.8316650390625,-0.464599609375,-178.8466796875,-12.335968017578125,-61.487548828125,-8.97589111328125,57.0224609375,37.404296875,-2.20806884765625,-128.353515625,-23.696533203125,-102.189453125,-1.58404541015625,18.198333740234375,-2.9367456436157227,-96.92266845703125,98.01069641113281,71.70926666259766,-5.2654643058776855,11.260248184204102,-2.9367456436157227,-96.92266845703125,98.01069641113281,71.70926666259766,-5.2654643058776855,11.260248184204102,883.1293265187949,519.6739880560003,1402.8033145747952,363.45533846279454
28.182337412999914,-3.1997057741816803,-97.13080168776371,97.94826048171274,69.56162117452439,-4.662672570982025,11.323238973008557,45.74365234375,93.74365234375,143.7288818359375,-162.09765625,-36.76800537109375,102.30029296875,-102.288330078125,3.2646484375,-30.12353515625,-141.215576171875,-193.05712890625,-83.6337890625,-13.1513671875,64.1279296875,125.298095703125,-3.1199874877929688,-24.431640625,7.279388427734375,-169.24609375,-17.135955810546875,-61.487548828125,-8.97589111328125,57.0224609375,29.660400390625,2.5919189453125,-130.75390625,-19.82452392578125,-104.5888671875,5.615966796875,22.070343017578125,-2.933849334716797,-96.92816162109375,98.01251983642578,71.71160888671875,-5.26948881149292,11.266359329223633,-2.933849334716797,-96.92816162109375,98.01251983642578,71.71160888671875,-5.26948881149292,11.266359329223633,874.2062683639624,510.7781800619154,1384.9844484258779,363.428088302047
28.213337009998213,-3.1997057741816803,-97.13080168776371,97.94826048171274,69.56162117452439,-4.662672570982025,11.323238973008557,48.1435546875,93.74365234375,143.7288818359375,-159.697265625,-31.96795654296875,94.55615234375,-104.688232421875,-1.53515625,-37.86767578125,-143.615478515625,-197.85693359375,-87.505615234375,-13.1513671875,64.1279296875,125.298095703125,-3.1199874877929688,-19.631591796875,3.40740966796875,-171.646484375,-14.7359619140625,-53.7435302734375,-6.57586669921875,59.4228515625,33.5322265625,0.19195556640625,-128.353515625,-15.952545166015625,-99.7890625,-3.984039306640625,22.070343017578125,-2.9333276748657227,-96.92100524902344,98.00689697265625,71.71096801757812,-5.2557148933410645,11.271242141723633,-2.9333276748657227,-96.92100524902344,98.00689697265625,71.71096801757812,-5.2557148933410645,11.271242141723633,878.9260481053116,500.80070911426145,1379.726757219573,378.1253389910501
28.248338633999083,-3.1997057741816803,-97.13080168776371,97.94826048171274,69.56162117452439,-4.662672570982025,11.323238973008557,45.74365234375,93.74365234375,147.6009521484375,-159.697265625,-43.96795654296875,102.30029296875,-107.088134765625,0.86474609375,-37.86767578125,-138.8154296875,-197.85693359375,-95.249755859375,-17.9521484375,64.1279296875,125.298095703125,-7.91998291015625,-29.231689453125,3.40740966796875,-169.24609375,-9.93597412109375,-65.3594970703125,-8.97589111328125,59.4228515625,25.788330078125,4.991943359375,-135.5537109375,-15.952545166015625,-99.7890625,0.815948486328125,18.198333740234375,-2.9326648712158203,-96.92196655273438,98.00389862060547,71.709228515625,-5.260762691497803,11.279428482055664,-2.9326648712158203,-96.92196655273438,98.00389862060547,71.709228515625,-5.260762691497803,11.279428482055664,890.6946393808782,515.591432481907,1406.2860718627853,375.1032068989713
28.283718749997206,-3.1997057741816803,-97.13080168776371,97.94826048171274,69.56162117452439,-4.662672570982025,11.323238973008557,48.1435546875,93.74365234375,147.6009521484375,-159.697265625,-41.5679931640625,102.30029296875,-102.288330078125,0.86474609375,-41.73974609375,-143.615478515625,-197.85693359375,-79.76171875,-15.5517578125,68.92791748046875,117.553955078125,-0.7199859619140625,-19.631591796875,3.40740966796875,-174.0458984375,-9.93597412109375,-65.3594970703125,-8.97589111328125,64.22265625,37.404296875,0.19195556640625,-133.1533203125,-19.82452392578125,-97.3896484375,-1.58404541015625,25.942352294921875,-2.9369192123413086,-96.92041778564453,98.00130462646484,71.71524047851562,-5.2766242027282715,11.278970718383789,-2.9369192123413086,-96.92041778564453,98.00130462646484,71.71524047851562,-5.2766242027282715,11.278970718383789,880.3195979930262,516.3974055506176,1396.7170035436438,363.9221924424086
28.312142972998117,-3.1997057741816803,-97.13080168776371,97.94826048171274,69.56162117452439,-4.662672570982025,11.323238973008557,48.1435546875,93.74365234375,143.7288818359375,-164.4970703125,-39.16796875,98.42822265625,-107.088134765625,0.86474609375,-33.99560546875,-143.615478515625,-200.25732421875,-83.6337890625,-10.751953125,66.52792358398438,129.169921875,-3.1199874877929688,-26.8316650390625,-0.464599609375,-178.8466796875,-14.7359619140625,-61.487548828125,-6.57586669921875,59.4228515625,37.404296875,-2.20806884765625,-130.75390625,-15.952545166015625,-102.189453125,-1.58404541015625,18.198333740234375,-2.935426712036133,-96.91725158691406,97.99754333496094,71.71073913574219,-5.262410640716553,11.286165237426758,-2.935426712036133,-96.91725158691406,97.99754333496094,71.71073913574219,-5.262410640716553,11.286165237426758,892.1677058722619,522.784539175736,1414.9522450479978,369.3831666965259
28.345239713999035,-3.1997057741816803,-97.13080168776371,97.94826048171274,69.56162117452439,-4.662672570982025,11.323238973008557,52.943603515625,93.74365234375,147.6009521484375,-159.697265625,-41.5679931640625,98.42822265625,-102.288330078125,-1.53515625,-37.86767578125,-141.215576171875,-197.85693359375,-87.505615234375,-15.5517578125,64.1279296875,121.426025390625,-3.1199874877929688,-24.431640625,-0.464599609375,-171.646484375,-17.135955810546875,-65.3594970703125,-4.1759033203125,61.8232421875,33.5322265625,0.19195556640625,-130.75390625,-15.952545166015625,-99.7890625,0.815948486328125,14.32635498046875,-2.937554359436035,-96.9249038696289,98.00059509277344,71.71248626708984,-5.267550945281982,11.292896270751953,-2.937554359436035,-96.9249038696289,98.00059509277344,71.71248626708984,-5.267550945281982,11.292896270751953,880.4716288195912,512.0957765078175,1392.5674053274088,368.37585231177366
28.384342421999463,-3.1997057741816803,-97.13080168776371,97.94826048171274,69.56162117452439,-4.662672570982025,11.323238973008557,45.74365234375,93.74365234375,143.7288818359375,-162.09765625,-39.16796875,102.30029296875,-102.288330078125,3.2646484375,-37.86767578125,-141.215576171875,-195.45703125,-87.505615234375,-13.1513671875,66.52792358398438,121.426025390625,-3.1199874877929688,-22.0316162109375,7.279388427734375,-176.4462890625,-14.7359619140625,-61.487548828125,-4.1759033203125,59.4228515625,29.660400390625,7.39190673828125,-135.5537109375,-19.82452392578125,-99.7890625,0.815948486328125,18.198333740234375,-2.9344911575317383,-96.91911315917969,97.9962158203125,71.70906066894531,-5.260035991668701,11.293119430541992,-2.9344911575317383,-96.91911315917969,97.9962158203125,71.70906066894531,-5.260035991668701,11.293119430541992,877.9521507533968,516.0232180636807,1393.9753688170777,361.92893268971613
28.41668200999993,-3.1997057741816803,-97.13080168776371,97.94826048171274,69.56162117452439,-4.662672570982025,11.323238973008557,45.74365234375,93.74365234375,147.6009521484375,-164.4970703125,-41.5679931640625,98.42822265625,-107.088134765625,5.66455078125,-37.86767578125,-141.215576171875,-197.85693359375,-83.6337890625,-17.9521484375,68.92791748046875,121.426025390625,-5.519981384277344,-29.231689453125,7.279388427734375,-174.0458984375,-14.7359619140625,-57.6156005859375,-6.57586669921875,57.0224609375,33.5322265625,0.19195556640625,-135.5537109375,-15.952545166015625,-94.9892578125,-1.58404541015625,14.32635498046875,-2.937227249145508,-96.92019653320312,97.99293518066406,71.70964050292969,-5.259354114532471,11.29599380493164,-2.937227249145508,-96.92019653320312,97.99293518066406,71.70964050292969,-5.259354114532471,11.29599380493164,888.4598499017943,513.5948018359352,1402.0546517377295,374.8650480658591
28.452857222000603,-3.1997057741816803,-97.13080168776371,97.94826048171274,69.56162117452439,-4.662672570982025,11.323238973008557,45.74365234375,96.1435546875,147.6009521484375,-157.2978515625,-41.5679931640625,106.171875,-102.288330078125,3.2646484375,-41.73974609375,-143.615478515625,-195.45703125,-87.505615234375,-8.3515625,64.1279296875,125.298095703125,-3.1199874877929688,-24.431640625,3.40740966796875,-171.646484375,-14.7359619140625,-53.7435302734375,-4.1759033203125,57.0224609375,33.5322265625,2.5919189453125,-130.75390625,-15.952545166015625,-102.189453125,0.815948486328125,18.198333740234375,-2.939777374267578,-96.92029571533203,97.98722076416016,71.71064758300781,-5.267755031585693,11.294776916503906,-2.939777374267578,-96.92029571533203,97.98722076416016,71.71064758300781,-5.267755031585693,11.294776916503906,885.6469160409932,507.1629593347615,1392.8098753757547,378.4839567062317
28.48875214399959,-3.1997057741816803,-97.13080168776371,97.94826048171274,69.56162117452439,-4.662672570982025,11.323238973008557,43.343505859375,93.74365234375,147.6009521484375,-157.2978515625,-39.16796875,106.171875,-107.088134765625,5.66455078125,-33.99560546875,-141.215576171875,-195.45703125,-87.505615234375,-10.751953125,64.1279296875,121.426025390625,-5.519981384277344,-26.8316650390625,3.40740966796875,-174.0458984375,-14.7359619140625,-73.103515625,-6.57586669921875,54.623046875,37.404296875,7.39190673828125,-137.9541015625,-19.82452392578125,-102.189453125,-1.58404541015625,14.32635498046875,-2.934804916381836,-96.92643737792969,97.97889709472656,71.71338653564453,-5.267188549041748,11.309894561767578,-2.934804916381836,-96.92643737792969,97.97889709472656,71.71338653564453,-5.267188549041748,11.309894561767578,880.6794360531084,526.250519502849,1406.9299555559573,354.4289165502594
28.515915086998575,-3.1997057741816803,-97.13080168776371,97.94826048171274,69.56162117452439,-4.662672570982025,11.323238973008557,45.74365234375,98.54345703125,147.6009521484375,-159.697265625,-41.5679931640625,102.30029296875,-104.688232421875,5.66455078125,-37.86767578125,-146.015625,-200.25732421875,-91.377685546875,-13.1513671875,68.92791748046875,125.298095703125,-3.1199874877929688,-19.631591796875,-0.464599609375,-169.24609375,-14.7359619140625,-61.487548828125,-6.57586669921875,52.22265625,33.5322265625,0.19195556640625,-130.75390625,-19.82452392578125,-104.5888671875,-1.58404541015625,18.198333740234375,-2.9387998580932617,-96.92820739746094,97.9803237915039,71.709228515625,-5.260605335235596,11.31439208984375,-2.9387998580932617,-96.92820739746094,97.9803237915039,71.709228515625,-5.260605335235596,11.31439208984375,896.6561369749949,501.3839640819093,1398.0401010569042,395.27217289308555
28.548837936999917,-3.1997057741816803,-97.13080168776371,97.94826048171274,69.56162117452439,-4.662672570982025,11.323238973008557,45.74365234375,88.943359375,147.6009521484375,-162.09765625,-41.5679931640625,102.30029296875,-104.688232421875,3.2646484375,-37.86767578125,-141.215576171875,-197.85693359375,-87.505615234375,-13.1513671875,66.52792358398438,117.553955078125,-0.7199859619140625,-24.431640625,3.40740966796875,-171.646484375,-12.335968017578125,-61.487548828125,-6.57586669921875,57.0224609375,33.5322265625,0.19195556640625,-133.1533203125,-15.952545166015625,-104.5888671875,-3.984039306640625,18.198333740234375,-2.9353151321411133,-96.91468811035156,97.97393035888672,71.7093505859375,-5.256633281707764,11.318655014038086,-2.9353151321411133,-96.91468811035156,97.97393035888672,71.7093505859375,-5.256633281707764,11.318655014038086,879.8709076017022,514.2405812104254,1394.1114888121276,365.63032639127687
28.586059773999295,-3.1997057741816803,-97.13080168776371,97.94826048171274,69.56162117452439,-4.662672570982025,11.323238973008557,48.1435546875,91.34326171875,147.6009521484375,-159.697265625,-41.5679931640625,102.30029296875,-102.288330078125,0.86474609375,-37.86767578125,-146.015625,-197.85693359375,-87.505615234375,-10.751953125,64.1279296875,129.169921875,-0.7199859619140625,-22.0316162109375,7.279388427734375,-176.4462890625,-14.7359619140625,-61.487548828125,-4.1759033203125,57.0224609375,29.660400390625,2.5919189453125,-130.75390625,-19.82452392578125,-97.3896484375,0.815948486328125,18.198333740234375,-2.9372949600219727,-96.92355346679688,97.97796630859375,71.70741271972656,-5.262341022491455,11.324605941772461,-2.9372949600219727,-96.92355346679688,97.97796630859375,71.70741271972656,-5.262341022491455,11.324605941772461,888.9844408947984,506.41033567246586,1395.3947765672642,382.5741052223325
28.616802509997797,-3.1997057741816803,-97.13080168776371,97.94826048171274,69.56162117452439,-4.662672570982025,11.323238973008557,50.54345703125,91.34326171875,151.4727783203125,-164.4970703125,-39.16796875,102.30029296875,-104.688232421875,3.2646484375,-33.99560546875,-143.615478515625,-200.25732421875,-87.505615234375,-15.5517578125,66.52792358398438,121.426025390625,-3.1199874877929688,-22.0316162109375,7.279388427734375,-171.646484375,-17.135955810546875,-61.487548828125,-8.97589111328125,52.22265625,33.5322265625,2.5919189453125,-133.1533203125,-15.952545166015625,-97.3896484375,-3.984039306640625,18.198333740234375,-2.9408092498779297,-96.93379211425781,97.97392272949219,71.7105484008789,-5.2640061378479,11.326700210571289,-2.9408092498779297,-96.93379211425781,97.97392272949219,71.7105484008789,-5.2640061378479,11.326700210571289,892.5473376245606,502.53572994138415,1395.0830675659447,390.0116076831764
28.648684897998464,-3.1997057741816803,-97.13080168776371,97.94826048171274,69.56162117452439,-4.662672570982025,11.323238973008557,45.74365234375,91.34326171875,147.6009521484375,-162.09765625,-39.16796875,98.42822265625,-107.088134765625,0.86474609375,-37.86767578125,-146.015625,-202.6572265625,-83.6337890625,-13.1513671875,66.52792358398438,125.298095703125,-3.1199874877929688,-22.0316162109375,7.279388427734375,-174.0458984375,-12.335968017578125,-65.3594970703125,-6.57586669921875,59.4228515625,37.404296875,2.5919189453125,-130.75390625,-19.82452392578125,-94.9892578125,-1.58404541015625,22.070343017578125,-2.9363136291503906,-96.91908264160156,97.963134765625,71.70883178710938,-5.263072490692139,11.324317932128906,-2.9363136291503906,-96.91908264160156,97.963134765625,71.70883178710938,-5.263072490692139,11.324317932128906,892.6219306568831,510.0625733193713,1402.6845039762545,382.5593573375118
28.698255646999314,-3.1997057741816803,-97.13080168776371,97.94826048171274,69.56162117452439,-4.662672570982025,11.323238973008557,45.74365234375,91.34326171875,147.6009521484375,-164.4970703125,-39.16796875,94.55615234375,-104.688232421875,-3.93505859375,-41.73974609375,-141.215576171875,-195.45703125,-79.76171875,-10.751953125,68.92791748046875,125.298095703125,-5.519981384277344,-24.431640625,11.151397705078125,-174.0458984375,-12.335968017578125,-57.6156005859375,-6.57586669921875,54.623046875,37.404296875,0.19195556640625,-135.5537109375,-19.82452392578125,-99.7890625,-3.984039306640625,22.070343017578125,-2.9379968643188477,-96.91973876953125,97.96144104003906,71.71044921875,-5.268465518951416,11.334205627441406,-2.9379968643188477,-96.91973876953125,97.96144104003906,71.71044921875,-5.268465518951416,11.334205627441406,883.4061240835717,516.9689324739004,1400.3750565574721,366.43719160967134
28.729185688000143,-3.1997057741816803,-97.13080168776371,97.94826048171274,69.56162117452439,-4.662672570982025,11.323238973008557,45.74365234375,93.74365234375,143.7288818359375,-164.4970703125,-39.16796875,102.30029296875,-102.288330078125,0.86474609375,-41.73974609375,-136.41552734375,-200.25732421875,-83.6337890625,-10.751953125,66.52792358398438,133.0419921875,-3.1199874877929688,-24.431640625,3.40740966796875,-174.0458984375,-17.135955810546875,-57.6156005859375,-8.97589111328125,52.22265625,29.660400390625,-2.20806884765625,-135.5537109375,-15.952545166015625,-99.7890625,-3.984039306640625,18.198333740234375,-2.938018798828125,-96.92850494384766,97.95549774169922,71.71142578125,-5.268425464630127,11.33819580078125,-2.938018798828125,-96.92850494384766,97.95549774169922,71.71142578125,-5.268425464630127,11.33819580078125,891.1734460001032,507.743212489484,1398.9166584895872,383.43023351061925
28.751096689997212,-3.1997057741816803,-97.13080168776371,97.94826048171274,69.56162117452439,-4.662672570982025,11.323238973008557,45.74365234375,93.74365234375,151.4727783203125,-164.4970703125,-39.16796875,106.171875,-107.088134765625,3.2646484375,-37.86767578125,-146.015625,-202.6572265625,-87.505615234375,-15.5517578125,68.92791748046875,117.553955078125,-3.1199874877929688,-19.631591796875,7.279388427734375,-174.0458984375,-17.135955810546875,-61.487548828125,-8.97589111328125,59.4228515625,29.660400390625,2.5919189453125,-133.1533203125,-27.56854248046875,-99.7890625,-1.58404541015625,18.198333740234375,-2.936655044555664,-96.9220962524414,97.95384216308594,71.7106704711914,-5.261596202850342,11.347213745117188,-2.936655044555664,-96.9220962524414,97.95384216308594,71.7106704711914,-5.261596202850342,11.347213745117188,899.0331816884316,511.0175549502295,1410.050736638661,388.01562673820206
28.78479502299888,-3.1997057741816803,-97.13080168776371,97.94826048171274,69.56162117452439,-4.662672570982025,11.323238973008557,45.74365234375,91.34326171875,147.6009521484375,-162.09765625,-41.5679931640625,106.171875,-109.48828125,-1.53515625,-37.86767578125,-146.015625,-200.25732421875,-83.6337890625,-15.5517578125,64.1279296875,125.298095703125,-3.1199874877929688,-22.0316162109375,3.40740966796875,-174.0458984375,-17.135955810546875,-61.487548828125,-13.77587890625,54.623046875,25.788330078125,2.5919189453125,-133.1533203125,-19.82452392578125,-99.7890625,0.815948486328125,25.942352294921875,-2.9396886825561523,-96.92478942871094,97.94609832763672,71.71151733398438,-5.272348880767822,11.349441528320312,-2.9396886825561523,-96.92478942871094,97.94609832763672,71.71151733398438,-5.272348880767822,11.349441528320312,896.7292857467173,507.603227721608,1404.3325134683253,389.12605802510933
28.825942307998048,-3.1997057741816803,-97.13080168776371,97.94826048171274,69.56162117452439,-4.662672570982025,11.323238973008557,45.74365234375,86.54345703125,147.6009521484375,-157.2978515625,-39.16796875,102.30029296875,-102.288330078125,0.86474609375,-41.73974609375,-143.615478515625,-197.85693359375,-91.377685546875,-17.9521484375,68.92791748046875,121.426025390625,-0.7199859619140625,-19.631591796875,-0.464599609375,-171.646484375,-19.53594970703125,-61.487548828125,-6.57586669921875,59.4228515625,33.5322265625,0.19195556640625,-130.75390625,-19.82452392578125,-99.7890625,-1.58404541015625,18.198333740234375,-2.936128616333008,-96.91900634765625,97.95125579833984,71.71173095703125,-5.2704644203186035,11.35336685180664,-2.936128616333008,-96.91900634765625,97.95125579833984,71.71173095703125,-5.2704644203186035,11.35336685180664,881.0515792643232,505.2640794403595,1386.3156587046828,375.7874998239637
28.850190515997383,-3.1997057741816803,-97.13080168776371,97.94826048171274,69.56162117452439,-4.662672570982025,11.323238973008557,50.54345703125,91.34326171875,143.7288818359375,-162.09765625,-39.16796875,102.30029296875,-107.088134765625,3.2646484375,-37.86767578125,-138.8154296875,-200.25732421875,-75.8896484375,-13.1513671875,66.52792358398438,121.426025390625,-5.519981384277344,-22.0316162109375,3.40740966796875,-169.24609375,-12.335968017578125,-57.6156005859375,-8.97589111328125,57.0224609375,33.5322265625,4.991943359375,-133.1533203125,-19.82452392578125,-99.7890625,-6.384063720703125,22.070343017578125,-2.9351749420166016,-96.92864990234375,97.95027923583984,71.71180725097656,-5.267435550689697,11.3546142578125,-2.9351749420166016,-96.92864990234375,97.95027923583984,71.71180725097656,-5.267435550689697,11.3546142578125,881.2036284414924,506.0466947535407,1387.2503231950332,375.15693368795166
28.892720112999086,-3.1997057741816803,-97.13080168776371,97.94826048171274,69.56162117452439,-4.662672570982025,11.323238973008557,45.74365234375,91.34326171875,143.7288818359375,-164.4970703125,-39.16796875,102.30029296875,-104.688232421875,-1.53515625,-33.99560546875,-143.615478515625,-200.25732421875,-83.6337890625,-15.5517578125,66.52792358398438,121.426025390625,-5.519981384277344,-26.8316650390625,3.40740966796875,-171.646484375,-14.7359619140625,-65.3594970703125,-6.57586669921875,59.4228515625,33.5322265625,2.5919189453125,-128.353515625,-15.952545166015625,-97.3896484375,-3.984039306640625,22.070343017578125,-2.933535575866699,-96.92485046386719,97.93997192382812,71.70990753173828,-5.267064571380615,11.359785079956055,-2.933535575866699,-96.92485046386719,97.93997192382812,71.70990753173828,-5.267064571380615,11.359785079956055,883.6121229279047,509.7169442141596,1393.3290671420643,373.8951787137451
28.922288943998865,-3.1997057741816803,-97.13080168776371,97.94826048171274,69.56162117452439,-4.662672570982025,11.323238973008557,45.74365234375,88.943359375,143.7288818359375,-162.09765625,-41.5679931640625,102.30029296875,-107.088134765625,0.86474609375,-33.99560546875,-143.615478515625,-197.85693359375,-87.505615234375,-17.9521484375,64.1279296875,125.298095703125,-7.91998291015625,-24.431640625,3.40740966796875,-171.646484375,-12.335968017578125,-53.7435302734375,-6.57586669921875,59.4228515625,37.404296875,0.19195556640625,-135.5537109375,-19.82452392578125,-99.7890625,-1.58404541015625,10.454345703125,-2.9403772354125977,-96.92466735839844,97.93872833251953,71.71549224853516,-5.27020788192749,11.360942840576172,-2.9403772354125977,-96.92466735839844,97.93872833251953,71.71549224853516,-5.27020788192749,11.360942840576172,885.1650461834408,514.0602284709951,1399.225274654436,371.10481771244577
28.958344329999818,-3.1997057741816803,-97.13080168776371,97.94826048171274,69.56162117452439,-4.662672570982025,11.323238973008557,43.343505859375,93.74365234375,143.7288818359375,-157.2978515625,-34.36798095703125,102.30029296875,-107.088134765625,3.2646484375,-30.12353515625,-138.8154296875,-197.85693359375,-87.505615234375,-15.5517578125,64.1279296875,125.298095703125,-5.519981384277344,-24.431640625,3.40740966796875,-174.0458984375,-17.135955810546875,-57.6156005859375,-4.1759033203125,64.22265625,37.404296875,2.5919189453125,-128.353515625,-15.952545166015625,-97.3896484375,-1.58404541015625,22.070343017578125,-2.9358139038085938,-96.92485046386719,97.93663024902344,71.71110534667969,-5.270725727081299,11.361967086791992,-2.9358139038085938,-96.92485046386719,97.93663024902344,71.71110534667969,-5.270725727081299,11.361967086791992,877.6998019885764,513.0888041805846,1390.788606169161,364.6109978079918
28.998579656999937,-3.1997057741816803,-97.13080168776371,97.94826048171274,69.56162117452439,-4.662672570982025,11.323238973008557,45.74365234375,91.34326171875,143.7288818359375,-159.697265625,-39.16796875,98.42822265625,-107.088134765625,3.2646484375,-30.12353515625,-141.215576171875,-202.6572265625,-87.505615234375,-13.1513671875,64.1279296875,117.553955078125,-7.91998291015625,-26.8316650390625,3.40740966796875,-176.4462890625,-14.7359619140625,-65.3594970703125,-11.37591552734375,57.0224609375,29.660400390625,2.5919189453125,-128.353515625,-15.952545166015625,-99.7890625,-1.58404541015625,14.32635498046875,-2.9301795959472656,-96.92369079589844,97.93548583984375,71.7129135131836,-5.269613742828369,11.368467330932617,-2.9301795959472656,-96.92369079589844,97.93548583984375,71.7129135131836,-5.269613742828369,11.368467330932617,875.8660792886478,512.3874088921391,1388.253488180787,363.47867039650873
29.03488487999857,-3.1997057741816803,-97.13080168776371,97.94826048171274,69.56162117452439,-4.662672570982025,11.323238973008557,45.74365234375,91.34326171875,147.6009521484375,-159.697265625,-41.5679931640625,102.30029296875,-99.88818359375,5.66455078125,-41.73974609375,-138.8154296875,-202.6572265625,-75.8896484375,-13.1513671875,64.1279296875,117.553955078125,-5.519981384277344,-24.431640625,3.40740966796875,-174.0458984375,-17.135955810546875,-61.487548828125,-6.57586669921875,57.0224609375,33.5322265625,0.19195556640625,-133.1533203125,-19.82452392578125,-99.7890625,-3.984039306640625,18.198333740234375,-2.9354867935180664,-96.92753601074219,97.94024658203125,71.70905303955078,-5.27003812789917,11.349586486816406,-2.9354867935180664,-96.92753601074219,97.94024658203125,71.70905303955078,-5.27003812789917,11.349586486816406,873.7165891266424,513.2711734752627,1386.9877626019052,360.4454156513797
29.06021999299992,-3.1997057741816803,-97.13080168776371,97.94826048171274,69.56162117452439,-4.662672570982025,11.323238973008557,43.343505859375,88.943359375,143.7288818359375,-164.4970703125,-43.96795654296875,98.42822265625,-109.48828125,5.66455078125,-33.99560546875,-146.015625,-202.6572265625,-83.6337890625,-15.5517578125,68.92791748046875,129.169921875,-0.7199859619140625,-22.0316162109375,-0.464599609375,-166.8466796875,-14.7359619140625,-61.487548828125,-4.1759033203125,57.0224609375,29.660400390625,2.5919189453125,-133.1533203125,-23.696533203125,-94.9892578125,-1.58404541015625,18.198333740234375,-2.9299259185791016,-96.92398071289062,97.93109130859375,71.70999145507812,-5.273426532745361,11.375690460205078,-2.9299259185791016,-96.92398071289062,97.93109130859375,71.70999145507812,-5.273426532745361,11.375690460205078,896.5949185096988,496.88459172215073,1393.4795102318494,399.71032678754807
29.10385403699911,-3.1997057741816803,-97.13080168776371,97.94826048171274,69.56162117452439,-4.662672570982025,11.323238973008557,45.74365234375,91.34326171875,143.7288818359375,-164.4970703125,-36.76800537109375,94.55615234375,-107.088134765625,3.2646484375,-26.25146484375,-141.215576171875,-200.25732421875,-87.505615234375,-20.3515625,68.92791748046875,117.553955078125,-3.1199874877929688,-24.431640625,-0.464599609375,-164.4462890625,-14.7359619140625,-65.3594970703125,-8.97589111328125,54.623046875,37.404296875,0.19195556640625,-128.353515625,-19.82452392578125,-99.7890625,-3.984039306640625,22.070343017578125,-2.9356555938720703,-96.92533874511719,97.93766784667969,71.71060180664062,-5.272744655609131,11.35975456237793,-2.9356555938720703,-96.92533874511719,97.93766784667969,71.71060180664062,-5.272744655609131,11.35975456237793,877.8882764660121,501.167738492467,1379.0560149584792,376.72053797354516
29.160697642997548,-3.1997057741816803,-97.13080168776371,97.94826048171274,69.56162117452439,-4.662672570982025,11.323238973008557,43.343505859375,91.34326171875,151.4727783203125,-164.4970703125,-39.16796875,98.42822265625,-97.48828125,3.2646484375,-37.86767578125,-141.215576171875,-200.25732421875,-83.6337890625,-17.9521484375,64.1279296875,121.426025390625,1.6800155639648438,-24.431640625,11.151397705078125,-169.24609375,-14.7359619140625,-61.487548828125,-8.97589111328125,54.623046875,41.2763671875,2.5919189453125,-128.353515625,-23.696533203125,-94.9892578125,-1.58404541015625,25.942352294921875,-2.932925224304199,-96.92255401611328,97.92777252197266,71.70846557617188,-5.268322467803955,11.372106552124023,-2.932925224304199,-96.92255401611328,97.92777252197266,71.70846557617188,-5.268322467803955,11.372106552124023,879.8160456314329,505.6597729748184,1385.4758186062513,374.1562726566145
29.209035023999604,-3.1997057741816803,-97.13080168776371,97.94826048171274,69.56162117452439,-4.662672570982025,11.323238973008557,43.343505859375,93.74365234375,151.4727783203125,-164.4970703125,-39.16796875,94.55615234375,-102.288330078125,5.66455078125,-37.86767578125,-141.215576171875,-200.25732421875,-83.6337890625,-15.5517578125,61.727935791015625,121.426025390625,-7.91998291015625,-24.431640625,3.40740966796875,-174.0458984375,-17.135955810546875,-65.3594970703125,-6.57586669921875,57.0224609375,37.404296875,-2.20806884765625,-130.75390625,-19.82452392578125,-92.5888671875,-1.58404541015625,18.198333740234375,-2.931194305419922,-96.92117309570312,97.92500305175781,71.71122741699219,-5.279810428619385,11.377731323242188,-2.931194305419922,-96.92117309570312,97.92500305175781,71.71122741699219,-5.279810428619385,11.377731323242188,882.3091610227057,507.76216304442477,1390.0713240671305,374.5469979782809
29.236410662000708,-3.1997057741816803,-97.13080168776371,97.94826048171274,69.56162117452439,-4.662672570982025,11.323238973008557,40.943603515625,91.34326171875,147.6009521484375,-157.2978515625,-41.5679931640625,94.55615234375,-102.288330078125,3.2646484375,-41.73974609375,-143.615478515625,-195.45703125,-79.76171875,-17.9521484375,64.1279296875,117.553955078125,-3.1199874877929688,-24.431640625,-0.464599609375,-171.646484375,-12.335968017578125,-61.487548828125,-4.1759033203125,57.0224609375,29.660400390625,4.991943359375,-133.1533203125,-15.952545166015625,-92.5888671875,-1.58404541015625,14.32635498046875,-2.931486129760742,-96.92396545410156,97.9212646484375,71.71134185791016,-5.277628421783447,11.373327255249023,-2.931486129760742,-96.92396545410156,97.9212646484375,71.71134185791016,-5.277628421783447,11.373327255249023,867.477236042846,499.69170948006365,1367.1689455229098,367.78552656278237
29.264023316998646,-3.1997057741816803,-97.13080168776371,97.94826048171274,69.56162117452439,-4.662672570982025,11.323238973008557,45.74365234375,91.34326171875,139.8568115234375,-164.4970703125,-39.16796875,98.42822265625,-102.288330078125,3.2646484375,-37.86767578125,-141.215576171875,-200.25732421875,-83.6337890625,-10.751953125,64.1279296875,113.68212890625,-5.519981384277344,-24.431640625,-0.464599609375,-169.24609375,-19.53594970703125,-57.6156005859375,-4.1759033203125,54.623046875,29.660400390625,0.19195556640625,-133.1533203125,-19.82452392578125,-92.5888671875,0.815948486328125,25.942352294921875,-2.9309873580932617,-96.92008209228516,97.91615295410156,71.70712280273438,-5.275027751922607,11.375139236450195,-2.9309873580932617,-96.92008209228516,97.91615295410156,71.70712280273438,-5.275027751922607,11.375139236450195,867.8557602868913,497.9758870927914,1365.8316473796826,369.87987319409984
29.301689541000087,-3.1997057741816803,-97.13080168776371,97.94826048171274,69.56162117452439,-4.662672570982025,11.323238973008557,40.943603515625,88.943359375,147.6009521484375,-162.09765625,-41.5679931640625,94.55615234375,-104.688232421875,5.66455078125,-33.99560546875,-141.215576171875,-202.6572265625,-87.505615234375,-13.1513671875,71.32794189453125,121.426025390625,-3.1199874877929688,-19.631591796875,-0.464599609375,-178.8466796875,-14.7359619140625,-65.3594970703125,-6.57586669921875,49.8232421875,37.404296875,2.5919189453125,-133.1533203125,-19.82452392578125,-94.9892578125,0.815948486328125,18.198333740234375,-2.928945541381836,-96.9221420288086,97.91536712646484,71.71077728271484,-5.276120662689209,11.388837814331055,-2.928945541381836,-96.9221420288086,97.91536712646484,71.71077728271484,-5.276120662689209,11.388837814331055,883.0362957012455,504.8815394338539,1387.9178351350995,378.15475626739163
29.328330191998248,-3.1997057741816803,-97.13080168776371,97.94826048171274,69.56162117452439,-4.662672570982025,11.323238973008557,45.74365234375,88.943359375,143.7288818359375,-164.4970703125,-41.5679931640625,106.171875,-99.88818359375,5.66455078125,-41.73974609375,-141.215576171875,-205.05712890625,-79.76171875,-17.9521484375,66.52792358398438,121.426025390625,-0.7199859619140625,-22.0316162109375,3.40740966796875,-171.646484375,-19.53594970703125,-61.487548828125,-4.1759033203125,54.623046875,29.660400390625,0.19195556640625,-133.1533203125,-19.82452392578125,-94.9892578125,-1.58404541015625,18.198333740234375,-2.9341468811035156,-96.92698669433594,97.91193389892578,71.708740234375,-5.27926778793335,11.386457443237305,-2.9341468811035156,-96.92698669433594,97.91193389892578,71.708740234375,-5.27926778793335,11.386457443237305,884.7175632580775,499.3235067114383,1384.0410699695158,385.39405654663915
29.35734340399722,-3.1997057741816803,-97.13080168776371,97.94826048171274,69.56162117452439,-4.662672570982025,11.323238973008557,43.343505859375,93.74365234375,143.7288818359375,-162.09765625,-43.96795654296875,102.30029296875,-102.288330078125,5.66455078125,-41.73974609375,-141.215576171875,-195.45703125,-91.377685546875,-17.9521484375,64.1279296875,121.426025390625,-0.7199859619140625,-22.0316162109375,3.40740966796875,-162.0458984375,-9.93597412109375,-57.6156005859375,-8.97589111328125,54.623046875,33.5322265625,4.991943359375,-128.353515625,-23.696533203125,-92.5888671875,-3.984039306640625,18.198333740234375,-2.933894157409668,-96.9210433959961,97.91552734375,71.71151733398438,-5.281666278839111,11.383844375610352,-2.933894157409668,-96.9210433959961,97.91552734375,71.71151733398438,-5.281666278839111,11.383844375610352,880.6214021713741,484.3580346872004,1364.9794368585744,396.2633674841737
29.39434517599875,-3.1997057741816803,-97.13080168776371,97.94826048171274,69.56162117452439,-4.662672570982025,11.323238973008557,40.943603515625,91.34326171875,143.7288818359375,-162.09765625,-39.16796875,94.55615234375,-99.88818359375,0.86474609375,-33.99560546875,-138.8154296875,-200.25732421875,-83.6337890625,-17.9521484375,68.92791748046875,129.169921875,-7.91998291015625,-24.431640625,3.40740966796875,-169.24609375,-17.135955810546875,-65.3594970703125,-4.1759033203125,49.8232421875,33.5322265625,0.19195556640625,-128.353515625,-23.696533203125,-102.189453125,-6.384063720703125,25.942352294921875,-2.9324731826782227,-96.92400360107422,97.9096908569336,71.70658874511719,-5.276608943939209,11.397083282470703,-2.9324731826782227,-96.92400360107422,97.9096908569336,71.70658874511719,-5.276608943939209,11.397083282470703,877.4992752759606,504.49193031490444,1381.991205590865,373.00734496105616
29.428741183997772,-3.1997057741816803,-97.13080168776371,97.94826048171274,69.56162117452439,-4.662672570982025,11.323238973008557,43.343505859375,91.34326171875,147.6009521484375,-164.4970703125,-41.5679931640625,102.30029296875,-104.688232421875,8.06494140625,-37.86767578125,-138.8154296875,-202.6572265625,-79.76171875,-13.1513671875,66.52792358398438,121.426025390625,-5.519981384277344,-24.431640625,3.40740966796875,-169.24609375,-17.135955810546875,-53.7435302734375,-6.57586669921875,54.623046875,37.404296875,-2.20806884765625,-133.1533203125,-19.82452392578125,-92.5888671875,-1.58404541015625,22.070343017578125,-2.927802085876465,-96.91999816894531,97.90618896484375,71.71002197265625,-5.276280879974365,11.405963897705078,-2.927802085876465,-96.91999816894531,97.90618896484375,71.71002197265625,-5.276280879974365,11.405963897705078,885.9957557444845,500.04076582250514,1386.0365215669897,385.9549899219794
29.457030489000317,-3.1997057741816803,-97.13080168776371,97.94826048171274,69.56162117452439,-4.662672570982025,11.323238973008557,40.943603515625,93.74365234375,143.7288818359375,-166.8974609375,-39.16796875,98.42822265625,-102.288330078125,5.66455078125,-33.99560546875,-138.8154296875,-197.85693359375,-87.505615234375,-17.9521484375,66.52792358398438,113.68212890625,-0.7199859619140625,-22.0316162109375,7.279388427734375,-169.24609375,-12.335968017578125,-65.3594970703125,-8.97589111328125,54.623046875,37.404296875,0.19195556640625,-133.1533203125,-19.82452392578125,-90.189453125,-1.58404541015625,22.070343017578125,-2.9218883514404297,-96.91632080078125,97.90345764160156,71.70853424072266,-5.285716533660889,11.396064758300781,-2.9218883514404297,-96.91632080078125,97.90345764160156,71.70853424072266,-5.285716533660889,11.396064758300781,872.0172383973685,499.3544867932672,1371.3717251906357,372.6627516041013
29.495373159999872,-3.1997057741816803,-97.13080168776371,97.94826048171274,69.56162117452439,-4.662672570982025,11.323238973008557,45.74365234375,91.34326171875,139.8568115234375,-169.2978515625,-43.96795654296875,102.30029296875,-107.088134765625,3.2646484375,-33.99560546875,-141.215576171875,-202.6572265625,-83.6337890625,-13.1513671875,64.1279296875,125.298095703125,-0.7199859619140625,-24.431640625,7.279388427734375,-174.0458984375,-19.53594970703125,-69.2315673828125,-11.37591552734375,52.22265625,37.404296875,2.5919189453125,-130.75390625,-23.696533203125,-90.189453125,-3.984039306640625,18.198333740234375,-2.9292211532592773,-96.92332458496094,97.906005859375,71.70980072021484,-5.2799391746521,11.401788711547852,-2.9292211532592773,-96.92332458496094,97.906005859375,71.70980072021484,-5.2799391746521,11.401788711547852,890.3775644341383,504.0672625282534,1394.4448269623917,386.3103019058849
29.527426534998085,-3.1997057741816803,-97.13080168776371,97.94826048171274,69.56162117452439,-4.662672570982025,11.323238973008557,45.74365234375,96.1435546875,147.6009521484375,-164.4970703125,-39.16796875,102.30029296875,-99.88818359375,8.06494140625,-30.12353515625,-136.41552734375,-205.05712890625,-79.76171875,-15.5517578125,66.52792358398438,125.298095703125,-3.1199874877929688,-24.431640625,7.279388427734375,-166.8466796875,-17.135955810546875,-61.487548828125,-8.97589111328125,52.22265625,29.660400390625,0.19195556640625,-130.75390625,-23.696533203125,-92.5888671875,-1.58404541015625,22.070343017578125,-2.9298505783081055,-96.92750549316406,97.90353393554688,71.71150207519531,-5.28014612197876,11.402469635009766,-2.9298505783081055,-96.92750549316406,97.90353393554688,71.71150207519531,-5.28014612197876,11.402469635009766,885.8663960967644,493.1280282866114,1378.9944243833759,392.738367810153
29.567678370000067,-3.1997057741816803,-97.13080168776371,97.94826048171274,69.56162117452439,-4.662672570982025,11.323238973008557,43.343505859375,91.34326171875,143.7288818359375,-164.4970703125,-39.16796875,98.42822265625,-102.288330078125,5.66455078125,-33.99560546875,-141.215576171875,-197.85693359375,-83.6337890625,-15.5517578125,64.1279296875,121.426025390625,-3.1199874877929688,-22.0316162109375,3.40740966796875,-169.24609375,-17.135955810546875,-61.487548828125,-4.1759033203125,54.623046875,29.660400390625,0.19195556640625,-133.1533203125,-23.696533203125,-94.9892578125,-1.58404541015625,14.32635498046875,-2.9236841201782227,-96.92001342773438,97.8996353149414,71.71151733398438,-5.284204006195068,11.410537719726562,-2.9236841201782227,-96.92001342773438,97.8996353149414,71.71151733398438,-5.284204006195068,11.410537719726562,874.5879333230937,497.0123454016991,1371.6002787247928,377.5755879213946
