time_s,unix_time,gripper_command,gripper_position,gripper_error,present_current_raw,present_load_raw,present_voltage_raw,on_motor_total,not_motor_total,combined_total,asymmetry,abs_current,abs_load,aligned_time_s
0.0032832622528076,1788289409.8822608,56.022944550669216,84.60575719649562,-28.5828126458264,0,0,118,17.89393291315764,29.83481756931958,47.72875048247722,0.2501822179599238,0,0,0.0
0.0528967380523681,1788289409.9318745,56.022944550669216,84.4180225281602,-28.395077977490978,10,204,117,39.75773117891963,27.639303639772656,67.39703481869228,0.1798065385479834,10,204,0.04961371421813965
0.1030409336090087,1788289409.9820185,56.022944550669216,82.16520650813517,-26.142261957465955,24,488,116,59.86644680169802,523.4915965756252,583.3580433773232,0.7947523052734334,24,488,0.09975767135620117
0.1531996726989746,1788289410.0321772,56.022944550669216,77.47183979974969,-21.448895249080472,8,500,117,494.57109138865343,782.8052384437275,1277.3763298323809,0.2256454423990278,8,500,0.149916410446167
0.2032933235168457,1788289410.0822709,56.022944550669216,72.27784730913642,-16.254902758467203,7,500,117,1774.3213462071935,1254.725570444695,3029.0469166518888,0.1715377113857404,7,500,0.20001006126403809
0.253361701965332,1788289410.1323392,56.022944550669216,67.08385481852316,-11.060910267853949,9,500,117,3920.9480154722514,1262.5994907090328,5183.547506181284,0.5128434767103394,9,500,0.2500784397125244
0.3033416271209717,1788289410.1823192,56.022944550669216,62.26533166458073,-6.242387113911512,0,280,118,4818.078040136417,1253.4840253987336,6071.56206553515,0.5870966937770237,0,280,0.30005836486816406
0.353496789932251,1788289410.2324743,56.022944550669216,59.32415519399249,-3.301210643323273,0,164,118,4852.27981255504,1254.417093381015,6106.696905936055,0.589166741790754,0,164,0.35021352767944336
0.4038271903991699,1788289410.2828047,56.022944550669216,57.88485607008761,-1.861911519418392,0,96,118,4876.79097242659,1245.884551198933,6122.675523625523,0.5930261055345992,0,96,0.4005439281463623
0.4540431499481201,1788289410.3330207,56.022944550669216,57.07133917396746,-1.0483946232982433,0,60,118,4886.751373268133,1268.1998206660005,6154.951193934134,0.5879090570479762,0,60,0.4507598876953125
0.5036540031433105,1788289410.3826315,56.022944550669216,56.63329161451814,-0.610347063848927,0,40,118,4901.773489287802,1259.5152816911109,6161.288770978912,0.5911520045534249,0,40,0.5003707408905029
0.5536603927612305,1788289410.432638,56.022944550669216,56.38297872340425,-0.360034172735034,0,32,118,4922.221638123331,1250.73184204539,6172.953480168721,0.5947703652510905,0,32,0.5503771305084229
0.603771448135376,1788289410.482749,56.022944550669216,56.25782227784731,-0.2348777271780946,0,20,118,4924.207761616997,1258.9165370183775,6183.124298635375,0.5927895102169555,0,20,0.6004881858825684
0.6537928581237793,1788289410.5327704,56.022944550669216,56.19524405506884,-0.1722995043996249,0,24,118,4933.761905160967,1259.1471436033569,6192.909048764324,0.5933584253575965,0,24,0.6505095958709717
0.7040691375732422,1788289410.583047,56.022944550669216,56.19524405506884,-0.1722995043996249,0,24,118,4945.470753942842,1253.241428522603,6198.712182465445,0.5956445817672582,0,24,0.7007861137390137
0.7539548873901367,1788289410.6329324,56.022944550669216,56.19524405506884,-0.1722995043996249,0,24,118,4943.511298311468,1252.9316790895389,6196.442977401007,0.5955964789286062,0,24,0.7506716251373291
0.8040804862976074,1788289410.683058,56.022944550669216,56.19524405506884,-0.1722995043996249,0,24,117,4954.841549744825,1237.9035617323873,6192.745111477212,0.6002084570094316,0,24,0.8007972240447998
0.8540866374969482,1788289410.7330642,56.022944550669216,56.19524405506884,-0.1722995043996249,0,24,117,4946.302805680586,1251.386626838155,6197.689432518741,0.5961764007495317,0,24,0.8508033752441406
0.9040975570678712,1788289410.783075,56.022944550669216,56.19524405506884,-0.1722995043996249,0,24,118,4959.780634180416,1257.6666765937136,6217.44731077413,0.5954395385339832,0,24,0.9008142948150635
0.9542913436889648,1788289410.833269,56.022944550669216,56.19524405506884,-0.1722995043996249,0,24,118,4958.00586473875,1256.1395176657638,6214.145382404513,0.5957160831085317,0,24,0.9510080814361572
1.0043201446533203,1788289410.8832977,56.022944550669216,56.19524405506884,-0.1722995043996249,0,24,118,4954.213313027392,1247.5717381245804,6201.785051151973,0.5976733382938366,0,24,1.0010368824005127
1.0542891025543213,1788289410.9332666,56.022944550669216,56.19524405506884,-0.1722995043996249,1,24,118,4957.19741331811,1243.846753090745,6201.044166408856,0.5988266750852442,1,24,1.0510058403015137
1.1042943000793457,1788289410.9832718,56.022944550669216,56.19524405506884,-0.1722995043996249,0,24,118,4957.745589150079,1243.4848562044886,6201.230445354568,0.5989554437100458,0,24,1.101011037826538
1.154559850692749,1788289411.0335374,56.022944550669216,56.19524405506884,-0.1722995043996249,0,24,117,4958.352575413704,1249.140311370708,6207.492886784412,0.5975379000336529,0,24,1.1512765884399414
1.2046217918395996,1788289411.083599,56.022944550669216,56.19524405506884,-0.1722995043996249,0,24,118,4954.675919914879,1258.5740022151256,6213.249922130005,0.5948741743890238,0,24,1.201338291168213
1.2545528411865234,1788289411.1335304,56.022944550669216,56.19524405506884,-0.1722995043996249,0,24,117,4955.246550096377,1251.9489880095855,6207.195538105963,0.5966136461067246,0,24,1.2512695789337158
1.304802656173706,1788289411.1837802,56.022944550669216,56.19524405506884,-0.1722995043996249,0,24,118,4958.474132810007,1258.452050895979,6216.926183705986,0.5951529699052016,0,24,1.3015193939208984
1.3548612594604492,1788289411.2338388,56.022944550669216,56.19524405506884,-0.1722995043996249,0,24,118,4957.590387689868,1250.0474369006542,6207.6378245905225,0.5972550357403907,0,24,1.3515779972076416
1.4049110412597656,1788289411.2838886,56.022944550669216,56.19524405506884,-0.1722995043996249,1,24,117,4947.560453053196,1238.7758723844524,6186.336325437648,0.5995122776332997,1,24,1.401627779006958
1.4550409317016602,1788289411.3340185,56.022944550669216,56.19524405506884,-0.1722995043996249,0,24,117,4947.139143670572,1240.5859763013889,6187.72511997196,0.5990171016817857,0,24,1.4517576694488525
1.5051331520080566,1788289411.3841107,56.022944550669216,56.19524405506884,-0.1722995043996249,0,24,117,4956.5026306482,1242.4680344823469,6198.970665130546,0.5991373079174973,0,24,1.501849889755249
1.5550003051757812,1788289411.4339778,56.022944550669216,56.19524405506884,-0.1722995043996249,1,24,118,4961.326072854854,1254.4223457086257,6215.748418563479,0.5963728705742776,1,24,1.5517170429229736
1.6052110195159912,1788289411.4841886,56.022944550669216,56.19524405506884,-0.1722995043996249,0,24,118,4951.282160820354,1250.0096861908564,6201.291847011211,0.5968550692245473,0,24,1.6019277572631836
1.6553900241851809,1788289411.5343676,56.022944550669216,56.19524405506884,-0.1722995043996249,0,24,118,4952.157193444361,1253.240682267557,6205.397875711919,0.5960804746548896,0,24,1.652106761932373
1.7051513195037842,1788289411.5841289,56.022944550669216,56.19524405506884,-0.1722995043996249,0,24,118,4954.916084453131,1240.9964135581934,6195.912498011324,0.5994144804477111,0,24,1.7018680572509766
1.7555153369903564,1788289411.6344929,56.022944550669216,56.19524405506884,-0.1722995043996249,0,24,118,4960.52177881063,1242.5559009097,6203.077679720331,0.599374386372114,0,24,1.7522320747375488
1.8054533004760744,1788289411.6844308,56.022944550669216,56.19524405506884,-0.1722995043996249,1,24,117,4958.440726629611,1251.0606209208413,6209.501347550453,0.5970495693943719,1,24,1.8021700382232666
1.8553433418273928,1788289411.7343209,56.022944550669216,56.19524405506884,-0.1722995043996249,0,24,118,4951.501252521934,1246.9504373249813,6198.451689846915,0.5976574474662792,0,24,1.852060079574585
1.9056191444396973,1788289411.7845967,56.022944550669216,56.13266583229037,-0.1097212816211481,0,20,118,4964.444638936241,1258.1390452159335,6222.583684152175,0.5956216552233142,0,20,1.9023358821868896
1.9555389881134035,1788289411.8345163,56.022944550669216,56.13266583229037,-0.1097212816211481,0,20,117,4948.525312686337,1240.2390978169915,6188.764410503329,0.5991965389045651,0,20,1.9522554874420166
2.0053720474243164,1788289411.8843496,56.022944550669216,56.13266583229037,-0.1097212816211481,0,20,117,4948.989041575654,1242.5165344337704,6191.505576009424,0.5986383217522345,0,20,2.002088785171509
2.055591583251953,1788289411.9345691,56.022944550669216,56.13266583229037,-0.1097212816211481,0,20,118,4950.626038411929,1248.5395041900078,6199.165542601937,0.5971911072192576,0,20,2.0523083209991455
2.1057028770446777,1788289411.9846804,56.022944550669216,56.13266583229037,-0.1097212816211481,0,20,118,4946.476327436501,1244.0230804332894,6190.499407869791,0.5980863583148716,0,20,2.10241961479187
2.1556339263916016,1788289412.0346117,56.022944550669216,56.13266583229037,-0.1097212816211481,0,20,118,4952.277927737901,1252.4616037705357,6204.739531508437,0.5962887410791766,0,20,2.152350902557373
2.205828189849853,1788289412.0848055,56.022944550669216,56.13266583229037,-0.1097212816211481,0,20,118,4956.447462577057,1235.0751169940454,6191.522579571103,0.601043167937667,0,20,2.202544689178467
2.2559564113616943,1788289412.134934,56.022944550669216,56.13266583229037,-0.1097212816211481,0,20,118,4943.365679117106,1246.189666439068,6189.555345556174,0.5973249783334511,0,20,2.2526731491088867
2.305968999862671,1788289412.1849463,56.022944550669216,56.13266583229037,-0.1097212816211481,0,20,118,4949.930691563119,1250.3483787679263,6200.279070331046,0.5966799672772897,0,20,2.302685499191284
2.356032371520996,1788289412.23501,56.022944550669216,56.13266583229037,-0.1097212816211481,0,20,118,4954.963758460093,1251.442091000581,6206.405849460674,0.5967256665597113,0,20,2.3527491092681885
2.4061295986175537,1788289412.2851071,56.022944550669216,56.13266583229037,-0.1097212816211481,0,20,118,4959.715945918758,1252.0916423038543,6211.807588222612,0.5968672163388383,0,20,2.402846336364746
2.4561069011688232,1788289412.3350844,56.022944550669216,56.13266583229037,-0.1097212816211481,0,20,118,4955.044996049996,1250.1757768172804,6205.2207728672765,0.5970567937618744,0,20,2.4528236389160156
2.506162166595459,1788289412.3851397,56.022944550669216,56.13266583229037,-0.1097212816211481,0,20,118,4950.366005360122,1231.9850730949283,6182.35107845505,0.6014509504682489,0,20,2.5028789043426514
2.5563342571258545,1788289412.4353118,56.022944550669216,56.13266583229037,-0.1097212816211481,0,20,117,4946.01095043925,1251.3747771757862,6197.385727615037,0.5961604353268624,0,20,2.553050994873047
2.606391191482544,1788289412.4853687,56.022944550669216,56.13266583229037,-0.1097212816211481,0,20,118,4944.974448799549,1250.753787098765,6195.728235898314,0.5962528569759259,0,20,2.6031079292297363
2.6563944816589355,1788289412.535372,56.022944550669216,56.13266583229037,-0.1097212816211481,0,20,118,4957.115666625143,1240.539496095965,6197.655162721107,0.599674566097898,0,20,2.653111219406128
2.7064850330352783,1788289412.5854626,56.022944550669216,56.13266583229037,-0.1097212816211481,1,20,117,4960.674604741289,1202.445691044545,6163.120295785834,0.609793210797218,1,20,2.7032017707824707
2.756489515304565,1788289412.635467,56.022944550669216,56.13266583229037,-0.1097212816211481,0,20,117,4943.475274490702,1078.7884311255682,6022.26370561627,0.641733247210843,0,20,2.753206253051758
2.8066000938415527,1788289412.6855776,56.022944550669216,56.13266583229037,-0.1097212816211481,0,20,117,4940.875470718244,1987.860790696921,6928.736261415165,0.4261981649476412,0,20,2.803316831588745
2.8567702770233154,1788289412.7357478,56.022944550669216,56.13266583229037,-0.1097212816211481,0,20,117,5009.198143700131,2223.1922301389905,7232.390373839122,0.3852123253245059,0,20,2.853487014770508
2.906705856323242,1788289412.7856834,56.022944550669216,56.13266583229037,-0.1097212816211481,0,20,118,4999.965255576806,2342.2560522460267,7342.221307822832,0.3619761774953719,0,20,2.9034225940704346
2.956911563873291,1788289412.835889,56.022944550669216,56.13266583229037,-0.1097212816211481,0,20,118,5010.510836109269,2722.3092914955887,7732.820127604858,0.2959077680399145,0,20,2.9536283016204834
3.00679612159729,1788289412.8857737,56.022944550669216,56.13266583229037,-0.1097212816211481,1,20,118,5011.350457571757,3084.612678914483,8095.96313648624,0.2379874693319694,1,20,3.0035128593444824
3.056912422180176,1788289412.93589,56.022944550669216,56.13266583229037,-0.1097212816211481,0,20,118,5009.115923735407,4021.756680024757,9030.872603760165,0.1093315438089056,0,20,3.053629159927368
3.1072864532470703,1788289412.986264,56.022944550669216,56.13266583229037,-0.1097212816211481,0,20,118,5020.14379050162,4039.4808803115,9059.62467081312,0.1082454236045193,0,20,3.1040031909942627
3.1570558547973637,1788289413.0360334,56.022944550669216,56.13266583229037,-0.1097212816211481,0,20,118,5000.359980221447,4075.449331259885,9075.809311481333,0.1019094404938086,0,20,3.1537725925445557
3.207313060760498,1788289413.0862906,56.022944550669216,56.13266583229037,-0.1097212816211481,0,20,118,5000.296346293746,4173.332556219368,9173.628902513114,0.0901457644365613,0,20,3.2040297985076904
3.2569823265075684,1788289413.13596,56.022944550669216,56.13266583229037,-0.1097212816211481,0,20,117,4966.245362482094,4413.456150419125,9379.701512901218,0.0589346272162968,0,20,3.25369930267334
3.306952953338623,1788289413.1859305,56.022944550669216,56.13266583229037,-0.1097212816211481,0,20,118,4930.520663642787,4465.680033840965,9396.200697483751,0.0494711261250841,0,20,3.3036696910858154
3.3572897911071777,1788289413.236267,56.022944550669216,56.13266583229037,-0.1097212816211481,0,20,117,4936.082992250184,4551.702083468892,9487.785075719075,0.0405132394667108,0,20,3.354006290435791
3.407414436340332,1788289413.286392,56.022944550669216,56.13266583229037,-0.1097212816211481,1,20,118,4938.001159475303,4563.548744477667,9501.549903952971,0.0394096140927335,1,20,3.4041311740875244
3.4572689533233643,1788289413.3362465,56.022944550669216,56.13266583229037,-0.1097212816211481,0,20,118,4932.426507362516,4572.386426666478,9504.812934028992,0.0378797650406172,0,20,3.4539856910705566
3.5073704719543457,1788289413.386348,56.022944550669216,56.13266583229037,-0.1097212816211481,0,20,118,4918.989847016966,4574.205408654592,9493.19525567156,0.0363191137521782,0,20,3.504087209701538
3.5575666427612305,1788289413.4365442,56.022944550669216,56.13266583229037,-0.1097212816211481,0,20,118,4924.135056735584,4554.469464035913,9478.604520771496,0.0390000017291134,0,20,3.554283380508423
3.607513427734375,1788289413.486491,56.022944550669216,56.13266583229037,-0.1097212816211481,0,20,117,4934.920032601574,4573.187609594597,9508.107642196172,0.038044628502273,0,20,3.6042301654815674
3.657605409622192,1788289413.536583,56.022944550669216,56.13266583229037,-0.1097212816211481,0,20,117,4925.8956735141,4577.160865342604,9503.056538856705,0.0366971202102783,0,20,3.6543221473693848
3.707626819610596,1788289413.5866044,55.95920968769917,56.13266583229037,-0.1734561445911921,0,20,118,4482.269292361068,4624.974735817692,9107.24402817876,0.0156694432492505,0,20,3.704343557357788
3.757632970809937,1788289413.6366105,55.95920968769917,56.13266583229037,-0.1734561445911921,0,24,118,4100.711417924523,4780.685977565344,8881.397395489867,0.0765616635943038,0,24,3.754349708557129
3.8078691959381104,1788289413.6868467,55.95920968769917,56.13266583229037,-0.1734561445911921,0,24,118,4139.858682758058,4780.161320471676,8920.020003229734,0.0717826459449394,0,24,3.8045859336853027
3.857695817947388,1788289413.7366734,56.34161886551944,56.13266583229037,0.2089530332290721,0,24,118,4171.198195518544,4795.015542869161,8966.213738387705,0.0695742222472148,0,24,3.85441255569458
3.9080073833465576,1788289413.786985,56.40535372848948,56.13266583229037,0.2726878961991161,0,1056,118,4173.680998150514,4783.408708032052,8957.089706182567,0.0680720780836523,0,1056,3.90472412109375
3.9583194255828857,1788289413.837297,56.46908859145952,56.13266583229037,0.3364227591691602,0,1052,118,4175.039140972352,4769.1266506862685,8944.16579165862,0.0664217908693023,0,1052,3.955036163330078
4.008034467697144,1788289413.887012,56.46908859145952,56.13266583229037,0.3364227591691602,0,1056,118,4166.564383959931,4781.9161195753,8948.480503535231,0.0687660587037392,0,1056,4.004751205444336
4.058279991149902,1788289413.9372575,56.46908859145952,56.25782227784731,0.2112663136122137,0,1044,118,4180.429440155249,4779.642036667988,8960.071476823236,0.0668758723702936,0,1044,4.054996728897095
4.108099937438965,1788289413.9870777,56.53282345442957,56.25782227784731,0.2750011765822577,1,1048,117,4173.004694035522,4779.979497160378,8952.984191195901,0.0677958086558151,1,1048,4.104816913604736
4.158344507217407,1788289414.037322,56.53282345442957,56.25782227784731,0.2750011765822577,0,1052,117,4168.120393967245,4779.040884914901,8947.161278882146,0.0682809297726198,0,1052,4.1550612449646
4.208272695541382,1788289414.0872502,56.59655831739961,56.25782227784731,0.3387360395523018,1,1052,118,4164.559898684586,4779.860257214818,8944.420155899405,0.0687915312346327,1,1052,4.204989433288574
4.258281230926514,1788289414.1372588,56.21414913957935,56.25782227784731,-0.0436731382679624,0,1056,118,4250.789468349391,4778.030333190882,9028.819801540274,0.0583953247966634,0,1056,4.254997968673706
4.308520793914795,1788289414.1874983,55.95920968769917,56.25782227784731,-0.2986125901481387,0,0,117,4246.608490639082,4769.857091265435,9016.465581904518,0.0580325623020709,0,0,4.305237531661987
4.358579874038696,1788289414.2375574,55.89547482472913,56.19524405506884,-0.299769230339713,0,24,118,4265.767048713254,4767.92094287434,9033.687991587594,0.0555868095764105,0,24,4.355296611785889
4.40878176689148,1788289414.2877593,55.44933078393881,56.07008760951189,-0.6207568255730749,0,0,117,4260.933862208179,5049.862720122081,9310.796582330258,0.0847326918741954,0,0,4.405498504638672
4.458669900894165,1788289414.3376474,52.517527087316765,55.88235294117647,-3.3648258538597062,0,36,118,4256.455242446036,6089.411440446927,10345.866682892964,0.1771679699905383,0,36,4.455386638641357
4.5086305141448975,1788289414.387608,46.27151051625239,55.38172715894869,-9.1102166426963,5,184,117,4270.8713318345945,6125.961756572802,10396.833088407397,0.1784284126679553,5,184,4.50534725189209
4.558876276016235,1788289414.4378538,37.09369024856596,53.2540675844806,-16.16037733591464,13,372,117,4283.882621878056,6120.750102550556,10404.632724428611,0.1765432312050568,13,372,4.555593013763428
4.608867883682251,1788289414.4878454,25.55768005098789,49.49937421777221,-23.941694166784323,14,500,117,4700.420690494992,6114.604342600424,10815.025033095417,0.1307610151412356,14,500,4.605584621429443
4.65868067741394,1788289414.5376582,12.810707456978967,44.43053817271589,-31.619830715736924,5,500,117,5392.592023928436,6334.530471033922,11727.122494962356,0.08032136165629,5,500,4.655397415161133
4.70894718170166,1788289414.5879247,0.3824091778202677,39.23654568210263,-38.854136504282366,4,500,117,5429.027636665207,6379.470876565779,11808.498513230985,0.0804880687274199,4,500,4.7056639194488525
4.758933782577515,1788289414.637911,2.1669853409815167,34.04255319148936,-31.87556785050785,9,500,117,5439.622556911572,6398.9029384008745,11838.525495312446,0.0810303936811334,9,500,4.755650281906128
4.809046506881714,1788289414.688024,4.716379859783301,28.97371714643304,-24.25733728664974,8,500,117,5472.827905142058,6435.7568090470295,11908.584714189088,0.0808600624688541,8,500,4.805763244628906
4.859102249145508,1788289414.7380798,2.3581899298916507,23.779724655819777,-21.42153472592813,7,500,117,5495.488894897149,7046.661891137521,12542.15078603467,0.1236767937734857,7,500,4.8558189868927
4.909069776535034,1788289414.7880473,1.147227533460803,18.71088861076345,-17.56366107730265,6,500,117,5541.9184954360335,7152.724789397343,12694.643284833375,0.1268886614471303,6,500,4.905786514282227
4.959299087524414,1788289414.8382766,1.7208413001912046,13.9549436795995,-12.234102379408291,7,500,117,6205.819323634098,8067.930609392879,14273.749933026977,0.1304570483927408,7,500,4.9560158252716064
5.009297847747803,1788289414.8882754,1.8483110261312936,9.637046307884855,-7.788735281753562,7,380,117,10933.835089306114,14748.45516758046,25682.290256886576,0.1485311489013903,7,380,5.006014585494995
5.059305667877197,1788289414.9382832,1.9120458891013383,7.446808510638298,-5.534762621536959,35,324,116,18796.129365416367,22729.580071504064,41525.70943692043,0.0947232632367858,35,324,5.05602240562439
5.109376907348633,1788289414.9883544,1.9120458891013383,6.508135168961202,-4.596089279859863,30,284,116,21469.79803822837,25670.78502044698,47140.58305867536,0.0891161438752185,30,284,5.106093645095825
5.159615993499756,1788289415.0385935,1.9120458891013383,6.132665832290362,-4.220619943189024,32,276,116,22937.66205756744,27800.005957378104,50737.66801494555,0.0958330189392698,32,276,5.156332731246948
5.209422111511231,1788289415.0883996,1.9120458891013383,5.944931163954944,-4.032885274853606,30,268,116,23441.2878123008,28580.854895356068,52022.14270765687,0.0987957591815764,30,268,5.206138849258423
5.2595415115356445,1788289415.138519,1.9120458891013383,5.88235294117647,-3.970307052075132,35,268,115,23616.82391190862,28859.13096148705,52475.95487339568,0.0998992216954623,35,268,5.256258249282837
5.309588670730591,1788289415.1885662,1.9120458891013383,5.88235294117647,-3.970307052075132,38,268,116,23639.46907426429,28957.32735532038,52596.79642958468,0.1011061251263754,38,268,5.306305408477783
5.359763622283936,1788289415.2387412,1.9120458891013383,5.88235294117647,-3.970307052075132,32,268,116,23677.48727963493,29005.876929694925,52683.364209329855,0.1011398897930739,32,268,5.356480360031128
5.409714698791504,1788289415.2886922,1.9120458891013383,5.88235294117647,-3.970307052075132,35,268,116,23711.34986677237,29054.918955298577,52766.26882207095,0.1012686552946323,35,268,5.406431436538696
5.459973573684692,1788289415.338951,1.9120458891013383,5.88235294117647,-3.970307052075132,39,268,116,23736.350246121703,29117.704533431417,52854.05477955312,0.1018153538031205,39,268,5.456690311431885
5.509824752807617,1788289415.3888023,1.9120458891013383,5.88235294117647,-3.970307052075132,32,268,116,23733.99618467701,29156.844325755024,52890.840510432026,0.1025290596395123,32,268,5.50654149055481
5.559998989105225,1788289415.4389763,2.1669853409815167,5.88235294117647,-3.7153676001949534,43,268,116,23733.681407819717,29208.283272625413,52941.964680445126,0.1034076067605368,43,268,5.556715488433838
5.610064268112183,1788289415.4890418,4.2065009560229445,5.88235294117647,-1.6758519851535256,30,252,116,23736.49254158808,29234.18360874,52970.67615032807,0.103787443670716,30,252,5.606781005859375
5.659940719604492,1788289415.5389185,9.560229445506693,5.88235294117647,3.6778765043302224,5,92,117,23732.981403857226,29287.219226833786,53020.20063069101,0.1047570125519567,5,92,5.656657695770264
5.7102532386779785,1788289415.5892308,17.654557042702358,6.320400500625782,11.334156542076576,0,1200,117,22830.438402623156,27954.7395477514,50785.17795037455,0.1009015100850002,0,1200,5.706969976425171
5.760379791259766,1788289415.639357,27.278521351179094,8.823529411764707,18.45499193941439,8,1420,117,13478.36815205925,17704.9468738727,31183.315025931952,0.1355397499688099,8,1420,5.757096290588379
5.810293197631836,1788289415.6892707,36.77501593371574,12.51564455569462,24.25937137802112,9,1524,117,7152.897636289653,10568.66349643168,17721.561132721334,0.192746329432293,9,1524,5.807009935379028
5.860366344451904,1788289415.739344,45.5704270235819,17.584480600750936,27.985946422830963,8,1524,117,6020.060334464555,8551.935855425256,14571.996189889813,0.1737493949330936,8,1524,5.857083082199097
5.910319089889526,1788289415.7892966,53.664754620777565,22.65331664580726,31.011437974970303,8,1524,117,5668.796418752723,8321.92482816935,13990.721246922074,0.1896348560300499,8,1524,5.907035827636719
5.960931301116943,1788289415.8399088,60.61185468451242,27.847309136420527,32.764545548091895,8,1524,117,4090.5519247646207,8084.252299797972,12174.804224562591,0.328029946220908,8,1524,5.957648038864136
6.010513544082642,1788289415.889491,66.8578712555768,32.91614518147685,33.94172607409995,7,1524,118,5649.147922212842,8062.172625952173,13711.320548165017,0.1759877683015926,7,1524,6.007230281829834
6.0605244636535645,1788289415.939502,72.46653919694073,38.17271589486859,34.29382330207214,7,1524,117,5680.194874599349,7961.593246431215,13641.788121030564,0.1672360215238058,7,1524,6.057241201400757
6.110742330551148,1788289415.98972,77.69279796048438,43.2415519399249,34.45124602055948,7,1524,117,5211.094964015445,7902.104016275478,13113.198980290925,0.2052137740229982,7,1524,6.107459306716919
6.160573720932007,1788289416.0395513,82.47291268323774,48.49812265331664,33.974790029921095,7,1524,117,5553.123372220962,7822.908311396672,13376.031683617632,0.1696904577428327,7,1524,6.157290458679199
6.210690021514893,1788289416.0896676,87.06182281708095,53.56695869837297,33.49486411870798,10,1524,117,5579.698172527491,7663.409903016955,13243.108075544444,0.1573431039453175,10,1524,6.207406759262085
6.260756492614746,1788289416.139734,91.65073295092417,58.82352941176471,32.82720353915944,9,1524,117,5598.749344165743,7711.388872161989,13310.138216327732,0.1587240863813601,9,1524,6.2574732303619385
6.3108861446380615,1788289416.1898637,94.83747609942638,63.954943679599495,30.882532419826887,8,1524,117,5637.998924917325,7755.436309542463,13393.435234459788,0.1580951673381906,8,1524,6.307602882385254
6.360918045043945,1788289416.2398956,96.17590822179731,69.21151439299123,26.96439382880609,8,1524,117,5721.692653403653,7748.275680072949,13469.9683334766,0.1504519518158537,8,1524,6.357634782791138
6.411350250244141,1788289416.2903278,96.17590822179731,74.34292866082603,21.832979560971296,8,1524,117,5984.778263916827,7090.348046315656,13075.126310232485,0.0845551894618118,8,1524,6.408066987991333
6.4612133502960205,1788289416.340191,96.11217335882728,79.47434292866082,16.63783043016646,9,1524,117,6076.706380050237,6648.028257260175,12724.734637310412,0.0448985297921069,9,1524,6.457930088043213
6.511154413223267,1788289416.390132,96.04843849585724,84.54317897371715,11.505259522140094,8,1524,117,6101.908294693421,6366.586755605629,12468.49505029905,0.0212277792824611,8,1524,6.507871150970459
6.561302423477173,1788289416.44028,96.04843849585724,89.48685857321652,6.561579922640718,0,1328,118,6164.157806395322,6109.863611175851,12274.021417571174,0.0044235050088592,0,1328,6.558019161224365
6.6113831996917725,1788289416.4903607,96.04843849585724,92.42803504380475,3.6204034520524857,0,1184,118,6440.465635920296,6010.739283105749,12451.204919026044,0.0345128327426291,0,1184,6.608099937438965
6.661376237869263,1788289416.5403538,95.9847036328872,93.92991239048813,2.0547912423990766,0,1136,118,6429.363896806708,5659.756807205815,12089.120704012525,0.0636611304034255,0,1136,6.658092975616455
6.711411476135254,1788289416.590389,95.9847036328872,94.61827284105132,1.3664307918358816,1,1104,117,6437.332364635339,5144.4391882993295,11581.771552934668,0.1116317283955067,1,1104,6.708128213882446
6.761502027511597,1788289416.6404796,95.9847036328872,94.93116395494368,1.0535396779435189,2,1096,118,6419.313206087019,4443.319388113354,10862.632594200371,0.1819074520690924,2,1096,6.758218765258789
6.811616659164429,1788289416.6905942,95.9847036328872,95.05632040050062,0.9283832323865652,2,1092,117,6620.111143344922,4225.512294695416,10845.623438040338,0.2207894144886685,2,1092,6.808333396911621
6.861563682556152,1788289416.7405412,95.9847036328872,95.11889862327912,0.8658050096080814,1,1088,118,6618.164368478878,4350.289780276507,10968.454148755383,0.2067633740767117,1,1088,6.858280420303345
6.911589860916138,1788289416.7905674,95.9847036328872,95.11889862327912,0.8658050096080814,2,1088,117,6604.487469755728,4346.976930579904,10951.464400335632,0.2061377781684281,2,1088,6.90830659866333
6.961618661880493,1788289416.8405962,95.9847036328872,95.11889862327912,0.8658050096080814,2,1088,117,6596.130412887665,4319.478004217154,10915.60841710482,0.208568530646719,2,1088,6.9583353996276855
7.011602401733398,1788289416.89058,95.9847036328872,95.11889862327912,0.8658050096080814,1,1088,117,6579.977533932427,4305.707760388018,10885.685294320445,0.2089229765562852,1,1088,7.008319139480591
7.061947822570801,1788289416.9409254,95.9847036328872,95.11889862327912,0.8658050096080814,2,1088,117,6578.012620410027,4303.043707683104,10881.056328093133,0.2090761084338218,2,1088,7.058664560317993
7.111981391906738,1788289416.990959,95.9847036328872,95.11889862327912,0.8658050096080814,2,1088,116,6557.144386190367,4304.893508751269,10862.037894941635,0.207350673899596,2,1088,7.108698129653931
7.162025451660156,1788289417.041003,95.9847036328872,95.11889862327912,0.8658050096080814,2,1088,117,6566.024825154699,4282.443685700399,10848.468510855098,0.2104980198052216,2,1088,7.158742189407349
7.212283372879028,1788289417.091261,95.9847036328872,95.11889862327912,0.8658050096080814,2,1088,117,6544.892691818448,4289.015935745878,10833.908627564326,0.2082237199539438,2,1088,7.209000110626221
7.262139558792114,1788289417.141117,95.9847036328872,95.11889862327912,0.8658050096080814,2,1088,117,6565.130715721435,4289.142825846639,10854.273541568076,0.2096858791294099,2,1088,7.258856296539307
7.311987400054932,1788289417.190965,95.9847036328872,95.11889862327912,0.8658050096080814,2,1088,117,6552.09562314175,4283.691830221649,10835.7874533634,0.2093436958488877,2,1088,7.308704137802124
7.362484455108643,1788289417.241462,95.9847036328872,95.11889862327912,0.8658050096080814,2,1088,117,6576.621664156438,4301.52071778189,10878.142381938327,0.2091442515177998,2,1088,7.359201192855835
7.412277221679687,1788289417.2912548,95.9847036328872,95.11889862327912,0.8658050096080814,2,1088,117,6562.961895163057,4476.244464451936,11039.206359614993,0.1890278488084988,2,1088,7.40899395942688
7.462568283081055,1788289417.3415458,95.9847036328872,95.11889862327912,0.8658050096080814,2,1088,116,6549.962052039056,4482.278943297402,11032.24099533646,0.18742185831652,2,1088,7.459285020828247
7.512352466583252,1788289417.39133,95.9847036328872,95.11889862327912,0.8658050096080814,2,1088,117,6596.112628455279,4155.206993519509,10751.319621974788,0.2270331197248351,2,1088,7.509069204330444
7.562433004379272,1788289417.4414103,95.9847036328872,95.11889862327912,0.8658050096080814,2,1088,117,6576.304234718498,3671.2339222106248,10247.538156929124,0.2834895823777478,2,1088,7.559149503707886
7.612581968307495,1788289417.4915595,95.9847036328872,95.11889862327912,0.8658050096080814,2,1088,117,6585.84585823121,3281.845261064853,9867.691119296062,0.3348301600873434,2,1088,7.6092987060546875
7.662600517272949,1788289417.541578,95.9847036328872,95.11889862327912,0.8658050096080814,2,1088,117,6590.567034553846,3222.5235449420265,9813.090579495873,0.3432194436938383,2,1088,7.659317255020142
7.712563037872314,1788289417.5915406,95.9847036328872,95.11889862327912,0.8658050096080814,2,1088,117,6580.547454750771,3215.9399340047075,9796.48738875548,0.3434504008659266,2,1088,7.709279775619507
7.762636661529541,1788289417.6416142,95.9847036328872,95.11889862327912,0.8658050096080814,2,1088,117,6619.195148833896,3170.173519108204,9789.3686679421,0.3523231933250643,2,1088,7.759353399276733
7.812823534011841,1788289417.691801,95.9847036328872,95.11889862327912,0.8658050096080814,2,1088,117,6560.805608307826,3191.649395104396,9752.455003412222,0.3454674963406259,2,1088,7.809540271759033
7.863390922546387,1788289417.7423685,95.9847036328872,95.11889862327912,0.8658050096080814,2,1088,117,6576.427631983243,3159.61851333765,9736.046145320894,0.3509442198245638,2,1088,7.860107660293579
7.912866830825806,1788289417.7918444,95.9847036328872,95.11889862327912,0.8658050096080814,2,1088,117,6558.69341013651,3152.4108275627223,9711.104237699232,0.3507616126032654,2,1088,7.909583568572998
7.963055849075317,1788289417.8420334,95.9847036328872,95.11889862327912,0.8658050096080814,1,1088,117,6560.25127377621,3167.6872473148364,9727.938521091046,0.3487443942111671,1,1088,7.95977258682251
8.01308560371399,1788289417.8920631,95.9847036328872,95.11889862327912,0.8658050096080814,2,1088,117,6554.580675466159,3132.388969527806,9686.969644993966,0.3532778393402806,2,1088,8.009802341461182
8.063308238983154,1788289417.9422858,95.9847036328872,95.11889862327912,0.8658050096080814,2,1088,117,6567.489107143252,3148.464848127317,9715.95395527057,0.3518979479273089,2,1088,8.060024976730347
8.11314868927002,1788289417.9921262,95.9847036328872,95.11889862327912,0.8658050096080814,2,1088,117,6616.44854101746,3134.6583999120785,9751.106940929538,0.3570661425618079,2,1088,8.109865427017212
8.163265705108643,1788289418.0422432,95.9847036328872,95.11889862327912,0.8658050096080814,2,1088,117,6583.264222410932,3140.773577569028,9724.03779997996,0.3540186407799648,2,1088,8.159982442855835
8.213370323181152,1788289418.092348,95.9847036328872,95.11889862327912,0.8658050096080814,2,1088,117,6567.87321379759,3150.209158504511,9718.082372302102,0.3516809103238208,2,1088,8.210087299346924
8.26332139968872,1788289418.142299,95.9847036328872,95.11889862327912,0.8658050096080814,2,1088,117,6551.098673631948,3135.596860311828,9686.695533943775,0.3525972093735824,2,1088,8.260038137435913
8.313264608383179,1788289418.192242,95.9847036328872,95.11889862327912,0.8658050096080814,2,1088,117,6567.293723516988,3134.6037273687066,9701.897450885694,0.3538163553599412,2,1088,8.309981107711792
8.36362624168396,1788289418.2426038,95.9847036328872,95.11889862327912,0.8658050096080814,2,1088,117,6559.864069129238,3132.267030535946,9692.131099665185,0.3536474077111584,2,1088,8.360342979431152
8.413419961929321,1788289418.2923975,95.9847036328872,95.11889862327912,0.8658050096080814,2,1088,117,6562.083970565281,3150.3983283045964,9712.482298869876,0.3512681451844355,2,1088,8.410136699676514
8.463510513305664,1788289418.342488,95.9847036328872,95.11889862327912,0.8658050096080814,2,1088,117,6561.59197149478,3167.3199997956463,9728.911971290425,0.3488850533045704,2,1088,8.460227251052856
8.513658046722412,1788289418.3926356,95.9847036328872,95.11889862327912,0.8658050096080814,2,1088,117,6553.5021896366725,3179.8766473641035,9733.378837000775,0.3466037435477145,2,1088,8.510374784469604
8.563827514648438,1788289418.442805,95.9847036328872,95.11889862327912,0.8658050096080814,2,1088,118,6508.993868209347,3262.7132089852958,9771.707077194642,0.3322122361608925,2,1088,8.56054425239563
8.613890409469604,1788289418.492868,95.9847036328872,95.11889862327912,0.8658050096080814,2,1088,117,6509.456848551447,3340.0262682708026,9849.48311682225,0.3217864879495526,2,1088,8.610607147216797
8.663873672485352,1788289418.5428512,95.9847036328872,95.11889862327912,0.8658050096080814,2,1088,117,6501.111492869266,3352.4906737321426,9853.60216660141,0.3195400794451913,2,1088,8.660590410232544
8.715068817138672,1788289418.5940464,95.9847036328872,95.11889862327912,0.8658050096080814,1,1088,117,6505.253078781728,3363.57429079503,9868.827369576757,0.3183436765417282,1,1088,8.711785554885864
8.764394044876099,1788289418.6433716,95.9847036328872,95.11889862327912,0.8658050096080814,2,1088,117,6478.810909558418,3680.1253271761816,10158.9362367346,0.2754900234792517,2,1088,8.761110782623291
8.814260959625244,1788289418.6932385,95.9847036328872,95.11889862327912,0.8658050096080814,2,1088,117,6464.162870929337,3681.035039688765,10145.197910618102,0.2743295750127962,2,1088,8.810977697372437
8.864161252975464,1788289418.7431388,95.9847036328872,95.11889862327912,0.8658050096080814,2,1088,117,6086.611099836629,4098.645608087065,10185.256707923694,0.1951806958584571,2,1088,8.860877990722656
8.91425633430481,1788289418.793234,95.9847036328872,95.11889862327912,0.8658050096080814,2,1088,117,6062.2092886566825,4125.923834246007,10188.13312290269,0.1900530186495061,2,1088,8.910973310470581
8.964277744293213,1788289418.8432553,95.9847036328872,95.11889862327912,0.8658050096080814,1,1088,117,6076.220689281066,4113.775133623599,10189.995822904664,0.1925855112959282,1,1088,8.960994482040405
9.01430082321167,1788289418.8932784,95.9847036328872,95.11889862327912,0.8658050096080814,2,1088,117,6072.700988403015,4118.000709796357,10190.701698199371,0.1918121378189335,2,1088,9.011017560958862
9.064535140991213,1788289418.943513,95.9847036328872,95.11889862327912,0.8658050096080814,2,1088,117,6079.574932026821,4124.937742796363,10204.512674823183,0.1915463532181194,2,1088,9.061252117156982
9.114291191101074,1788289418.9932687,95.9847036328872,95.11889862327912,0.8658050096080814,2,1088,118,6072.774378566383,4112.371762827168,10185.14614139355,0.1924766310197479,2,1088,9.111007928848267
9.164403438568115,1788289419.043381,95.9847036328872,95.11889862327912,0.8658050096080814,2,1088,117,6063.811908707758,4123.823012165939,10187.634920873696,0.1904258359874015,2,1088,9.161120176315308
9.214572191238403,1788289419.0935495,95.9847036328872,95.11889862327912,0.8658050096080814,2,1088,117,6073.361881897212,4090.608811425114,10163.970693322326,0.1950766221487392,2,1088,9.211288690567017
9.26461625099182,1788289419.1435938,95.9847036328872,95.11889862327912,0.8658050096080814,1,1088,117,6071.533535734705,4109.612134410666,10181.145670145372,0.1927014370373924,1,1088,9.261332988739014
9.314801216125488,1788289419.1937788,95.9847036328872,95.11889862327912,0.8658050096080814,1,1088,117,6061.127212683386,4105.727475797801,10166.854688481188,0.1923308433925988,1,1088,9.31151795387268
9.364831924438477,1788289419.2438097,95.9847036328872,95.11889862327912,0.8658050096080814,0,1088,117,6044.522513473858,4109.578631578007,10154.101145051864,0.1905578695991971,0,1088,9.361548900604248
9.415043115615845,1788289419.294021,95.9847036328872,95.11889862327912,0.8658050096080814,2,1088,117,5930.197822354735,4288.042638271405,10218.24046062614,0.1607082149232084,2,1088,9.411760091781616
9.464845895767212,1788289419.3438234,95.9847036328872,95.11889862327912,0.8658050096080814,2,1088,117,5780.290238731294,4292.731223292127,10073.021462023422,0.1476775385665021,2,1088,9.461562633514404
9.5149405002594,1788289419.393918,95.9847036328872,95.11889862327912,0.8658050096080814,2,1088,117,5325.20354477805,4284.892567520236,9610.096112298286,0.1082518806369169,2,1088,9.511657238006592
9.565059185028076,1788289419.4440367,95.9847036328872,95.11889862327912,0.8658050096080814,2,1088,117,5330.108582336314,4274.297300053073,9604.405882389388,0.1099298900121634,2,1088,9.561775922775269
9.615374326705933,1788289419.494352,95.9847036328872,95.11889862327912,0.8658050096080814,1,1088,117,5376.331261868642,4221.337827205742,9597.669089074385,0.1203410353017589,1,1088,9.612091302871704
9.665079832077026,1788289419.5440574,95.9847036328872,95.11889862327912,0.8658050096080814,2,1088,118,5162.801080974107,4169.542683621284,9332.34376459539,0.1064318270315974,2,1088,9.661796569824219
9.714985370635986,1788289419.593963,95.9847036328872,95.11889862327912,0.8658050096080814,2,1088,117,4404.230001914338,4179.080846297353,8583.310848211691,0.0262310383019501,2,1088,9.711702108383179
9.7652850151062,1788289419.6442626,95.9847036328872,95.11889862327912,0.8658050096080814,2,1088,118,4398.458578052138,4175.102727730505,8573.561305782643,0.0260517003792794,2,1088,9.762001752853394
9.81527066230774,1788289419.6942482,95.9847036328872,95.11889862327912,0.8658050096080814,2,1088,117,4040.4716261255526,4193.40957965448,8233.881205780031,0.0185742239542595,2,1088,9.811987400054932
9.86553120613098,1788289419.7445087,95.9847036328872,95.11889862327912,0.8658050096080814,2,1088,118,4051.0860374529793,4172.424727688043,8223.510765141022,0.0147550959317049,2,1088,9.862247943878174
9.915286779403688,1788289419.7942643,95.9847036328872,95.11889862327912,0.8658050096080814,3,1088,118,4042.786390697564,4210.101231328945,8252.887622026508,0.0202734907215781,3,1088,9.912003517150879
9.965413093566896,1788289419.8443906,95.9847036328872,95.11889862327912,0.8658050096080814,2,1088,117,4032.7439688903096,4180.197971630711,8212.941940521021,0.0179538591418614,2,1088,9.962129831314087
10.015616178512571,1788289419.8945937,95.9847036328872,95.11889862327912,0.8658050096080814,2,1088,117,4036.914492207889,4200.418625848037,8237.333118055925,0.01984915885965,2,1088,10.012332916259766
10.06583833694458,1788289419.944816,95.9847036328872,95.11889862327912,0.8658050096080814,2,1088,117,4038.86262645192,4172.887304110003,8211.749930561924,0.0163210861011828,2,1088,10.062555313110352
10.115743160247805,1788289419.9947207,95.9847036328872,95.11889862327912,0.8658050096080814,2,1088,117,4025.828726890911,4189.299723557552,8215.128450448463,0.0198987754911753,2,1088,10.112459897994995
10.165942192077637,1788289420.0449195,95.9847036328872,95.11889862327912,0.8658050096080814,2,1088,117,4036.92352872303,4165.127231569424,8202.050760292454,0.0156306887866447,2,1088,10.16265869140625
10.216051816940308,1788289420.0950294,95.9847036328872,95.11889862327912,0.8658050096080814,2,1088,117,4029.6563596571614,4178.314907981156,8207.971267638317,0.0181114849792557,2,1088,10.2127685546875
10.26613163948059,1788289420.1451092,95.9847036328872,95.11889862327912,0.8658050096080814,2,1088,117,4040.5071410350224,4178.394426872862,8218.901567907884,0.0167768508600035,2,1088,10.262848377227783
10.316097497940063,1788289420.195075,95.9847036328872,95.11889862327912,0.8658050096080814,2,1088,117,4022.664210291809,4164.426418630681,8187.0906289224895,0.0173153339524628,2,1088,10.312814235687256
10.365989685058594,1788289420.2449672,95.9847036328872,95.11889862327912,0.8658050096080814,2,1088,117,4022.9607736883,4175.352894856611,8198.31366854491,0.0185882276928492,2,1088,10.362706422805786
10.416523933410645,1788289420.2955017,95.9847036328872,95.11889862327912,0.8658050096080814,2,1088,117,4018.391810760608,4162.5720181243005,8180.963828884908,0.0176238656446113,2,1088,10.413240909576416
10.466257095336914,1788289420.3452346,95.9847036328872,95.11889862327912,0.8658050096080814,2,1088,117,4002.6565565898486,4162.154051385051,8164.8106079748995,0.0195347451953649,2,1088,10.462973833084106
10.516273260116575,1788289420.3952508,95.9847036328872,95.11889862327912,0.8658050096080814,3,1088,117,4005.840104873048,4151.441513831604,8157.281618704652,0.0178492561326669,3,1088,10.51298999786377
10.566621541976929,1788289420.445599,95.9847036328872,95.11889862327912,0.8658050096080814,2,1088,117,4001.079322171211,4155.429325263415,8156.508647434626,0.0189235382151835,2,1088,10.563338279724121
10.616364002227783,1788289420.4953415,95.9847036328872,95.11889862327912,0.8658050096080814,2,1088,117,4001.9395771291233,4168.430236854616,8170.36981398374,0.020377371344996,2,1088,10.613080739974976
10.666635751724243,1788289420.5456133,95.9847036328872,95.11889862327912,0.8658050096080814,2,1088,117,3982.4253909356216,4159.02907797023,8141.454468905851,0.0216919087012154,2,1088,10.663352489471436
10.716526746749878,1788289420.5955043,95.9847036328872,95.11889862327912,0.8658050096080814,2,1088,117,3984.0077931670535,4153.121803345457,8137.12959651251,0.0207830056253355,2,1088,10.71324348449707
10.76656174659729,1788289420.6455393,95.9847036328872,95.11889862327912,0.8658050096080814,2,1088,117,4008.640025637564,4163.81085331939,8172.450878956954,0.0189870615290416,2,1088,10.763278484344482
10.816543817520142,1788289420.6955214,95.9847036328872,95.11889862327912,0.8658050096080814,2,1088,117,4002.9681203700943,4160.613376100764,8163.581496470859,0.0193107958558165,2,1088,10.813260555267334
10.866968870162964,1788289420.7459464,95.9847036328872,95.11889862327912,0.8658050096080814,2,1088,118,3994.273923956238,4159.425184501364,8153.699108457602,0.0202547651499451,2,1088,10.863685607910156
10.917531251907349,1788289420.7965088,95.9847036328872,95.11889862327912,0.8658050096080814,2,1088,117,3979.5058543024015,4180.453308390119,8159.959162692521,0.0246260367339154,2,1088,10.914247989654541
10.966936588287354,1788289420.845914,95.9847036328872,95.11889862327912,0.8658050096080814,3,1088,117,3969.3688891533175,4147.326594360657,8116.695483513974,0.0219248961068939,3,1088,10.963653087615967
11.016992330551147,1788289420.89597,95.9847036328872,95.11889862327912,0.8658050096080814,2,1088,117,3984.860584820558,4181.983949230754,8166.844534051312,0.0241370291289736,2,1088,11.013709306716919
11.067287921905518,1788289420.9462657,95.9847036328872,95.11889862327912,0.8658050096080814,3,1088,117,3980.902073844202,4169.052523118216,8149.954596962418,0.0230860733069777,3,1088,11.064004898071289
11.117284774780272,1788289420.9962623,95.9847036328872,95.11889862327912,0.8658050096080814,2,1088,117,3983.104416171849,4451.81510483682,8434.91952100867,0.0555678910151499,2,1088,11.114001512527466
11.167294025421144,1788289421.0462716,95.9847036328872,95.11889862327912,0.8658050096080814,2,1088,118,3991.0837273524103,4697.435857840315,8688.519585192726,0.0812971788302916,2,1088,11.164010763168335
11.21728229522705,1788289421.0962598,95.9847036328872,95.11889862327912,0.8658050096080814,2,1088,117,3986.3564261948623,4883.377880733636,8869.734306928498,0.1011328438370555,2,1088,11.213999032974243
11.267348527908323,1788289421.146326,95.9847036328872,95.11889862327912,0.8658050096080814,2,1088,117,3980.749871088168,4954.101871160235,8934.851742248404,0.1089387969886031,2,1088,11.264065265655518
11.317363739013672,1788289421.1963413,95.92096876991717,95.11889862327912,0.8020701466380444,2,1084,117,3988.425487631409,5052.10073992073,9040.526227552138,0.1176563427300987,2,1084,11.314080476760864
11.36726427078247,1788289421.2462418,95.8572339069471,95.11889862327912,0.7383352836679933,2,1084,117,4001.662608492903,5061.052636180344,9062.715244673249,0.1168954335523357,2,1084,11.363981008529663
11.417958736419678,1788289421.2969365,94.26386233269598,95.11889862327912,-0.8550362905831292,1,1080,118,3996.200995236067,5083.119416555534,9079.3204117916,0.1197136318603595,1,1080,11.41467571258545
11.468053817749023,1788289421.3470314,91.52326322498406,95.05632040050062,-3.5330571755165607,2,104,117,3991.713989681397,5096.046919148936,9087.760908830332,0.1215187041721672,2,104,11.464770555496216
11.5179603099823,1788289421.3969378,88.40025493945188,94.180225281602,-5.779970342150122,8,212,117,3961.641094084172,5090.8838755957895,9052.524969679962,0.1247434042207939,8,212,11.514677047729492
11.56835389137268,1788289421.4473314,85.72339069471,92.42803504380475,-6.70464434909475,7,296,117,3978.872189452705,5095.785788836676,9074.65797828938,0.1230805174207254,7,296,11.565070629119873
11.618329524993896,1788289421.497307,83.68387507966858,89.67459324155193,-5.990718161883351,4,264,117,3970.315806255629,5106.448818190911,9076.76462444654,0.1251693812655805,4,264,11.615046262741089
11.668460607528688,1788289421.547438,81.96303377947739,87.04630788485606,-5.083274105378678,2,196,117,3945.987714484306,5106.00296690564,9051.990681389949,0.1281502923778101,2,196,11.6651771068573
11.7181499004364,1788289421.5971274,80.36966220522626,84.918648310388,-4.548986105161731,4,216,116,3947.312722689679,5120.560921790988,9067.873644480667,0.1293851508192804,4,216,11.714866638183594
11.768426656723022,1788289421.6474042,78.7125557680051,82.97872340425532,-4.266167636250216,0,160,117,3915.733932639084,5150.852276071613,9066.586208710698,0.1362274967667425,0,160,11.765143394470215
11.81873059272766,1788289421.697708,76.73677501593372,81.47684605757196,-4.740071041638245,5,208,117,3740.915587892051,5338.997838958041,9079.913426850091,0.1760019260029861,5,208,11.815447092056274
11.868635654449465,1788289421.7476132,74.44231994901212,79.59949937421777,-5.157179425205655,2,184,118,3682.7863171187846,5418.250862192241,9101.037179311024,0.1906886556862561,2,184,11.865352392196655
11.918838739395142,1788289421.7978165,71.44678138942001,77.6595744680851,-6.212793078665087,4,228,117,3774.7914702254666,5455.467095314442,9230.258565539909,0.182083265940521,4,228,11.915555715560913
11.968762159347534,1788289421.8477397,68.32377310388783,75.46933667083854,-7.145563566950713,4,268,117,5315.015022169643,5484.261719608746,10799.276741778389,0.0156720400343432,4,268,11.965478897094727
12.019493341445925,1788289421.8984709,65.32823454429573,72.7784730913642,-7.45023854706848,4,300,117,6340.846052075174,5488.854081151674,11829.700133226848,0.0720214342991209,4,300,12.016210079193115
12.069273710250854,1788289421.9482512,62.46016571064372,69.96245306633291,-7.502287355689191,4,288,117,6324.518115792009,5492.777974505241,11817.29609029725,0.0703832869153273,4,288,12.065990447998047
12.118932485580444,1788289421.99791,60.16571064372212,67.08385481852316,-6.91814417480105,4,308,117,6190.93268532676,5486.456022057742,11677.388707384504,0.0603282703797916,4,308,12.115649223327637
12.169259786605837,1788289422.048237,58.31739961759082,64.14267834793492,-5.825278730344095,1,252,118,6269.646748389485,5484.693344138617,11754.340092528102,0.0667798785871305,1,252,12.165976285934448
12.219292402267456,1788289422.09827,56.59655831739961,61.70212765957447,-5.105569342174853,3,236,117,6326.632640731333,5504.171190939784,11830.803831671115,0.0695186448438791,3,236,12.216009140014648
12.269111156463625,1788289422.1480887,55.06692160611855,59.57446808510638,-4.507546478987834,2,200,117,6348.607143639088,5513.9325938319125,11862.539737471,0.0703622131751965,2,200,12.265827894210815
12.319117069244385,1788289422.1980946,53.53728489483748,57.69712140175219,-4.159836506914715,2,192,116,6369.369104073821,5495.154841302071,11864.523945375891,0.0736830459272214,2,192,12.315833806991577
12.369503498077393,1788289422.248481,52.071383046526456,56.07008760951189,-3.998704562985431,3,184,117,6369.125295074343,5515.487388497627,11884.61268357197,0.0718271540945288,3,184,12.366220235824585
12.421983480453491,1788289422.300961,50.605481198215415,54.31789737171464,-3.712416173499229,2,160,117,6388.656629770188,5510.752532536993,11899.40916230718,0.0737771165995419,2,160,12.418700218200684
12.46937608718872,1788289422.3483536,49.07584448693436,53.06633291614519,-3.990488429210828,2,176,118,6387.783988079494,5514.266374983189,11902.050363062684,0.073392196004078,2,176,12.466092824935913
12.519598007202148,1788289422.3985755,47.67367750159337,51.18898623279099,-3.5153087311976208,2,140,117,6388.626160649986,5518.166854005648,11906.793014655634,0.0731061088886756,2,140,12.51631474494934
12.569531679153442,1788289422.4485092,46.33524537922244,49.93742177722152,-3.602176397999088,2,172,117,6404.458376857008,5501.114799573486,11905.573176430496,0.075875689804828,2,172,12.566248416900635
12.619797229766846,1788289422.4987748,44.93307839388145,48.56070087609512,-3.627622482213667,3,172,117,6410.611166252656,5481.914989374421,11892.526155627078,0.0780907407497113,3,172,12.616513967514038
12.669867992401125,1788289422.5488455,43.65838113448056,46.99624530663329,-3.337864172152728,2,152,118,6420.277021371321,5455.995150758132,11876.272172129453,0.0811939855063367,2,152,12.666584730148315
12.719820737838743,1788289422.5987985,42.319949012109625,45.49436795994994,-3.174418947840316,1,140,117,6411.112669415902,5660.242468924942,12071.355138340845,0.0622026435214434,1,140,12.716537714004517
12.769612312316896,1788289422.6485898,40.91778202676864,44.43053817271589,-3.5127561459472503,0,152,118,6431.0795029395285,5788.612856995787,12219.692359935316,0.0525763355590027,0,152,12.766329050064087
12.82019543647766,1788289422.699173,39.451880178457614,43.05381727158949,-3.6019370931318733,2,160,117,6433.428503147763,5794.139783407233,12227.568286554995,0.0522825720338416,2,160,12.816912174224854
12.869954109191896,1788289422.7489316,37.92224346717655,41.614518147684606,-3.692274680508056,3,168,117,6449.464479418986,5788.145088468467,12237.609567887454,0.0540399158252178,3,168,12.866670846939087
12.919966220855711,1788289422.7989438,36.32887189292543,40.175219023779725,-3.846347130854298,3,168,117,6464.024586565205,5788.338982211109,12252.363568776314,0.0551473681434004,3,168,12.916682958602905
12.96995997428894,1788289422.8489375,34.86297004461441,38.6107634543179,-3.7477934097034895,1,168,118,6488.520575144636,5797.206039177288,12285.726614321924,0.0562697313451088,1,168,12.966676712036133
13.020092010498049,1788289422.8990695,33.33333333333333,37.171464330413016,-3.838130997079688,4,176,117,6494.44499538349,5784.011129904464,12278.456125287954,0.057860194981343,4,176,13.01680874824524
13.070456504821776,1788289422.949434,31.9949012109624,35.60700876095119,-3.612107549988792,1,168,117,6493.748991782928,5802.018418389748,12295.767410172675,0.0562576169764637,1,168,13.06717324256897
13.120254516601562,1788289422.999232,30.847673677501597,34.10513141426784,-3.257457736766245,2,156,117,6506.356345522469,5812.024577721314,12318.380923243783,0.0563655055098197,2,156,13.116971254348755
13.170288801193236,1788289423.0492663,29.95538559592097,32.72841051314143,-2.7730249172204573,1,152,117,6391.6746714954215,5788.030130349764,12179.704801845186,0.0495615083424852,1,152,13.16700553894043
13.22033715248108,1788289423.0993147,29.25430210325048,31.476846057571965,-2.2225439543214875,0,96,117,6241.245751084682,5791.8009560444,12033.04670712908,0.0373508726409251,0,96,13.217053890228271
13.27060604095459,1788289423.1495836,28.935627788400254,30.538172715894863,-1.6025449274946126,1,104,117,6220.805322667738,5838.070491622418,12058.875814290155,0.0317388483752165,1,104,13.267322778701782
13.32068419456482,1788289423.1996615,28.935627788400254,29.78723404255319,-0.8516062541529372,0,52,117,6296.0331424061,5882.866510404494,12178.899652810593,0.0339247915476712,0,52,13.317400693893433
13.37051486968994,1788289423.2494924,28.935627788400254,29.474342928660825,-0.538715140260571,0,36,118,6322.762186317529,5910.1895686888365,12232.951755006365,0.0337263340763071,0,36,13.367231607437134
13.420599222183228,1788289423.2995768,28.935627788400254,29.28660826032541,-0.3509804719251548,0,32,118,6390.22791158567,5914.471153468416,12304.699065054088,0.0386646398747309,0,32,13.41731595993042
13.470838069915771,1788289423.3498156,28.935627788400254,29.161451814768466,-0.2258240263682083,0,24,117,6363.488323282404,5932.830994935602,12296.319318218006,0.0350232713710311,0,24,13.467554807662964
13.520981788635254,1788289423.399959,28.935627788400254,29.09887359198999,-0.163245803589735,0,24,117,6375.400709344176,5919.152337013136,12294.553046357312,0.037109797372115,0,24,13.517698287963867
13.570760488510132,1788289423.449738,28.935627788400254,29.09887359198999,-0.163245803589735,1,24,118,6377.553504225297,5937.786574034104,12315.3400782594,0.0357088742492402,1,24,13.567477226257324
13.62086033821106,1788289423.499838,28.935627788400254,29.09887359198999,-0.163245803589735,0,24,117,6369.182346038464,5932.949279940333,12302.131625978796,0.0354599576204276,0,24,13.617577314376831
13.670917987823486,1788289423.5498955,28.935627788400254,29.09887359198999,-0.163245803589735,0,24,117,6376.710286666553,5938.787406976185,12315.497693642736,0.0355586830986476,0,24,13.667634725570679
13.720947742462158,1788289423.5999253,28.935627788400254,29.09887359198999,-0.163245803589735,1,24,118,6367.459166638473,5944.748973401709,12312.208140040182,0.0343326061766353,1,24,13.71766448020935
13.77097487449646,1788289423.6499524,28.935627788400254,29.09887359198999,-0.163245803589735,0,24,117,6372.1580201643965,5941.090402619539,12313.248422783936,0.0350084399131611,0,24,13.767691612243652
13.821025133132936,1788289423.700003,28.935627788400254,29.09887359198999,-0.163245803589735,0,24,117,6374.605079190386,5934.708469243386,12309.313548433773,0.0357368920871279,0,24,13.817742109298706
13.871274948120115,1788289423.7502525,28.935627788400254,29.09887359198999,-0.163245803589735,0,24,117,6380.397908393044,5959.8322655265965,12340.23017391964,0.0340808588607437,0,24,13.86799168586731
13.921322345733644,1788289423.8003,28.935627788400254,29.09887359198999,-0.163245803589735,0,24,117,6372.717409247789,5948.8673700074905,12321.58477925528,0.0343989873732716,0,24,13.918039083480835
13.971309900283812,1788289423.8502874,28.935627788400254,29.09887359198999,-0.163245803589735,0,24,117,6362.50346115354,5967.254474416377,12329.757935569916,0.0320565082301345,0,24,13.968026638031006
14.023535966873167,1788289423.9025135,28.935627788400254,29.09887359198999,-0.163245803589735,0,24,117,6371.579941813217,5959.264461415423,12330.84440322864,0.0334377328035893,0,24,14.020252704620361
14.071382522583008,1788289423.95036,28.87189292543021,29.09887359198999,-0.2269806665597791,0,24,118,6375.344031104633,5952.2167503022665,12327.5607814069,0.0343236823817206,0,24,14.0680992603302
14.121565580368042,1788289424.000543,28.42574888463989,29.09887359198999,-0.6731247073500946,0,28,117,6377.056199991914,5960.973849048416,12338.03004904033,0.0337235644012604,0,28,14.118282318115234
14.171524047851562,1788289424.0505016,28.17080943275972,28.97371714643304,-0.8029077136733243,0,36,117,6382.708972146381,5969.366754696875,12352.075726843255,0.0334633811021121,0,36,14.168240785598755
14.221598148345947,1788289424.1005757,28.107074569789678,28.5982478097622,-0.4911732399725252,0,28,117,6395.747499150103,5981.179159182838,12376.92665833294,0.0334952570546381,0,28,14.21831488609314
14.271896839141846,1788289424.1508744,28.107074569789678,28.410513141426787,-0.3034385716371126,0,28,117,6421.775783308704,6001.782621269214,12423.558404577918,0.0338061888842353,0,28,14.268613576889038
14.321786165237429,1788289424.2007637,28.107074569789678,28.34793491864831,-0.2408603488586358,0,28,117,6410.193237474643,5989.480262062192,12399.673499536835,0.033929359142252,0,28,14.31850290298462
14.371955633163452,1788289424.2509332,28.107074569789678,28.34793491864831,-0.2408603488586358,0,28,117,6406.257203448096,6006.287869140714,12412.545072588811,0.032222991495165,0,28,14.368672370910645
14.422020196914673,1788289424.3009975,28.107074569789678,28.34793491864831,-0.2408603488586358,0,28,117,6406.502249489115,6014.399379953662,12420.901629442777,0.0315679876737775,0,28,14.418736696243286
14.472251176834106,1788289424.3512287,28.107074569789678,28.34793491864831,-0.2408603488586358,0,28,106,6418.461669196501,6008.049410995664,12426.511080192166,0.0330271510283391,0,28,14.468967914581299
14.52213740348816,1788289424.401115,28.107074569789678,28.34793491864831,-0.2408603488586358,0,28,118,6413.39582680635,6004.064184393514,12417.460011199862,0.032964200572713,0,28,14.518854141235352
14.572043418884276,1788289424.451021,28.107074569789678,28.34793491864831,-0.2408603488586358,0,28,117,6403.509980837809,6000.496179362903,12404.006160200712,0.0324906160372613,0,28,14.56876015663147
14.622315406799316,1788289424.501293,28.107074569789678,28.34793491864831,-0.2408603488586358,0,28,117,6417.725615727233,6001.019740119868,12418.745355847102,0.0335545873328635,0,28,14.619032144546509
14.67237949371338,1788289424.551357,28.107074569789678,28.34793491864831,-0.2408603488586358,0,28,117,6414.827638033044,6006.396566069776,12421.224204102818,0.0328817083768892,0,28,14.669096231460571
14.722291231155396,1788289424.6012688,28.107074569789678,28.34793491864831,-0.2408603488586358,0,28,118,6418.8315324604055,6024.495376374501,12443.326908834906,0.0316905727041472,0,28,14.719007968902588
14.772384881973268,1788289424.6513624,28.107074569789678,28.34793491864831,-0.2408603488586358,0,28,118,6418.113238765189,6022.025926271959,12440.139165037148,0.0318394599319618,0,28,14.769101619720459
14.822423696517944,1788289424.7014012,28.107074569789678,28.34793491864831,-0.2408603488586358,0,28,117,6427.803649385,6028.514091347988,12456.317740732988,0.0320551840718792,0,28,14.819140434265137
14.872514486312866,1788289424.751492,28.107074569789678,28.34793491864831,-0.2408603488586358,0,28,117,6408.10467296656,6025.292694249426,12433.397367215985,0.0307890086201636,0,28,14.869231224060059
14.922464847564695,1788289424.8014424,28.107074569789678,28.34793491864831,-0.2408603488586358,0,28,117,6412.067918421755,6029.628845980968,12441.696764402725,0.0307384981070262,0,28,14.91918158531189
14.972508192062378,1788289424.8514855,28.107074569789678,28.34793491864831,-0.2408603488586358,0,28,117,6412.886938763763,6023.764695291775,12436.65163405554,0.0312883447186417,0,28,14.969224691390991
15.022815227508543,1788289424.9017928,28.107074569789678,28.34793491864831,-0.2408603488586358,0,28,118,6410.366694167374,6024.532671783456,12434.89936595083,0.0310283188491582,0,28,15.019531965255737
15.072874069213867,1788289424.9518516,28.107074569789678,28.34793491864831,-0.2408603488586358,0,28,118,6420.776948814312,6010.966860719694,12431.743809534006,0.0329648112423561,0,28,15.06959080696106
15.123273372650146,1788289425.002251,28.107074569789678,28.34793491864831,-0.2408603488586358,0,28,118,6411.748742719324,6020.415470563816,12432.16421328314,0.0314774857733449,0,28,15.119990110397339
15.172958612442017,1788289425.051936,28.107074569789678,28.34793491864831,-0.2408603488586358,0,28,117,6416.852304724386,6033.813677254973,12450.66598197936,0.0307645091454392,0,28,15.16967511177063
15.222934246063232,1788289425.1019118,28.107074569789678,28.34793491864831,-0.2408603488586358,1,28,117,6406.89112773008,6009.315018534662,12416.206146264742,0.0320207400321734,1,28,15.219650983810425
15.27326798439026,1788289425.1522455,28.107074569789678,28.34793491864831,-0.2408603488586358,0,28,117,6408.107915882892,6032.821318676266,12440.929234559157,0.030165479614186,0,28,15.269984722137451
15.323073625564575,1788289425.2020512,28.107074569789678,28.34793491864831,-0.2408603488586358,1,28,118,6406.820190836768,6032.997971735643,12439.81816257241,0.0300504568648633,1,28,15.319790363311768
15.373143434524536,1788289425.252121,28.107074569789678,28.34793491864831,-0.2408603488586358,0,28,117,6424.446628667926,6029.620029149254,12454.06665781718,0.0317026245616605,0,28,15.369860172271729
15.423094511032104,1788289425.302072,28.107074569789678,28.34793491864831,-0.2408603488586358,0,28,117,6416.124271318166,6033.522195983632,12449.646467301798,0.0307319630593057,0,28,15.419811248779297
15.473519563674929,1788289425.352497,28.107074569789678,28.34793491864831,-0.2408603488586358,0,28,117,6409.991647525065,6031.205201767725,12441.19684929279,0.0304461419866426,0,28,15.47023630142212
15.523370027542114,1788289425.4023476,28.107074569789678,28.34793491864831,-0.2408603488586358,0,28,117,6412.018596286328,6052.161092305048,12464.179688591375,0.0288713347345803,0,28,15.520086765289307
15.573302268981934,1788289425.4522798,28.107074569789678,28.34793491864831,-0.2408603488586358,0,28,117,6408.563463525929,6317.743063534466,12726.306527060397,0.0071364303380834,0,28,15.570019006729126
15.623591423034668,1788289425.502569,28.107074569789678,28.34793491864831,-0.2408603488586358,0,28,117,6398.881698149605,6352.872403769533,12751.754101919138,0.0036080757213744,0,28,15.62030816078186
15.673655986785889,1788289425.5526335,28.107074569789678,28.34793491864831,-0.2408603488586358,0,28,118,6397.435885946321,6352.430789812169,12749.86667575849,0.003529848372432,0,28,15.670372724533081
15.723552703857422,1788289425.6025302,28.107074569789678,28.34793491864831,-0.2408603488586358,0,28,117,6401.859545732245,6355.174923539926,12757.03446927217,0.0036595199538551,0,28,15.720269441604614
15.773622274398804,1788289425.6525998,28.107074569789678,28.34793491864831,-0.2408603488586358,1,28,117,6417.309143072517,6370.133401014109,12787.442544086623,0.003689224166268,1,28,15.770339012145996
15.82392144203186,1788289425.702899,28.107074569789678,28.34793491864831,-0.2408603488586358,0,28,117,6400.837373829263,6372.776081163366,12773.613454992628,0.002196817115593,0,28,15.820638179779053
15.873804330825806,1788289425.752782,28.107074569789678,28.34793491864831,-0.2408603488586358,0,28,117,6403.619467146386,6363.384842256621,12767.004309403008,0.0031514538504645,0,28,15.870521306991577
15.923839330673218,1788289425.8028169,28.107074569789678,28.34793491864831,-0.2408603488586358,0,28,117,6396.719612517181,6357.921240119985,12754.640852637169,0.0030419023824708,0,28,15.92055606842041
15.974140882492064,1788289425.8531184,28.107074569789678,28.34793491864831,-0.2408603488586358,0,28,117,6404.736591302064,6457.743082469615,12862.47967377168,0.0041210165156286,0,28,15.970857620239258
16.024020195007324,1788289425.9029975,28.107074569789678,28.34793491864831,-0.2408603488586358,0,28,117,6395.989759099539,6841.252663065076,13237.242422164614,0.033637134515266,0,28,16.020736694335938
16.074086666107178,1788289425.9530642,28.107074569789678,28.34793491864831,-0.2408603488586358,1,28,117,6378.447644588595,6814.842350160935,13193.28999474953,0.0330770191321505,1,28,16.07080340385437
16.124311923980713,1788289426.0032897,28.107074569789678,28.34793491864831,-0.2408603488586358,0,28,117,6378.68760476767,6579.24470405698,12957.93230882465,0.0154775541737261,0,28,16.121028900146484
16.174488067626953,1788289426.0534656,28.107074569789678,28.34793491864831,-0.2408603488586358,0,28,117,6333.061718418211,5632.841856225154,11965.903574643366,0.0585179261912886,0,28,16.171204805374146
16.22424554824829,1788289426.103223,28.107074569789678,28.34793491864831,-0.2408603488586358,0,28,117,6339.4503942646215,5133.5641400861,11473.01453435072,0.1051063127801366,0,28,16.220962285995483
16.27436661720276,1788289426.1533442,28.107074569789678,28.34793491864831,-0.2408603488586358,0,28,117,6305.861188550447,4790.182123150212,11096.043311700658,0.1365963544682606,0,28,16.27108335494995
16.32449769973755,1788289426.2034752,28.107074569789678,28.34793491864831,-0.2408603488586358,0,28,117,6308.15907618824,4768.916069460736,11077.075145648976,0.1389575304390808,0,28,16.32121443748474
16.37453055381775,1788289426.253508,28.107074569789678,28.34793491864831,-0.2408603488586358,0,28,117,6309.063510214872,4793.046607228904,11102.110117443775,0.1365521407145821,0,28,16.37124729156494
16.424610376358032,1788289426.303588,28.107074569789678,28.34793491864831,-0.2408603488586358,1,28,117,6319.582324515537,4821.876316014233,11141.45864052977,0.1344263849845506,1,28,16.421327114105225
16.47454261779785,1788289426.3535202,28.107074569789678,28.34793491864831,-0.2408603488586358,1,28,117,6322.643244178831,4824.561069483937,11147.204313662767,0.1343908420929132,1,28,16.471259355545044
16.524839639663696,1788289426.4038172,28.107074569789678,28.34793491864831,-0.2408603488586358,0,28,117,6319.643294289237,4825.997490537107,11145.640784826344,0.1340116582427074,0,28,16.52155637741089
16.574641466140747,1788289426.453619,28.107074569789678,28.34793491864831,-0.2408603488586358,1,28,117,6315.485544375368,4782.544171848834,11098.029716224202,0.1381273443776716,1,28,16.57135820388794
16.62491726875305,1788289426.5038948,28.107074569789678,28.34793491864831,-0.2408603488586358,0,28,117,6314.530489544155,4817.305106972931,11131.835596517083,0.1344994156255482,0,28,16.621634006500244
16.67480444908142,1788289426.553782,28.107074569789678,28.34793491864831,-0.2408603488586358,0,28,117,6311.200595101154,4804.390688927541,11115.591284028696,0.1355582323666987,0,28,16.671521186828613
16.72501301765442,1788289426.6039906,28.107074569789678,28.34793491864831,-0.2408603488586358,0,28,117,6321.046281386566,4815.826794163103,11136.873075549667,0.1351563833952711,0,28,16.72172975540161
16.774975061416626,1788289426.6539526,28.107074569789678,28.34793491864831,-0.2408603488586358,1,28,117,6307.973199126132,4827.016811361987,11134.990010488118,0.1330002439489593,1,28,16.77169179916382
16.82492208480835,1788289426.7038996,28.107074569789678,28.34793491864831,-0.2408603488586358,0,28,117,6325.331039922209,4834.917593520042,11160.24863344225,0.1335466166888135,0,28,16.821638822555542
16.874990940093994,1788289426.7539685,28.107074569789678,28.34793491864831,-0.2408603488586358,0,28,117,6320.319546116084,4827.198351400024,11147.517897516109,0.133942031620219,0,28,16.871707677841187
16.9250226020813,1788289426.804,28.107074569789678,28.34793491864831,-0.2408603488586358,0,28,117,6319.604948999207,4836.143967830457,11155.748916829663,0.1329772651059569,0,28,16.921739101409912
16.975504636764526,1788289426.8544822,28.107074569789678,28.34793491864831,-0.2408603488586358,0,28,117,6314.070979854961,4840.712882363867,11154.783862218828,0.1320830699805261,0,28,16.97222137451172
17.02539849281311,1788289426.904376,28.107074569789678,28.34793491864831,-0.2408603488586358,0,28,117,6320.987034943458,4832.059798670356,11153.046833613816,0.1334995950869381,0,28,17.022115230560303
17.075533866882324,1788289426.9545114,28.107074569789678,28.34793491864831,-0.2408603488586358,0,28,117,6321.516586845969,4838.099078839743,11159.615665685713,0.1329272935955609,0,28,17.072250604629517
17.125515937805176,1788289427.0044937,28.107074569789678,28.34793491864831,-0.2408603488586358,0,28,117,6322.947386085211,4830.494059966984,11153.441446052197,0.1338110154912309,0,28,17.122232913970947
17.175675868988037,1788289427.0546534,28.107074569789678,28.34793491864831,-0.2408603488586358,0,28,117,6323.00122498531,4830.422395121282,11153.42362010659,0.1338224818407609,0,28,17.17239260673523
17.22559666633606,1788289427.1045742,28.107074569789678,28.34793491864831,-0.2408603488586358,0,28,117,6322.354926773461,4858.278874044793,11180.633800818254,0.1309475007241109,0,28,17.222313404083252
17.275692224502563,1788289427.1546698,28.107074569789678,28.34793491864831,-0.2408603488586358,1,28,117,6321.453157245517,4842.298314556254,11163.75147180177,0.1324962174610767,1,28,17.272408962249756
17.32578468322754,1788289427.2047622,28.107074569789678,28.34793491864831,-0.2408603488586358,0,28,117,6307.764733312038,4780.464494978003,11088.229228290042,0.1377406803998374,0,28,17.32250142097473
17.3759024143219,1788289427.25488,28.04333970681963,28.34793491864831,-0.3045952118286799,1,28,117,6290.589829788147,4814.602754317595,11105.192584105742,0.1329096334252727,1,28,17.372619152069092
17.426050901412964,1788289427.3050284,27.979604843849582,28.34793491864831,-0.3683300747987239,0,36,117,6306.803486410391,4789.287558951194,11096.091045361583,0.1367613082170547,0,36,17.422767639160156
17.476298093795776,1788289427.3552756,26.57743785850861,28.28535669586984,-1.707918837361234,0,32,117,6308.531284871386,4806.567858594644,11115.09914346603,0.1351282077550936,0,32,17.47301483154297
17.526079177856445,1788289427.4050567,23.64563416188655,27.972465581977477,-4.326831420090922,5,152,117,6341.819677573341,4836.977264852247,11178.796942425588,0.1346157748880777,5,152,17.522795915603638
17.576242208480835,1788289427.4552195,20.076481835564053,26.72090112640801,-6.644419290843956,5,216,117,6367.504881126468,4870.582514910009,11238.087396036475,0.133200811976636,5,216,17.57295870780945
17.626128911972046,1788289427.5051064,16.953473550031866,24.59324155193993,-7.63976800190806,9,300,117,6908.041021687062,5401.930618387228,12309.971640074293,0.1223488117874124,9,300,17.62284564971924
17.67636752128601,1788289427.555345,14.786488209050349,21.964956195244056,-7.178467986193708,10,312,117,8655.947704233933,7108.87961714131,15764.827321375244,0.0981341600231156,10,312,17.673084259033203
17.72634220123291,1788289427.6053195,13.511790949649455,19.461827284105134,-5.950036334455676,13,320,117,13418.18559739401,11495.93035826418,24914.115955658188,0.077155265816015,13,320,17.723058700561523
17.776243209838867,1788289427.6552207,13.193116634799235,17.647058823529413,-4.453942188730178,12,244,117,16156.245782366976,14581.128200008938,30737.373982375917,0.051244377065561,12,244,17.77295994758606
17.826597452163696,1788289427.705575,13.193116634799235,16.708385481852314,-3.515268847053079,17,220,116,19022.30267060177,17754.20061190976,36776.503282511534,0.0344813113131131,17,220,17.82331418991089
17.8764750957489,1788289427.7554526,13.193116634799235,16.33291614518148,-3.139799510382243,17,208,116,19989.864588669367,18559.64231113291,38549.50689980228,0.037100922749904,17,208,17.873191833496094
17.92655920982361,1788289427.8055367,13.193116634799235,16.20775969962453,-3.014643064825293,25,204,116,20586.942403817877,19155.721006342246,39742.66341016012,0.0360122164613088,25,204,17.9232759475708
17.976600170135498,1788289427.8555777,13.193116634799235,16.20775969962453,-3.014643064825293,20,208,116,20692.437498093117,19253.72281432476,39946.160312417865,0.0360163448130235,20,208,17.97331690788269
18.026613235473636,1788289427.9055908,13.193116634799235,16.14518147684606,-2.9520648420468234,18,204,116,20898.357681845693,19474.643191940435,40373.00087378613,0.0352640244493112,18,204,18.023329973220825
18.077062845230103,1788289427.9560404,13.193116634799235,16.082603254067585,-2.88948661926835,17,200,116,21057.12208213497,19618.435268000478,40675.55735013545,0.0353698119425943,17,200,18.073779582977295
18.127037286758423,1788289428.0060148,13.193116634799235,16.082603254067585,-2.88948661926835,23,200,117,21122.253303199777,19691.890990684507,40814.14429388428,0.0350457503706527,23,200,18.123754024505615
18.17681360244751,1788289428.0557911,13.193116634799235,16.082603254067585,-2.88948661926835,20,200,115,21170.2396536544,19736.66162609981,40906.90127975421,0.0350448942038075,20,200,18.173530340194702
18.22696304321289,1788289428.1059406,13.193116634799235,16.082603254067585,-2.88948661926835,20,200,116,21236.39682745632,19783.2582729166,41019.65510037292,0.0354254210812833,20,200,18.223679780960083
18.27723908424377,1788289428.1562166,13.193116634799235,16.082603254067585,-2.88948661926835,18,200,116,21276.265778124907,19831.76933753933,41108.03511566424,0.0351390290613804,18,200,18.273955821990967
18.327283143997192,1788289428.2062607,13.193116634799235,16.082603254067585,-2.88948661926835,24,200,116,21331.51417946312,19889.60628924246,41221.12046870558,0.0349798325185103,24,200,18.323999881744385
18.37752628326416,1788289428.2565038,13.193116634799235,16.020025031289112,-2.826908396489877,20,196,117,21385.408314819517,19942.01542041233,41327.423735231845,0.0349257893173893,20,196,18.374243021011353
18.427499532699585,1788289428.306477,13.193116634799235,15.95744680851064,-2.764330173711404,22,192,117,21618.18851577003,20153.76763896039,41771.95615473042,0.0350575125422706,22,192,18.424216270446777
18.47756862640381,1788289428.3565462,13.193116634799235,15.95744680851064,-2.764330173711404,16,192,117,21636.54996584489,20173.98215844341,41810.53212428831,0.0349808465257932,16,192,18.474285364151
18.527618646621704,1788289428.4065962,13.193116634799235,15.95744680851064,-2.764330173711404,16,192,116,21643.247406881364,20187.80464296708,41831.05204984844,0.0347933578667801,16,192,18.524335384368896
18.577613592147827,1788289428.4565911,13.129381771829191,15.95744680851064,-2.828065036681448,19,192,117,21671.571835635383,20219.30606308917,41890.87789872456,0.0346678285438947,19,192,18.57433032989502
18.627604246139526,1788289428.5065818,13.129381771829191,15.95744680851064,-2.828065036681448,17,196,117,21688.17773653441,20243.183858577133,41931.361595111535,0.034460933844937,17,196,18.62432098388672
18.67760157585144,1788289428.556579,13.129381771829191,15.95744680851064,-2.828065036681448,17,196,116,21709.969349094237,20250.25043066097,41960.21977975521,0.0347881618851182,17,196,18.674318313598633
18.7278573513031,1788289428.606835,13.129381771829191,15.95744680851064,-2.828065036681448,23,196,116,21721.634898473083,20265.84654075505,41987.48143922814,0.0346719619233439,23,196,18.724574089050293
18.778043031692505,1788289428.6570206,13.065646908859147,15.95744680851064,-2.891799899651492,23,196,117,21738.41408805243,20280.771597949537,42019.18568600196,0.0346899271441255,23,196,18.774759769439697
18.82810950279236,1788289428.707087,13.065646908859147,15.95744680851064,-2.891799899651492,18,200,116,21757.05180956022,20297.36578775569,42054.41759731592,0.0347094575362207,18,200,18.82482624053955
18.878108978271484,1788289428.7570865,13.065646908859147,15.95744680851064,-2.891799899651492,20,200,116,21754.456125336197,20327.846576502438,42082.30270183863,0.0339004630745035,20,200,18.874825716018677
18.927912712097168,1788289428.8068902,13.001912045889105,15.95744680851064,-2.955534762621536,18,200,117,21766.88305488648,20336.31708535164,42103.200140238114,0.0339776065660065,18,200,18.92462944984436
18.978267908096317,1788289428.8572454,11.854684512428298,15.95744680851064,-4.102762296082341,20,204,117,21789.570384692062,20361.45113142117,42151.02151611324,0.033881011702764,20,204,18.974984645843506
19.028276205062863,1788289428.9072535,9.36902485659656,15.707133917396746,-6.338109060800187,26,276,116,22371.585263691228,20902.1562501252,43273.74151381642,0.0339565972842184,26,276,19.02499270439148
19.078463792800903,1788289428.957441,6.819630337794775,14.956195244055069,-8.136564906260293,48,368,116,23901.979978731277,22361.953033801656,46263.93301253293,0.0332878517810499,48,368,19.075180292129517
19.128133296966556,1788289429.0071108,5.544933078393881,13.32916145181477,-7.784228373420889,56,440,115,28269.01580531032,26736.97561073312,55005.99141604344,0.0278522421855732,56,440,19.124850034713745
19.17822504043579,1788289429.0572026,5.289993626513703,11.889862327909889,-6.599868701396185,64,432,114,31634.314067398125,30506.785222706745,62141.09929010488,0.0181446555914231,64,432,19.174941778182983
19.22858619689941,1788289429.1075635,5.035054174633524,11.32665832290363,-6.291604148270105,80,392,114,34256.49332620291,33556.03029520357,67812.52362140648,0.0103294051539798,80,392,19.225302696228027
19.278581142425537,1788289429.157559,4.97131931166348,11.13892365456821,-6.167604342904729,73,400,114,34773.72954606175,34194.74690023569,68968.47644629744,0.0083948881526604,73,400,19.27529811859131
19.328595638275143,1788289429.2075732,4.97131931166348,11.13892365456821,-6.167604342904729,85,408,114,35054.43449859206,34548.897848390494,69603.33234698256,0.0072631098706796,85,408,19.32531237602234
19.37881875038147,1788289429.2577963,4.907584448693435,11.13892365456821,-6.231339205874774,80,408,114,35195.26376355107,34666.44117150332,69861.70493505438,0.007569563218352,80,408,19.375535488128662
19.42874383926392,1788289429.3077214,4.84384958572339,11.13892365456821,-6.295074068844819,75,416,114,35325.2908295324,34844.99455664579,70170.28538617819,0.0068447245189801,75,416,19.42546057701111
19.47885775566101,1788289429.3578353,4.716379859783301,11.13892365456821,-6.422543794784908,90,416,114,35400.73788067319,34933.463090537305,70334.20097121049,0.0066436354388549,90,416,19.475574493408203
19.528912782669067,1788289429.4078903,3.31421287444232,11.13892365456821,-7.82471078012589,89,428,114,35502.730692064,35073.26716000993,70575.99785207392,0.0060851216436814,89,428,19.52562952041626
19.57888412475586,1788289429.4578617,2.294455066921606,11.076345431789738,-8.781890364868133,113,500,113,35573.38104725567,35177.40188438591,70750.78293164159,0.0055968166918004,113,500,19.57560086250305
19.62894916534424,1788289429.5079267,2.294455066921606,10.200250312891114,-7.905795245969508,101,500,113,38225.02427548299,37992.25556114648,76217.27983662946,0.0030540149797453,101,500,19.62566590309143
19.678882122039795,1788289429.5578597,2.294455066921606,9.574468085106384,-7.2800130181847775,90,472,114,39865.9401880236,39811.07646825022,79677.01665627383,0.0006885764813467,90,472,19.675598859786987
19.728970050811768,1788289429.6079476,2.294455066921606,9.386733416770964,-7.092278349849358,103,460,114,40712.86678906366,40817.3318756931,81530.19866475675,0.0012813054345542,103,460,19.72568678855896
19.7792751789093,1788289429.6582527,2.294455066921606,9.386733416770964,-7.092278349849358,108,468,113,40856.57806459658,40987.0877503887,81843.66581498529,0.0015946217033722,108,468,19.775991916656494
19.829131364822388,1788289429.708109,2.294455066921606,9.386733416770964,-7.092278349849358,74,468,113,40996.867099062176,41216.69336643833,82213.56046550052,0.0026738443893133,74,468,19.82584810256958
19.879367351531982,1788289429.758345,2.294455066921606,9.386733416770964,-7.092278349849358,109,468,113,41067.49564729328,41320.71136527903,82388.2070125723,0.0030734461540971,109,468,19.876084089279175
19.929226398468018,1788289429.808204,2.294455066921606,9.386733416770964,-7.092278349849358,108,468,113,41139.06186987062,41455.86660941944,82594.92847929004,0.0038356439721145,108,468,19.92594313621521
19.97938203811645,1788289429.8583596,2.294455066921606,9.386733416770964,-7.092278349849358,108,468,113,41188.37723144758,41513.9858388407,82702.36307028828,0.0039371137087871,108,468,19.976098775863647
20.02937912940979,1788289429.908357,2.294455066921606,9.386733416770964,-7.092278349849358,100,468,113,41247.546920659166,41606.91498227672,82854.46190293587,0.0043373410841596,100,468,20.02609610557556
20.079726696014404,1788289429.9587042,2.294455066921606,9.386733416770964,-7.092278349849358,107,468,113,41289.37537366731,41652.772184854985,82942.1475585223,0.0043813286957788,107,468,20.076443433761597
20.129610300064087,1788289430.0085878,2.294455066921606,9.386733416770964,-7.092278349849358,98,468,113,41353.47325995421,41716.56410395944,83070.03736391364,0.0043709002129683,98,468,20.12632703781128
20.179673433303837,1788289430.058651,2.294455066921606,9.386733416770964,-7.092278349849358,108,468,113,41376.78580666756,41763.74744270432,83140.53324937189,0.0046543078437578,108,468,20.176390171051025
20.229637145996094,1788289430.1086147,2.3581899298916507,9.386733416770964,-7.028543486879313,110,468,113,41424.239642265646,41830.91394125523,83255.15358352088,0.0048846741791379,110,468,20.226353883743286
20.279940843582157,1788289430.1589184,2.3581899298916507,9.386733416770964,-7.028543486879313,98,464,114,41443.85602445758,41860.21709331688,83304.07311777446,0.0049980877678172,98,464,20.276657581329346
20.32982587814331,1788289430.2088034,2.3581899298916507,9.386733416770964,-7.028543486879313,98,464,114,41503.315252727545,41924.98593229017,83428.30118501771,0.0050542882160274,98,464,20.326542615890503
20.380099296569824,1788289430.2590768,2.3581899298916507,9.386733416770964,-7.028543486879313,108,464,113,41522.52215256181,41957.240810023366,83479.76296258517,0.0052074735484861,108,464,20.376816034317017
20.43009901046753,1788289430.3090763,2.3581899298916507,9.386733416770964,-7.028543486879313,104,464,114,41539.26218780616,42013.28648579444,83552.5486736006,0.0056733673061256,104,464,20.426815509796143
20.48030805587769,1788289430.3592856,2.48565965583174,9.386733416770964,-6.901073760939224,103,464,113,41575.77132955912,42015.79451333803,83591.56584289715,0.005263966278678,103,464,20.477024793624878
20.530102491378784,1788289430.40908,4.1427660930529,9.386733416770964,-5.243967323718064,103,452,113,41595.991266870085,42075.74951549606,83671.74078236615,0.0057338145966611,103,452,20.526819229125977
20.58026432991028,1788289430.459242,7.074569789674952,9.386733416770964,-2.3121636270960124,39,296,116,41622.96135908399,42079.507633517,83702.46899260099,0.0054543943557193,39,296,20.57698130607605
20.63008689880371,1788289430.5090644,9.81516889738687,9.386733416770964,0.4284354806159065,8,120,118,41577.58614466397,42053.0453875972,83630.63153226118,0.0056852284171717,8,120,20.626803636550903
20.68045306205749,1788289430.5594306,11.281070745697896,10.012515644555696,1.2685551011422014,0,1068,118,40300.65314008646,40848.06967882978,81148.72281891624,0.0067458429378473,0,1068,20.677169799804688
20.73039484024048,1788289430.6093724,12.300828553218611,11.514392991239047,0.7864355619795624,0,44,117,35511.400330215605,35913.66472430994,71425.06505452555,0.0056319779868208,0,44,20.72711157798767
20.78053641319275,1788289430.659514,12.300828553218611,12.390488110137673,-0.0896595569190612,0,1044,118,33388.296786894585,33489.04369182353,66877.3404787181,0.0015064430524267,0,1044,20.77725315093994
20.830673456192017,1788289430.709651,12.364563416188656,12.95369211514393,-0.5891286989552746,2,60,117,31361.560036466253,31206.89063095863,62568.45066742488,0.0024720031239026,2,60,20.82739019393921
20.88105320930481,1788289430.7600307,12.364563416188656,12.95369211514393,-0.5891286989552746,2,52,117,31261.281649956178,31063.542935137943,62324.82458509412,0.0031727119351656,2,52,20.877769947052002
20.93070077896118,1788289430.8096783,12.810707456978967,12.95369211514393,-0.1429846581649627,2,52,118,31173.607463106466,30929.62841730253,62103.23588040899,0.0039286044011258,2,52,20.927417516708374
20.980695962905884,1788289430.8596735,14.467813894200129,13.20400500625782,1.2638088879423055,2,36,118,30632.518458148177,30386.325432859998,61018.843891008175,0.0040347048483568,2,36,20.977412700653076
21.030754566192627,1788289430.909732,16.762268961121734,13.76720901126408,2.9950599498576533,0,1100,118,28723.62181066477,28358.12599709854,57081.74780776331,0.0064030242170777,0,1100,21.02747130393982
21.080997467041016,1788289430.959975,19.05672402804334,15.143929912390488,3.912794115652853,0,1164,118,25634.69806803334,25486.005466515988,51120.70353454933,0.0029086571826395,0,1164,21.077714204788208
21.131105184555054,1788289431.0100827,20.58636073932441,16.83354192740926,3.752818811915152,0,1188,117,19858.516004959656,20395.389653539885,40253.90565849954,0.0133371815677932,0,1188,21.127821922302246
21.181302785873413,1788289431.0602803,21.47864882090504,18.585732165206508,2.892916655698528,0,1168,117,16170.363730362513,17282.351242145793,33452.7149725083,0.0332405759202839,0,1168,21.178019523620605
21.23149418830872,1788289431.1104715,21.861057998725304,19.96245306633292,1.898604932392388,0,1128,118,12689.993976790429,14093.454021169691,26783.44799796012,0.0524002751432957,0,1128,21.22821068763733
21.281111240386963,1788289431.1600888,21.861057998725304,20.90112640801001,0.9599315907152928,0,1084,118,11419.237969435591,12702.119000602504,24121.356970038098,0.0531844469927797,0,1084,21.277827978134155
21.33126425743103,1788289431.2102418,21.861057998725304,21.339173967459324,0.52188403126598,0,1060,117,10494.618981021013,11729.032861016254,22223.651842037267,0.0555450512260221,0,1060,21.327980995178223
21.381486654281616,1788289431.2604642,21.861057998725304,21.526908635794744,0.3341493629305603,0,1052,118,10251.99642184177,11443.407335362452,21695.40375720422,0.0549153602695713,0,1052,21.37820339202881
21.43138289451599,1788289431.3103604,22.562141491395792,21.714643304130163,0.8474981872656286,0,20,118,9934.491079415444,11091.369243414118,21025.86032282956,0.0550216802659224,0,20,21.428099632263184
21.481708526611328,1788289431.360686,24.155513065646907,21.90237797246558,2.253135093181328,1,1108,118,9709.226632390875,10893.686186427734,20602.91281881861,0.0574899075899101,1,1108,21.47842526435852
21.531458616256717,1788289431.4104362,26.06755895474825,22.46558197747184,3.601976977276408,4,1180,117,8904.078687526842,10044.893742830303,18948.97243035715,0.0602045867920427,4,1180,21.528175354003906
21.58143258094788,1788289431.46041,27.59719566602932,23.842302878598247,3.754892787431072,2,1200,117,7831.877380723835,9175.040408407927,17006.917789131763,0.0789774516663118,2,1200,21.57814931869507
21.63154673576355,1788289431.5105245,28.616953473550037,24.96871088861076,3.648242584939272,5,1236,117,7338.733554577559,8564.342507172934,15903.076061750491,0.0770674143691714,5,1236,21.62826371192932
21.681639671325684,1788289431.5606172,29.31803696622052,26.533166458072596,2.784870508147929,1,1144,117,6373.992469508039,8392.354899633976,14766.347369142017,0.1366866415687749,1,1144,21.678356409072876
21.73157930374145,1788289431.6105568,29.82791586998088,27.722152690863577,2.105763179117304,1,1132,117,6268.044656222272,8118.733668793805,14386.778325016076,0.128638182278343,1,1132,21.728296041488647
21.781758546829224,1788289431.660736,30.27405991077119,28.5982478097622,1.67581210100899,1,1092,118,6157.279455571821,7956.890677428355,14114.170133000176,0.1275038634860213,1,1092,21.778475284576416
21.83173108100891,1788289431.7107086,31.03887826641173,29.28660826032541,1.75227000608632,0,1092,117,6073.23432145523,7846.434794198151,13919.669115653382,0.1273881195027018,0,1092,21.828447818756104
21.881861448287964,1788289431.760839,32.122370936902485,29.91239048811013,2.2099804487923507,0,1104,118,6032.548469861333,7758.947126150008,13791.49559601134,0.1251784945490589,0,1104,21.878578186035156
21.932050943374637,1788289431.8110285,33.269598470363285,30.663329161451813,2.606269308911472,3,1156,117,5980.42719966963,7666.79947502528,13647.22667469491,0.1235688624182209,3,1156,21.928767681121826
21.982298612594604,1788289431.861276,34.608030592734224,31.66458072590738,2.9434498668268425,2,1144,117,5971.541287845616,7631.165795263252,13602.707083108868,0.1220069282737456,2,1144,21.979015111923218
22.03238201141357,1788289431.9113595,35.94646271510516,32.66583229036296,3.2806304247422062,3,1184,118,5930.327410074572,7563.444646589696,13493.772056664267,0.1210274806523476,3,1184,22.029098749160767
22.082334518432617,1788289431.961312,37.02995538559592,33.97997496871089,3.0499804168850275,0,1152,118,5887.46024090204,7528.5930716590865,13416.053312561124,0.1223260516727742,0,1152,22.07905125617981
22.13248610496521,1788289432.0114636,37.794773741236455,35.16896120150187,2.625812539734582,2,1168,117,5773.5263870672,7460.082537992191,13233.60892505939,0.1274449139668393,2,1168,22.129202842712402
22.18262243270874,1788289432.0616,38.36838750796686,36.2953692115144,2.07301829645246,1,1120,117,5736.932384315079,7440.906260562589,13177.83864487767,0.1293060206735692,1,1120,22.179339170455933
22.23254871368408,1788289432.1115265,38.81453154875717,37.10888610763454,1.705645441122627,0,1120,118,3699.082076032852,7394.706646206503,11093.788722239357,0.3331255590585706,0,1120,22.229265689849854
22.28258728981018,1788289432.1615648,39.133205863607394,37.85982478097622,1.273381082631175,0,1080,118,3276.4572935430488,7365.663850168468,10642.121143711516,0.3842473226347129,0,1080,22.279304027557373
22.332553386688232,1788289432.211531,39.133205863607394,38.360450563204,0.7727553004033894,0,1076,117,3256.656586040434,7348.542106113316,10605.19869215375,0.385837704587304,0,1076,22.329270124435425
22.382522344589237,1788289432.2615,39.133205863607394,38.67334167709637,0.4598641865110267,0,1056,118,3266.383755218972,7572.974080153053,10839.357835372026,0.3973104671275272,0,1056,22.379239082336426
22.43259572982788,1788289432.3115733,39.133205863607394,38.79849812265332,0.3347077409540731,0,1048,117,3233.7276187968628,7596.216307909132,10829.943926705995,0.4028172923734751,0,1048,22.429312467575073
22.48265814781189,1788289432.3616357,38.942001274697255,38.86107634543179,0.0809249292654641,0,1052,117,3518.890106747599,7713.557319830081,11232.44742657768,0.3734419627157355,0,1052,22.479374885559082
22.533207178115845,1788289432.4121847,38.81453154875717,38.86107634543179,-0.0465447966746239,0,0,118,3666.6975878539424,7463.9714845041635,11130.669072358103,0.3411541455383278,0,0,22.529923915863037
22.582937717437744,1788289432.4619153,38.75079668578712,38.86107634543179,-0.110279659644668,0,0,117,3653.483233778576,7517.145525497401,11170.628759275976,0.3458768861609942,0,0,22.579654455184937
22.63306927680969,1788289432.5120468,38.68706182281708,38.86107634543179,-0.174014522614712,0,20,117,3645.7078030112175,7463.576314611129,11109.284117622346,0.3436646746250493,0,20,22.629786014556885
22.682928562164307,1788289432.561906,38.68706182281708,38.86107634543179,-0.174014522614712,0,24,118,3623.88720620756,7503.071404219476,11126.958610427037,0.3486293365355691,0,24,22.6796452999115
22.733035564422607,1788289432.612013,38.55959209687699,38.86107634543179,-0.3014842485548001,0,24,117,3611.25525234208,7476.78780763926,11088.04305998134,0.3486217120898956,0,24,22.7297523021698
22.782931089401245,1788289432.6619086,38.55959209687699,38.86107634543179,-0.3014842485548001,1,32,118,3588.64565329332,7446.346698369525,11034.992351662844,0.3495880125820744,1,32,22.779647827148438
22.833157300949097,1788289432.7121348,38.75079668578712,38.79849812265332,-0.0477014368661983,1,28,117,3593.105551273259,7409.9456511284125,11003.051202401672,0.3468892427785884,1,28,22.82987403869629
22.883061408996586,1788289432.762039,38.87826641172721,38.79849812265332,0.0797682890738897,0,0,118,3584.0782426493192,7396.443802865511,10980.52204551483,0.3471934708034591,0,0,22.879778146743774
22.933243989944454,1788289432.8122215,38.87826641172721,38.79849812265332,0.0797682890738897,0,0,118,3573.855086130317,7369.635715265292,10943.490801395608,0.346852818540397,0,0,22.92996072769165
22.98352670669556,1788289432.8625042,38.87826641172721,38.79849812265332,0.0797682890738897,0,0,118,3556.3608015126933,7352.749699848487,10909.11050136118,0.348001690684323,0,0,22.98024344444275
23.033470630645752,1788289432.9124482,38.55959209687699,38.79849812265332,-0.2389060257763304,0,0,118,3557.475930677052,7333.730575574005,10891.206506251056,0.3467250981541443,0,0,23.030187368392944
23.08361554145813,1788289432.962593,38.49585723390695,38.79849812265332,-0.3026408887463745,0,32,118,3536.5149634241334,7320.619399664205,10857.134363088338,0.3485362075931493,0,32,23.080332279205322
23.133689403533936,1788289433.012667,38.49585723390695,38.67334167709637,-0.1774844431894209,0,20,118,3603.0760441706952,7293.580607955269,10896.656652125965,0.3386822840806448,0,20,23.130406141281128
23.183959007263184,1788289433.0629363,38.49585723390695,38.67334167709637,-0.1774844431894209,0,24,118,3827.883456566263,7276.128458669342,11104.011915235606,0.3105404630709921,0,24,23.180675506591797
23.233824729919437,1788289433.1128025,38.49585723390695,38.67334167709637,-0.1774844431894209,0,24,118,3820.192028524181,7270.664262670845,11090.856291195028,0.3111096333369657,0,24,23.230541706085205
23.28393030166626,1788289433.1629078,38.4321223709369,38.67334167709637,-0.2412193061594649,0,24,118,3814.967410203949,7236.153515346351,11051.1209255503,0.3095781982832697,0,24,23.280647039413452
23.33450984954834,1788289433.2134874,38.4321223709369,38.67334167709637,-0.2412193061594649,0,28,118,3796.524875537824,7236.877097624988,11033.401973162812,0.3118124609667383,0,28,23.331226587295532
23.38377857208252,1788289433.262756,38.4321223709369,38.67334167709637,-0.2412193061594649,0,28,117,3791.3270563396654,7208.02352238353,10999.350578723195,0.3106271085361182,0,28,23.380495309829712
23.434027433395386,1788289433.313005,38.4321223709369,38.67334167709637,-0.2412193061594649,0,28,118,3778.382570395655,7203.765802849119,10982.148373244774,0.3119046579992074,0,28,23.430744171142578
23.484232425689697,1788289433.36321,38.4321223709369,38.67334167709637,-0.2412193061594649,1,28,118,3779.62018838042,7182.306619320239,10961.92680770066,0.3104095192963213,1,28,23.48094916343689
23.534126043319706,1788289433.4131036,38.4321223709369,38.67334167709637,-0.2412193061594649,0,28,118,3773.028275405888,7162.08660094772,10935.114876353608,0.3099243459134045,0,28,23.530842781066895
23.584264993667603,1788289433.4632423,38.4321223709369,38.67334167709637,-0.2412193061594649,0,28,118,3793.1320670707782,7114.4370070004425,10907.569074071222,0.3044954304094079,0,28,23.580981492996216
23.634135484695435,1788289433.513113,38.4321223709369,38.67334167709637,-0.2412193061594649,1,28,117,3927.087026679382,6831.790863098536,10758.877889777918,0.2699820433113134,1,28,23.630852222442627
23.684333086013797,1788289433.5633106,38.4321223709369,38.67334167709637,-0.2412193061594649,0,28,118,4353.879778886176,5962.63116886813,10316.510947754305,0.1559394836228179,0,28,23.681049823760986
23.73445749282837,1788289433.613435,38.4321223709369,38.67334167709637,-0.2412193061594649,0,28,117,4628.436642438912,5416.929867968849,10045.36651040776,0.078493226176765,0,28,23.73117423057556
23.784438848495483,1788289433.6634164,38.4321223709369,38.67334167709637,-0.2412193061594649,1,28,117,5207.971294142508,5106.147296061468,10314.118590203976,0.0098722927403364,1,28,23.781155586242676
23.834592819213867,1788289433.7135704,38.4321223709369,38.67334167709637,-0.2412193061594649,0,28,117,6502.465713503216,5039.896486438342,11542.36219994156,0.1267131633654919,0,28,23.83130955696106
23.88458013534546,1788289433.7635577,38.4321223709369,38.67334167709637,-0.2412193061594649,0,28,117,6548.058292641931,4978.878167003415,11526.936459645343,0.1361315845829513,0,28,23.88129687309265
23.93458676338196,1788289433.8135643,38.4321223709369,38.67334167709637,-0.2412193061594649,0,28,118,7011.315635270289,4964.037432787167,11975.353068057457,0.1709576486679081,0,28,23.93130350112915
23.984528064727783,1788289433.8635056,38.4321223709369,38.67334167709637,-0.2412193061594649,1,28,117,7054.818412159182,4916.2778707814805,11971.096282940664,0.1786419965918422,1,28,23.981244802474976
24.03480815887451,1788289433.9137857,38.4321223709369,38.67334167709637,-0.2412193061594649,0,28,117,6618.128319451393,4885.161300776015,11503.289620227408,0.1506496902962544,0,28,24.031524896621704
24.084863662719727,1788289433.9638412,38.4321223709369,38.67334167709637,-0.2412193061594649,0,28,118,6782.448201529221,4851.816849260302,11634.265050789523,0.1659435592915173,0,28,24.08158040046692
24.135318517684937,1788289434.014296,38.4321223709369,38.67334167709637,-0.2412193061594649,0,28,117,6989.83970376468,4820.474038995545,11810.313742760223,0.1836839995972982,0,28,24.13203525543213
24.18484735488892,1788289434.063825,38.4321223709369,38.67334167709637,-0.2412193061594649,1,28,117,7039.748538884758,4798.096470843992,11837.84500972875,0.1893631878267116,1,28,24.18156409263611
24.235057830810547,1788289434.1140354,38.4321223709369,38.67334167709637,-0.2412193061594649,0,28,117,7035.903228304517,4800.0423978008685,11835.945626105386,0.1889042837077782,0,28,24.23177456855774
24.28500604629517,1788289434.1639836,38.4321223709369,38.67334167709637,-0.2412193061594649,0,28,117,7027.711210368201,4763.509671792357,11791.220882160558,0.192024351100186,0,28,24.28172278404236
24.33512043952942,1788289434.214098,38.4321223709369,38.67334167709637,-0.2412193061594649,1,28,117,7022.015237231457,4756.447937569935,11778.463174801393,0.1923482941737621,1,28,24.33183717727661
24.385115146636963,1788289434.2640927,38.4321223709369,38.67334167709637,-0.2412193061594649,0,28,118,7033.5827416499,4745.677043603176,11779.259785253074,0.194231703838559,0,28,24.381831884384155
24.435282468795776,1788289434.31426,38.4321223709369,38.67334167709637,-0.2412193061594649,0,28,118,7039.709569180439,4732.317907030986,11772.027476211424,0.1960063096023317,0,28,24.43199920654297
24.48531937599182,1788289434.364297,38.4321223709369,38.67334167709637,-0.2412193061594649,0,28,118,7018.858490852828,4713.06151659234,11731.92000744517,0.1965404616462788,0,28,24.482036113739014
24.535740613937374,1788289434.4147182,38.4321223709369,38.67334167709637,-0.2412193061594649,1,28,117,7026.301823998671,4710.709471651473,11737.011295650143,0.1972897779527042,1,28,24.53245735168457
24.585610151290894,1788289434.4645877,38.4321223709369,38.67334167709637,-0.2412193061594649,1,28,117,7029.391038118835,4695.962572252349,11725.353610371183,0.1990070869847837,1,28,24.582326889038086
24.63550019264221,1788289434.5144775,38.4321223709369,38.67334167709637,-0.2412193061594649,0,28,118,7064.773095319926,4676.906257095078,11741.679352415003,0.2033667217912671,0,28,24.632216691970825
24.68550443649292,1788289434.564482,38.4321223709369,38.67334167709637,-0.2412193061594649,1,28,117,7072.612770302084,4634.503347802651,11707.116118104736,0.2082587545816653,1,28,24.682221174240112
24.735362768173218,1788289434.6143403,38.4321223709369,38.67334167709637,-0.2412193061594649,0,28,117,7086.652991515428,4604.878160787903,11691.53115230333,0.21227115579627,0,28,24.73207950592041
24.78567314147949,1788289434.664651,38.4321223709369,38.67334167709637,-0.2412193061594649,0,28,117,7066.752078345848,4586.4205909656985,11653.172669311543,0.2128460255216216,0,28,24.782390117645264
24.83582234382629,1788289434.7148,38.4321223709369,38.67334167709637,-0.2412193061594649,0,28,117,7068.589198579498,4565.44871916714,11634.037917746638,0.2151566375414722,0,28,24.832539081573486
24.885801792144772,1788289434.764779,38.4321223709369,38.67334167709637,-0.2412193061594649,1,28,118,7066.749982760643,4586.6618660449385,11653.411848805585,0.2128207729112312,1,28,24.88251829147339
24.9357705116272,1788289434.814748,38.4321223709369,38.67334167709637,-0.2412193061594649,0,28,118,7057.0313580837765,4586.326450149638,11643.357808233412,0.2121986585508022,0,28,24.93248724937439
24.98622465133667,1788289434.8652022,38.4321223709369,38.67334167709637,-0.2412193061594649,0,28,117,7055.067982474564,4558.925806908959,11613.993789383523,0.2149253926627165,0,28,24.982941389083862
25.036306142807007,1788289434.9152837,38.4321223709369,38.67334167709637,-0.2412193061594649,0,28,117,7063.332405478441,4545.832516623656,11609.164922102096,0.2168545201784363,0,28,25.0330228805542
25.086431980133057,1788289434.9654095,38.4321223709369,38.67334167709637,-0.2412193061594649,1,28,118,7074.4320179646,4545.740838663372,11620.172856627973,0.2176121827532798,1,28,25.08314871788025
25.13638401031494,1788289435.0153615,38.4321223709369,38.67334167709637,-0.2412193061594649,0,28,118,7059.453645627462,4536.926351865829,11596.379997493292,0.2175271329765763,0,28,25.133100748062134
25.186347484588623,1788289435.065325,38.4321223709369,38.67334167709637,-0.2412193061594649,1,28,117,7049.326337052354,4532.060717087554,11581.387054139908,0.2173544160295525,1,28,25.183064222335815
25.23621654510498,1788289435.115194,38.4321223709369,38.67334167709637,-0.2412193061594649,0,28,117,7047.8274849242025,4523.534110716991,11571.361595641192,0.2181500727760582,0,28,25.232933282852173
25.286519527435303,1788289435.165497,38.4321223709369,38.67334167709637,-0.2412193061594649,0,28,117,7054.820055910515,4519.0866308415,11573.906686752016,0.2190905364712784,0,28,25.283236265182495
25.33665680885315,1788289435.2156343,38.4321223709369,38.67334167709637,-0.2412193061594649,0,28,117,7059.287697224285,4514.693055327123,11573.980752551408,0.2198547497442677,0,28,25.333373546600342
25.386520862579346,1788289435.2654984,38.4321223709369,38.67334167709637,-0.2412193061594649,1,28,117,7041.049994734651,4508.047367735564,11549.097362470216,0.2193247270761,1,28,25.383237600326538
25.43664240837097,1788289435.31562,38.4321223709369,38.67334167709637,-0.2412193061594649,0,28,117,7042.205079843297,4498.757823371283,11540.96290321458,0.2203843195582555,0,28,25.433359146118164
25.48716235160828,1788289435.36614,38.4321223709369,38.67334167709637,-0.2412193061594649,0,28,117,7052.360400559372,4492.882307468478,11545.24270802785,0.2216911465456841,0,28,25.48387908935547
25.53732967376709,1788289435.4163072,38.4321223709369,38.67334167709637,-0.2412193061594649,0,28,117,7052.9538658090205,4502.4782257757015,11555.432091584722,0.2207165963002552,0,28,25.534046411514282
25.58686923980713,1788289435.4658468,38.4321223709369,38.67334167709637,-0.2412193061594649,0,28,117,7034.492252257046,4480.790390164559,11515.282642421604,0.221766320583813,0,28,25.58358597755432
25.636820316314697,1788289435.515798,38.4321223709369,38.67334167709637,-0.2412193061594649,0,28,117,7039.416750540079,4490.519283783669,11529.93603432375,0.2210677890292309,0,28,25.63353729248047
25.68721437454224,1788289435.566192,38.4321223709369,38.67334167709637,-0.2412193061594649,1,28,118,7036.8736216252255,4469.338781757164,11506.21240338239,0.2231433550725436,1,28,25.68393111228943
25.73734426498413,1788289435.6163218,38.4321223709369,38.67334167709637,-0.2412193061594649,0,28,117,7038.676330742118,4466.152732529243,11504.829063271362,0.2236038088062984,0,28,25.734061002731323
25.786848068237305,1788289435.6658256,38.4321223709369,38.67334167709637,-0.2412193061594649,0,28,117,7025.158405618259,4462.053353772391,11487.211759390651,0.2231268218547953,0,28,25.783564805984497
25.837249279022217,1788289435.7162268,38.4321223709369,38.67334167709637,-0.2412193061594649,1,28,117,7042.1235245328335,4455.649068300125,11497.772592832958,0.2249543931530674,1,28,25.83396601676941
25.887465000152588,1788289435.7664423,38.4321223709369,38.67334167709637,-0.2412193061594649,0,28,117,7035.7959995439705,4460.234067232626,11496.030066776597,0.2240392481013676,0,28,25.8841814994812
25.93725347518921,1788289435.816231,38.4321223709369,38.67334167709637,-0.2412193061594649,0,28,117,7031.62528568628,4451.887015671949,11483.512301358229,0.2246471464753174,0,28,25.9339702129364
25.987211227416992,1788289435.8661888,38.4321223709369,38.67334167709637,-0.2412193061594649,0,28,117,7045.29408284313,4459.12622988793,11504.42031273106,0.2247977544851422,0,28,25.983927965164185
26.03728485107422,1788289435.9162624,38.4321223709369,38.67334167709637,-0.2412193061594649,0,28,117,7043.869610105741,4432.677161583247,11476.546771688989,0.2275242283649238,0,28,26.03400158882141
26.087494611740112,1788289435.966472,38.4321223709369,38.67334167709637,-0.2412193061594649,0,28,116,7041.809542703506,4418.72981307024,11460.539355773746,0.2288792567438612,0,28,26.084211111068726
26.137389421463013,1788289436.016367,38.4321223709369,38.67334167709637,-0.2412193061594649,1,28,117,6874.477418621376,4432.318415597301,11306.795834218678,0.2159903688747231,1,28,26.134106159210205
26.18755054473877,1788289436.066528,38.4321223709369,38.67334167709637,-0.2412193061594649,0,28,117,5683.5371626616925,4428.839268525797,10112.37643118749,0.1240754735223555,0,28,26.184267282485962
26.237591981887817,1788289436.1165695,38.4321223709369,38.67334167709637,-0.2412193061594649,0,28,117,4014.126543436291,4412.5041205428815,8426.630663979173,0.0472760220534539,0,28,26.23430871963501
26.287620544433597,1788289436.166598,38.4321223709369,38.67334167709637,-0.2412193061594649,1,28,117,4702.667759944997,4384.877893096493,9087.545653041489,0.0349698234244516,1,28,26.284337282180786
26.33805775642395,1788289436.2170353,38.4321223709369,38.67334167709637,-0.2412193061594649,0,28,117,6999.3385739920495,4400.461447305409,11399.800021297458,0.2279756769269055,0,28,26.334774494171143
26.387964963912964,1788289436.2669425,38.4321223709369,38.67334167709637,-0.2412193061594649,0,28,118,6990.56534703053,4402.005851438277,11392.571198468806,0.2272146867021697,0,28,26.384681701660156
26.438098669052124,1788289436.3170762,38.4321223709369,38.67334167709637,-0.2412193061594649,0,28,118,6563.618161616399,4398.676636863288,10962.294798479688,0.1974898107149387,0,28,26.434815406799316
26.487982273101807,1788289436.3669598,38.4321223709369,38.67334167709637,-0.2412193061594649,0,28,117,7036.784720007716,4386.650775595704,11423.43549560342,0.2319909755197531,0,28,26.484699010849
26.53822898864746,1788289436.4172063,38.4321223709369,38.67334167709637,-0.2412193061594649,1,28,117,7038.242645411859,4330.436059700829,11368.678705112688,0.2381812922985749,1,28,26.534945487976074
26.588425636291504,1788289436.4674032,38.4321223709369,38.67334167709637,-0.2412193061594649,0,28,117,7014.183626229908,4306.940467165262,11321.12409339517,0.2391320099250631,0,28,26.585142374038696
26.63812494277954,1788289436.5171025,38.4321223709369,38.67334167709637,-0.2412193061594649,0,28,117,6637.30815065191,4293.596418914053,10930.904569565962,0.2144115079243546,0,28,26.634841680526733
26.688325881958008,1788289436.5673034,38.4321223709369,38.67334167709637,-0.2412193061594649,0,28,117,6792.863768686992,4257.547297153381,11050.411065840372,0.2294318696768591,0,28,26.6850426197052
26.7389714717865,1788289436.617949,38.4321223709369,38.67334167709637,-0.2412193061594649,0,28,118,7004.567216786135,4148.804476387536,11153.37169317367,0.2560447924591668,0,28,26.73568820953369
26.78850889205933,1788289436.6674864,38.4321223709369,38.67334167709637,-0.2412193061594649,0,28,117,7014.009666539031,4066.234140969715,11080.243807508748,0.2660388685284792,0,28,26.78522562980652
26.838690042495728,1788289436.7176676,38.4321223709369,38.67334167709637,-0.2412193061594649,0,28,117,7008.459812612521,4085.7208544385935,11094.180667051116,0.2634479323790212,0,28,26.83540678024292
26.88861322402954,1788289436.7675908,38.4321223709369,38.67334167709637,-0.2412193061594649,0,28,117,7005.636193258451,4057.692647162372,11063.328840420823,0.2664608083713027,0,28,26.885329961776733
26.93908286094665,1788289436.8180604,38.4321223709369,38.67334167709637,-0.2412193061594649,1,28,117,6991.517010898713,4073.021159428175,11064.538170326889,0.2637702366373883,1,28,26.935799598693848
26.988922357559204,1788289436.8679,38.4321223709369,38.67334167709637,-0.2412193061594649,0,28,117,7003.368053752437,4065.6629988652617,11069.031052617698,0.265398573815767,0,28,26.985639095306396
27.03896164894104,1788289436.9179392,38.4321223709369,38.67334167709637,-0.2412193061594649,0,28,118,6999.212907675734,4064.719293613386,11063.93220128912,0.2652306215072823,0,28,27.035678386688232
27.08928322792053,1788289436.9682608,38.4321223709369,38.67334167709637,-0.2412193061594649,1,28,118,7001.213353879737,4059.14500121504,11060.358355094775,0.2660011781001183,1,28,27.085999965667725
27.13892865180969,1788289437.0179062,38.4321223709369,38.67334167709637,-0.2412193061594649,0,28,117,7005.326335892158,4060.618591510751,11065.944927402908,0.2661054038945508,0,28,27.135645389556885
27.188929557800293,1788289437.067907,38.4321223709369,38.67334167709637,-0.2412193061594649,1,28,118,7024.961001182156,4008.011895018001,11032.972896200155,0.2734484290451956,1,28,27.185646295547485
27.238797426223755,1788289437.117775,38.4321223709369,38.67334167709637,-0.2412193061594649,0,28,118,6994.317375813082,3580.647975285758,10574.96535109884,0.3228066747445759,0,28,27.235514163970947
27.28900671005249,1788289437.1679842,38.4321223709369,38.67334167709637,-0.2412193061594649,1,28,118,6999.387764128747,3217.314497933478,10216.702262062225,0.3701853268484956,1,28,27.285723447799683
27.339210271835327,1788289437.2181878,38.4321223709369,38.67334167709637,-0.2412193061594649,0,28,118,6981.247970456089,3198.7762415615216,10180.024212017612,0.3715582252181016,0,28,27.33592700958252
27.38919997215271,1788289437.2681775,38.4321223709369,38.67334167709637,-0.2412193061594649,0,28,118,7016.499699415796,3189.6505211869767,10206.150220602773,0.3749552079395913,0,28,27.385916709899902
27.43924832344055,1788289437.318226,38.4321223709369,38.67334167709637,-0.2412193061594649,0,28,118,7011.128833288884,3188.6047565451377,10199.733589834022,0.3747670508329374,0,28,27.435965299606323
27.4892098903656,1788289437.3681874,38.4321223709369,38.67334167709637,-0.2412193061594649,0,28,118,7018.705794217556,3191.186985776158,10209.892779993714,0.3748833499937846,0,28,27.485926628112793
27.539343118667603,1788289437.418321,38.4321223709369,38.67334167709637,-0.2412193061594649,0,28,118,7002.921214480106,3201.550175687037,10204.471390167142,0.3725201329346669,0,28,27.536060094833374
27.589220762252808,1788289437.4681983,38.4321223709369,38.67334167709637,-0.2412193061594649,0,28,117,6998.064639018451,3193.739725036476,10191.804364054926,0.3732729532563733,0,28,27.5859375
27.63925552368164,1788289437.518233,38.4321223709369,38.67334167709637,-0.2412193061594649,0,28,117,7000.998487186689,3198.9756221955176,10199.974109382209,0.3727482858504484,0,28,27.635972261428833
27.689435243606567,1788289437.5684128,38.4321223709369,38.67334167709637,-0.2412193061594649,0,28,117,7018.57526183238,3185.179151725089,10203.754413557468,0.3756848660542001,0,28,27.68615198135376
27.73971581459045,1788289437.6186934,38.4321223709369,38.67334167709637,-0.2412193061594649,0,28,118,7021.70717334703,3179.4399267543245,10201.147100101354,0.3766505088976249,0,28,27.736432552337646
27.789694786071777,1788289437.6686723,38.4321223709369,38.67334167709637,-0.2412193061594649,0,28,118,7008.125734015781,3189.170047387462,10197.295781403243,0.3745067092780547,0,28,27.78641152381897
27.839704036712646,1788289437.7186816,38.4321223709369,38.67334167709637,-0.2412193061594649,0,28,118,7009.501856957315,3192.733254601978,10202.235111559294,0.3741110218123554,0,28,27.83642077445984
27.88996696472168,1788289437.7689445,38.4321223709369,38.67334167709637,-0.2412193061594649,1,28,117,7009.759892669297,3184.1765263008074,10193.936418970105,0.3752802851751541,1,28,27.886683702468872
27.940321445465088,1788289437.819299,38.4321223709369,38.67334167709637,-0.2412193061594649,0,28,118,7002.659940308768,3183.9221402771664,10186.582080585931,0.3748792057847873,0,28,27.93703818321228
27.990062952041622,1788289437.8690405,38.4321223709369,38.67334167709637,-0.2412193061594649,0,28,118,7002.439698606059,3182.2338949748114,10184.67359358087,0.3750935922029963,0,28,27.98677968978882
28.04003667831421,1788289437.9190142,38.4321223709369,38.67334167709637,-0.2412193061594649,0,28,118,7002.812822316335,3170.344124072575,10173.15694638891,0.3767236383396348,0,28,28.0367534160614
28.09024381637573,1788289437.9692214,38.4321223709369,38.67334167709637,-0.2412193061594649,0,28,118,7001.71771152469,3180.98540370986,10182.70311523455,0.3752178831668532,0,28,28.086960554122925
28.140299558639526,1788289438.019277,38.36838750796686,38.67334167709637,-0.304954169129509,0,32,118,6982.351688782365,3171.394149560152,10153.745838342518,0.3753252838800924,0,32,28.13701629638672
28.191633701324463,1788289438.0706112,38.36838750796686,38.67334167709637,-0.304954169129509,1,32,118,7004.246692066244,3179.657620703976,10183.90431277022,0.3755523376792122,1,32,28.188350439071655
28.24031400680542,1788289438.1192915,38.36838750796686,38.67334167709637,-0.304954169129509,0,32,118,7013.466025795094,3175.989490646667,10189.455516441762,0.3766125215381973,0,32,28.237030744552612
28.290918111801147,1788289438.1698956,38.36838750796686,38.67334167709637,-0.304954169129509,0,32,118,7004.989800887618,3173.0766716205617,10178.06647250818,0.3764873357446994,0,32,28.28763484954834
28.34056925773621,1788289438.2195468,38.36838750796686,38.67334167709637,-0.304954169129509,0,32,118,7000.657453766501,3165.2463134064515,10165.903767172951,0.3772818657545332,0,32,28.3372859954834
28.3905246257782,1788289438.2695022,38.36838750796686,38.67334167709637,-0.304954169129509,1,32,117,7000.7774857964005,3161.8211242734005,10162.5986100698,0.377753418079417,1,32,28.38724136352539
28.440710306167603,1788289438.3196878,38.36838750796686,38.67334167709637,-0.304954169129509,0,32,118,6990.003624992535,3166.6897341401705,10156.693359132703,0.376432934978244,0,32,28.437427043914795
28.49087429046631,1788289438.3698518,38.36838750796686,38.67334167709637,-0.304954169129509,0,32,118,6989.415372592843,3165.659354556659,10155.074727149502,0.3765364727266266,0,32,28.4875910282135
28.540871620178223,1788289438.4198492,38.304652644996814,38.67334167709637,-0.368689032099553,1,32,118,6993.908646809282,3162.0870417266106,10155.995688535892,0.3772964978124242,1,32,28.537588357925415
28.59095764160156,1788289438.4699352,37.858508604206506,38.67334167709637,-0.8148330728898614,1,36,118,7008.927733623062,3163.604293473042,10172.532027096104,0.3780104530423113,1,36,28.587674379348755
28.64119529724121,1788289438.5201728,36.01019757807521,38.360450563204,-2.350252985128797,1,40,118,6995.327504074064,3165.22730033871,10160.554804412774,0.3769577820762232,1,40,28.637912034988403
28.690911293029785,1788289438.5698888,33.460803059273424,37.85982478097622,-4.399021721702795,5,168,117,7001.006982118822,3142.8288842664456,10143.835866385269,0.3803470549674054,5,168,28.687628030776978
28.74099898338318,1788289438.6199763,31.54875717017208,36.67083854818523,-5.122081378013149,5,216,118,7012.925175824789,3162.823435677271,10175.74861150206,0.3783605400585066,5,216,28.737715482711792
28.79123377799988,1788289438.6702113,30.975143403441685,34.4180225281602,-3.442879124718516,0,200,117,7066.86684659474,3135.0744273297787,10201.94127392452,0.3853964959898721,0,200,28.78795051574707
28.841222763061523,1788289438.7202003,30.78393881453155,32.7909887359199,-2.0070499213883544,0,104,118,7092.234295502759,3154.672850669309,10246.907146172069,0.384268285899751,0,104,28.837939500808716
28.89138436317444,1788289438.770362,30.592734225621417,31.8523153942428,-1.2595811686213845,0,60,118,7089.574187373623,3151.2232292163235,10240.797416589949,0.384574637886814,0,60,28.88810110092163
28.94129180908203,1788289438.820269,30.592734225621417,31.289111389236545,-0.6963771636151286,0,48,118,7111.845252311955,3138.8193395562384,10250.664591868192,0.387587153705868,0,48,28.938008308410645
28.99144577980041,1788289438.8704233,30.528999362651373,30.97622027534418,-0.4472209126928064,0,32,118,7113.675191041198,3150.005015930499,10263.680206971698,0.3861841069851669,0,32,28.988162517547607
29.041316270828247,1788289438.9202938,30.528999362651373,30.851063829787236,-0.3220644671358599,0,36,118,7120.802883932606,3142.664618822182,10263.46750275479,0.3876017792274066,0,36,29.03803300857544
29.09173893928528,1788289438.9707165,30.528999362651373,30.72590738423029,-0.1969080215789169,0,24,118,7120.740331563465,3137.5829801647,10258.323311728163,0.3882854176417786,0,24,29.08845567703247
29.14156579971313,1788289439.020543,30.528999362651373,30.663329161451813,-0.1343297988004401,0,24,118,7101.450166572156,3136.2057534468813,10237.655920019037,0.3873195626131085,0,24,29.138282299041748
29.191515922546387,1788289439.0704937,30.528999362651373,30.663329161451813,-0.1343297988004401,0,24,118,7095.955329107724,3147.888759233778,10243.844088341502,0.3854086938288364,0,24,29.188232898712158
29.24160885810852,1788289439.1205864,30.46526449968133,30.663329161451813,-0.1980646617704842,0,24,118,7091.761015620597,3133.4456019755085,10225.206617596106,0.3871134894069914,0,24,29.238325595855713
29.291683673858643,1788289439.1706612,30.46526449968133,30.663329161451813,-0.1980646617704842,1,28,118,7107.353477751947,3144.705925049605,10252.059402801551,0.3865221022441092,1,28,29.288400411605835
29.341876983642575,1788289439.2208543,30.46526449968133,30.663329161451813,-0.1980646617704842,0,28,117,7105.474490003487,3130.9855595779686,10236.460049581456,0.388267908161086,0,28,29.33859348297119
29.39187431335449,1788289439.270852,30.46526449968133,30.663329161451813,-0.1980646617704842,0,28,118,7099.408113140966,3135.7050544686817,10235.113167609648,0.3872651912844442,0,28,29.388591289520264
29.44176721572876,1788289439.3207448,30.46526449968133,30.663329161451813,-0.1980646617704842,0,28,118,7106.520830690144,3133.7572220843704,10240.278052774514,0.3879546617905934,0,28,29.438483953475952
29.49211072921753,1788289439.3710885,30.46526449968133,30.663329161451813,-0.1980646617704842,0,28,118,7102.1863638346895,3145.7645726294954,10247.950936464184,0.3860695485111547,0,28,29.4888277053833
29.54197573661804,1788289439.4209533,30.401529636711285,30.663329161451813,-0.2617995247405282,0,32,118,7096.778110489013,3125.5459390483693,10222.324049537385,0.388486233873633,0,32,29.538692474365234
29.59233903884888,1788289439.4713166,30.401529636711285,30.663329161451813,-0.2617995247405282,0,32,118,7094.023127583926,3131.0324316751576,10225.055559259084,0.38757644620524,0,32,29.58905577659607
29.64244294166565,1788289439.5214205,30.401529636711285,30.663329161451813,-0.2617995247405282,1,32,118,7117.127904239071,3138.517741269616,10255.645645508686,0.3879434119013101,1,32,29.639159679412842
29.69220995903015,1788289439.5711875,30.401529636711285,30.663329161451813,-0.2617995247405282,0,32,118,7114.470077102231,3131.6559812799887,10246.12605838222,0.3887141416305292,0,32,29.688926696777344
29.74225258827209,1788289439.62123,30.401529636711285,30.663329161451813,-0.2617995247405282,0,32,118,7107.78837681537,3131.735875403362,10239.524252218733,0.3883044176149555,0,32,29.738969087600708
29.79234027862549,1788289439.6713178,30.401529636711285,30.663329161451813,-0.2617995247405282,0,32,118,7108.353514149185,3116.5101449753583,10224.863659124543,0.390405535198658,0,32,29.78905701637268
29.8421893119812,1788289439.7211668,30.401529636711285,30.663329161451813,-0.2617995247405282,1,32,118,7098.724119382068,3118.7854668517857,10217.509586233851,0.3895214013689296,1,32,29.838906049728394
29.8924252986908,1788289439.7714028,30.401529636711285,30.663329161451813,-0.2617995247405282,1,32,118,7111.213335232236,3104.2666891099416,10215.480024342178,0.3922426196883803,1,32,29.88914203643799
29.94258117675781,1788289439.8215587,30.401529636711285,30.663329161451813,-0.2617995247405282,1,32,118,7093.479814836649,3113.173992929485,10206.653807766132,0.389971669155526,1,32,29.939297914505005
29.992566108703613,1788289439.8715436,30.401529636711285,30.663329161451813,-0.2617995247405282,0,32,118,7107.5164822183015,3124.421770441666,10231.938252659967,0.3892805657560689,0,32,29.989282846450806
30.042489767074585,1788289439.9214673,30.401529636711285,30.663329161451813,-0.2617995247405282,1,32,118,7098.445129353692,3123.9161425179195,10222.361271871612,0.3888073294545259,1,32,30.039206504821777
30.092612266540527,1788289439.9715898,29.636711281070745,30.663329161451813,-1.026617880381071,1,32,118,7096.393080198778,3118.6668064629303,10215.059886661707,0.3893982333798899,1,32,30.08932900428772
30.142889499664307,1788289440.021867,27.46972594008923,30.350438047559447,-2.8807121074702167,0,84,118,7109.956280564282,3108.985589423908,10218.94186998819,0.3915249486730858,0,84,30.1396062374115
30.192827224731445,1788289440.0718048,25.239005736137663,29.72465581977472,-4.485650083637058,9,188,117,7128.459647424264,3120.08865159222,10248.548299016484,0.3911159784666002,9,188,30.189543962478638
30.242964267730716,1788289440.1219418,24.219247928616955,27.909887359199,-3.690639430582042,3,216,117,7164.388482557826,3101.7809157218226,10266.16939827965,0.3957276964002555,3,216,30.239681005477905
30.293017387390137,1788289440.171995,24.155513065646907,26.095118898623284,-1.939605832976376,0,100,118,7211.391074281229,3086.78837278065,10298.17944706188,0.4005176568055772,0,100,30.28973412513733
30.343180179595947,1788289440.2221577,24.155513065646907,25.281602002503128,-1.1260889368562204,1,60,118,7293.191400067394,3134.4990197242787,10427.690419791674,0.3988124131926616,1,60,30.33989691734314
30.39295268058777,1788289440.2719302,24.02804333970682,24.84355444305382,-0.8155111033469993,0,48,118,7333.670966025059,3164.286805956215,10497.957771981271,0.3971614527919708,0,48,30.38966941833496
30.443188428878784,1788289440.322166,23.900573613766728,24.53066332916145,-0.6300897153947211,0,36,118,7385.501029049207,3247.316154456402,10632.81718350561,0.3891898829044343,0,36,30.439905166625977
30.49330711364746,1788289440.372285,23.77310388782664,24.28035043804756,-0.5072465502209198,0,32,118,7437.7877555431005,3272.4617391207,10710.2494946638,0.3889102694104095,0,32,30.490024089813232
30.54319310188293,1788289440.4221706,23.7093690248566,24.155193992490613,-0.4458249676340173,0,36,118,7457.470818613173,3287.905951197716,10745.37676981089,0.3880333800048631,0,36,30.539909839630127
30.59330105781555,1788289440.4722786,23.7093690248566,24.030037546933663,-0.3206685220770708,0,32,118,7501.703100130889,3342.4968021803084,10844.199902311197,0.3835420165082109,0,32,30.590017795562744
30.643486499786377,1788289440.522464,23.64563416188655,24.030037546933663,-0.3844033850471149,0,36,117,7487.187289911658,3352.728355439026,10839.915645350684,0.3814106188405562,0,36,30.64020323753357
30.693547010421756,1788289440.5725243,23.64563416188655,23.967459324155197,-0.3218251622686416,1,32,118,7492.583452208989,3352.437052619661,10845.02050482865,0.3817555160680392,1,32,30.690263509750366
30.74359631538391,1788289440.622574,23.581899298916507,23.90488110137672,-0.3229818024602124,0,32,118,7508.010443017565,3400.3686768762773,10908.379119893842,0.3765583979979294,0,32,30.740313291549683
30.793610095977783,1788289440.6725876,23.32695984703633,23.90488110137672,-0.5779212543403887,0,36,118,7500.582442293991,3377.711008932374,10878.293451226366,0.3789998359436447,0,36,30.790326833724976
30.843708753585812,1788289440.7226863,23.07202039515615,23.779724655819777,-0.7077042606636255,0,36,118,7536.936813425827,3433.325304293048,10970.262117718874,0.3740668604904832,0,36,30.840425491333008
30.893776893615723,1788289440.7727544,22.62587635436584,23.52941176470588,-0.9035354103400444,0,36,118,7607.483370604342,3499.7877831385704,11107.271153742911,0.3698204113871449,0,36,30.890493631362915
30.94392466545105,1788289440.8229022,22.179732313575524,23.216520650813514,-1.03678833723799,0,44,118,7742.123983761526,3693.960948842567,11436.084932604092,0.3539815468996484,0,44,30.940641403198242
30.99392604827881,1788289440.8729036,21.606118546845124,22.90362953692115,-1.297510990076027,0,60,118,7871.69199915856,3977.3312291464863,11849.023228305046,0.3286651308699599,0,60,30.990642786026
31.043901443481445,1788289440.922879,21.414913957934992,22.46558197747184,-1.0506680195368503,0,60,118,8150.127753725334,4491.909284473314,12642.037038198649,0.2893693839211593,0,60,31.040618181228638
31.094122648239136,1788289440.9731002,21.414913957934992,22.15269086357948,-0.7377769056444841,1,52,118,8338.73471007301,4977.682969035741,13316.41767910875,0.2523990927612762,1,52,31.090839385986328
31.14408540725708,1788289441.023063,21.414913957934992,22.090112640801003,-0.6751986828660108,2,56,117,8451.068989731186,5159.759306686199,13610.828296417383,0.2418155318226532,2,56,31.140802145004272
31.19421148300171,1788289441.073189,21.414913957934992,22.02753441802253,-0.6126204600875376,1,52,118,8458.267119936601,5168.013908181523,13626.281028118125,0.24146377173387,1,52,31.1909282207489
31.24443244934082,1788289441.12341,21.414913957934992,22.02753441802253,-0.6126204600875376,1,52,118,8448.338769224563,5184.832439062915,13633.171208287478,0.2393798390925944,1,52,31.241149187088013
31.29441261291504,1788289441.1733902,21.414913957934992,22.02753441802253,-0.6126204600875376,1,52,118,8448.080796300212,5195.459867950998,13643.54066425121,0.2384000611272209,1,52,31.29112935066223
31.34451174736023,1788289441.2234893,21.414913957934992,22.02753441802253,-0.6126204600875376,1,52,118,8445.834228256517,5206.2192134615125,13652.05344171803,0.2372987352141011,1,52,31.341228485107422
31.394555807113647,1788289441.273533,21.414913957934992,22.02753441802253,-0.6126204600875376,1,52,118,8458.446173659071,5210.118723835767,13668.564897494838,0.2376494880174768,1,52,31.39127230644226
31.444620847702023,1788289441.3235984,21.414913957934992,22.02753441802253,-0.6126204600875376,2,52,118,8457.199715269151,5210.371196974229,13667.57091224338,0.2375571006100594,2,52,31.44133758544922
31.494553565979004,1788289441.373531,21.351179094964944,22.02753441802253,-0.6763553230575852,1,52,118,8449.684334971598,5213.657451733265,13663.341786704865,0.2368400742479526,1,52,31.491270303726196
31.544821739196777,1788289441.4237993,21.351179094964944,22.02753441802253,-0.6763553230575852,2,56,118,8458.393265772154,5224.194299954195,13682.58756572635,0.2363733431474128,2,56,31.54153847694397
31.594894409179688,1788289441.473872,21.351179094964944,22.02753441802253,-0.6763553230575852,1,56,118,8461.531518303527,5230.864154014731,13692.395672318258,0.2359461004198261,1,56,31.59161114692688
31.644843578338623,1788289441.523821,21.351179094964944,22.02753441802253,-0.6763553230575852,2,56,118,8490.996623589832,5233.222610176176,13724.219233766007,0.2373740872193647,2,56,31.641560316085815
31.694971561431885,1788289441.573949,21.351179094964944,22.02753441802253,-0.6763553230575852,1,56,118,8539.630313745287,5324.091558208112,13863.7218719534,0.2319390698425852,1,56,31.691688299179077
31.744950532913208,1788289441.623928,21.351179094964944,22.02753441802253,-0.6763553230575852,1,56,118,8609.566853047463,5743.712181617531,14353.279034664994,0.1996655025314096,1,56,31.7416672706604
31.794937133789062,1788289441.673915,21.351179094964944,22.02753441802253,-0.6763553230575852,2,56,117,8758.814113373091,5882.074668402678,14640.88878177577,0.1964866674317772,2,56,31.791654109954834
31.84500527381897,1788289441.7239828,21.351179094964944,22.02753441802253,-0.6763553230575852,2,56,118,8854.522004886927,6046.154488573605,14900.67649346053,0.1884724842892758,2,56,31.841722011566162
31.895199298858643,1788289441.7741768,21.351179094964944,22.02753441802253,-0.6763553230575852,1,56,118,8884.52536272164,6049.208840656087,14933.734203377728,0.189859849080765,1,56,31.891916036605835
31.9452223777771,1788289441.8242,21.351179094964944,22.02753441802253,-0.6763553230575852,2,56,118,8913.615829754484,6079.302313298335,14992.91814305282,0.1890434863588892,2,56,31.941939115524292
31.99522471427917,1788289441.8742025,21.351179094964944,22.02753441802253,-0.6763553230575852,1,56,118,8926.416062117705,6093.2365370695925,15019.6525991873,0.1886314950587747,1,56,31.991941690444946
32.045268297195435,1788289441.9242458,21.351179094964944,22.02753441802253,-0.6763553230575852,2,56,118,8917.4544430732,6094.8435567698925,15012.297999843093,0.1880199078337513,2,56,32.04198503494263
32.09534311294556,1788289441.974321,21.351179094964944,22.02753441802253,-0.6763553230575852,2,56,118,8931.677298794959,6091.5697966944335,15023.247095489392,0.1890475131007626,2,56,32.09206008911133
32.145344257354736,1788289442.0243218,21.351179094964944,22.02753441802253,-0.6763553230575852,1,56,118,8939.824231452154,6085.609773830072,15025.434005282226,0.189958869515428,1,56,32.14206099510193
32.1955451965332,1788289442.0745227,21.351179094964944,22.02753441802253,-0.6763553230575852,2,56,117,8946.7302100369,6097.207765874184,15043.937975911083,0.1894133337112581,2,56,32.192261934280396
32.24555253982544,1788289442.12453,21.2874442319949,22.02753441802253,-0.7400901860276292,1,56,117,8943.267867200979,6113.557521313824,15056.825388514802,0.1879353896237403,1,56,32.24226927757263
32.29564547538757,1788289442.174623,21.2874442319949,22.02753441802253,-0.7400901860276292,2,60,117,8955.76551737686,6103.573717704933,15059.339235081792,0.1893968755964767,2,60,32.292362213134766
32.34576392173767,1788289442.2247417,21.2874442319949,22.02753441802253,-0.7400901860276292,2,60,117,8946.275234790995,6102.611909390625,15048.88714418162,0.188961701829216,2,60,32.34248089790344
32.39554023742676,1788289442.2745178,21.2874442319949,22.02753441802253,-0.7400901860276292,2,60,117,8980.894343405878,6093.1206038406,15074.014947246478,0.1915729651105844,2,60,32.39225697517395
32.44561433792114,1788289442.324592,21.2874442319949,22.02753441802253,-0.7400901860276292,1,60,117,9028.779276127576,6124.658127402976,15153.437403530552,0.1916476817364209,1,60,32.442331314086914
32.49608254432678,1788289442.37506,21.03250478011472,22.02753441802253,-0.995029637907809,1,64,118,9028.851816540624,6115.630293550312,15144.482110090936,0.1923619112104996,1,64,32.492799282073975
32.546040058135986,1788289442.4250176,19.88527724665392,21.90237797246558,-2.017100725811659,1,72,117,9211.34880809537,6350.648989112213,15561.997797207585,0.1838260007655621,1,72,32.54275679588318
32.59581136703491,1788289442.474789,18.54684512428298,21.526908635794744,-2.980063511511762,5,152,117,9510.904169376658,6767.590592716433,16278.49476209309,0.168523786551103,5,152,32.592528104782104
32.64619469642639,1788289442.5251722,18.35564053537285,20.713391739674595,-2.3577512043017457,8,152,117,10631.729693621392,8540.512557250706,19172.2422508721,0.1090752510325474,8,152,32.642911434173584
32.695993423461914,1788289442.574971,18.35564053537285,19.96245306633292,-1.6068125309600667,3,100,117,11388.413976653328,9612.365631570392,21000.77960822372,0.0845705911026013,3,100,32.692710161209106
32.74929976463318,1788289442.6282773,18.35564053537285,19.774718397997496,-1.419077862624647,4,100,118,11822.898608105355,10063.126644703943,21886.0252528093,0.0804061926765587,4,100,32.74601650238037
32.79647660255432,1788289442.675454,18.036966220522626,19.712140175219023,-1.6751739546963975,4,100,118,11841.574704301724,10112.582394029749,21954.157098331478,0.0787546660310353,4,100,32.793193101882935
32.846593141555786,1788289442.725571,17.909496494582537,19.58698372966208,-1.6774872350795391,4,104,117,12142.218170365712,10436.367638143636,22578.58580850935,0.0755516995922384,4,104,32.84331011772156
32.89697504043579,1788289442.7759526,17.909496494582537,19.336670838548184,-1.427174343965646,4,100,117,12393.26114121742,10721.362012995192,23114.62315421261,0.0723307975677521,4,100,32.89369177818298
32.946566343307495,1788289442.825544,17.909496494582537,19.27409261576971,-1.3645961211871729,4,96,117,12560.288412801085,10905.466647702233,23465.75506050332,0.0705207124523423,4,96,32.94328331947327
32.99719595909119,1788289442.8761735,17.845761631612493,19.27409261576971,-1.428330984157217,4,104,117,12575.8203519803,10930.566281104428,23506.38663308473,0.0699917897445034,4,104,32.99391269683838
33.04681086540222,1788289442.9257884,17.845761631612493,19.27409261576971,-1.428330984157217,4,104,117,12594.585187847111,10943.936963456856,23538.52215130397,0.0701253975835867,4,104,33.043527603149414
33.09700536727905,1788289442.975983,17.845761631612493,19.27409261576971,-1.428330984157217,4,104,118,12602.871546367176,10933.33477786617,23536.206324233342,0.0709348288972984,4,104,33.093722105026245
33.146976709365845,1788289443.0259542,17.845761631612493,19.27409261576971,-1.428330984157217,4,104,117,12617.75897921373,10945.981952238237,23563.74093145197,0.0709470126937302,4,104,33.14369344711304
33.19698977470398,1788289443.0759673,17.845761631612493,19.27409261576971,-1.428330984157217,4,104,118,12628.302244260894,10969.68674233776,23597.98898659865,0.0702863071452854,4,104,33.19370651245117
33.24708795547485,1788289443.1260655,17.845761631612493,19.27409261576971,-1.428330984157217,4,104,117,12636.587189201153,10967.879267962971,23604.46645716413,0.0706945833436415,4,104,33.243804693222046
33.29725646972656,1788289443.176234,17.845761631612493,19.27409261576971,-1.428330984157217,5,104,117,12645.762689046487,10959.219170951135,23604.98185999762,0.0714486258917007,5,104,33.293973207473755
33.34740853309631,1788289443.226386,17.845761631612493,19.27409261576971,-1.428330984157217,4,104,117,12645.520241233566,10993.93857849692,23639.458819730484,0.0698654599215345,4,104,33.344125270843506
33.397444009780884,1788289443.2764215,17.78202676864245,19.27409261576971,-1.492065847127261,5,108,118,12649.952922424858,10996.844860777746,23646.797783202604,0.0699083265651042,5,108,33.394160747528076
33.44733381271362,1788289443.326311,17.78202676864245,19.27409261576971,-1.492065847127261,5,108,118,12666.751747033592,10984.93984616112,23651.69159319471,0.0711074679054405,5,108,33.444050312042236
33.49731779098511,1788289443.376295,17.78202676864245,19.27409261576971,-1.492065847127261,5,108,118,12652.38117036513,10986.000973978244,23638.382144343374,0.0704946804824224,5,108,33.49403429031372
33.54763126373291,1788289443.4266088,17.78202676864245,19.27409261576971,-1.492065847127261,6,108,117,12679.509528738,11003.346653682822,23682.856182420823,0.0707753685680594,6,108,33.5443480014801
33.597591400146484,1788289443.476569,17.78202676864245,19.27409261576971,-1.492065847127261,4,108,117,12677.946791610872,11008.808406168831,23686.755197779705,0.0704671607193584,4,108,33.59430813789368
33.64756274223328,1788289443.5265405,17.78202676864245,19.27409261576971,-1.492065847127261,6,108,117,12681.43038902754,11020.392826354291,23701.82321538183,0.070080581885164,6,108,33.64427971839905
33.69755411148071,1788289443.5765316,17.78202676864245,19.27409261576971,-1.492065847127261,5,108,117,12693.685169610038,11013.693738688224,23707.378908298266,0.0708636512463117,5,108,33.694270849227905
33.74775528907776,1788289443.6267328,17.78202676864245,19.27409261576971,-1.492065847127261,5,108,117,12692.157742769536,11025.95478953172,23718.112532301257,0.0702502339074681,5,108,33.74447202682495
33.79794120788574,1788289443.6769187,17.718291905672405,19.27409261576971,-1.555800710097305,5,112,117,12694.970778403687,11011.539246103552,23706.51002450724,0.0710113606161279,5,112,33.794657945632935
33.84799289703369,1788289443.7269704,16.061185468451242,19.27409261576971,-3.212907147318468,5,112,117,12709.228904946276,11027.32153199636,23736.550436942634,0.0708572788374616,5,112,33.844709634780884
33.89798641204834,1788289443.776964,13.448056086679411,18.961201501877348,-5.513145415197934,12,228,117,13071.42299437832,11490.15986176065,24561.58285613897,0.0643795288715461,12,228,33.89470314979553
33.9482901096344,1788289443.8272676,12.173358827278522,17.647058823529413,-5.473699996250891,29,316,116,14454.140190111655,13115.398334086358,27569.53852419801,0.0485587328511238,29,316,33.94500684738159
33.998186349868774,1788289443.877164,11.982154238368388,16.14518147684606,-4.163027238477671,13,248,117,18034.38911706743,16814.265537758587,34848.654654826016,0.0350120712375871,13,248,33.99490308761597
34.04826617240906,1788289443.9272437,11.982154238368388,15.39424280350438,-3.412088565135992,16,216,117,19817.02612399667,18600.53568579176,38417.56180978843,0.0316649568816458,16,216,34.04498291015625
34.09823155403137,1788289443.977209,11.982154238368388,15.206508135168962,-3.224353896800574,24,216,117,20776.736573058857,19600.01637993158,40376.75295299044,0.0291435072675927,24,216,34.094948291778564
34.148253202438354,1788289444.0272307,11.982154238368388,15.081351689612015,-3.099197451243628,23,208,117,21126.061779744272,19933.28567248229,41059.34745222656,0.0290500502632147,23,208,34.14496994018555
34.19910907745361,1788289444.0780866,11.982154238368388,15.081351689612015,-3.099197451243628,20,212,117,21254.795677177688,20023.9088202328,41278.70449741049,0.0298189313819697,20,212,34.195825815200806
34.248982191085815,1788289444.1279595,11.918419375398342,15.081351689612015,-3.1629323142136734,20,212,116,21316.439853257667,20085.564356548617,41402.00420980629,0.0297298529431459,20,212,34.24569869041443
34.29857039451599,1788289444.177548,11.59974506054812,15.018773466833544,-3.419028406285424,19,212,116,21373.64178735719,20143.322144144196,41516.963931501385,0.0296341429311376,19,212,34.295287132263184
34.34849047660828,1788289444.227468,11.47227533460803,14.893617021276595,-3.421341686668565,20,228,116,21517.934196004782,20324.75911415647,41842.69331016125,0.0285157332728044,20,228,34.34520721435547
34.39924073219299,1788289444.2782185,11.408540471637986,14.580725907384233,-3.172185435746245,21,208,117,22401.24660822467,21334.17041933141,43735.41702755608,0.0243984455028959,21,208,34.395957708358765
34.449058055877686,1788289444.3280356,11.408540471637986,14.580725907384233,-3.172185435746245,20,216,117,22509.408243808983,21493.402455554104,44002.810699363086,0.0230895656915294,20,216,34.44577479362488
34.498913288116455,1788289444.3778908,11.344805608667942,14.580725907384233,-3.235920298716289,21,220,117,22554.342486606674,21633.069584770343,44187.41207137702,0.0208492160696846,21,220,34.49563002586365
34.54907989501953,1788289444.4280574,11.281070745697896,14.580725907384233,-3.299655161686335,28,220,116,22584.996555796053,21656.901637475712,44241.898193271765,0.0209777373083301,28,220,34.545796632766724
34.599250078201294,1788289444.4782276,11.281070745697896,14.580725907384233,-3.299655161686335,22,224,114,22661.122040207272,21754.293072717708,44415.41511292498,0.0204169873271245,22,224,34.595966815948486
34.64913773536682,1788289444.5281153,11.026131293817718,14.518147684605756,-3.492016390788038,28,220,116,22701.98130091382,21814.939582495263,44516.92088340908,0.0199259450297953,28,220,34.645854473114014
34.69932508468628,1788289444.5783026,9.36902485659656,14.392991239048811,-5.023966382452253,23,224,116,23051.66179091867,22230.773990140115,45282.43578105878,0.0181281723613005,23,224,34.69604182243347
34.749178647994995,1788289444.6281562,7.138304652644997,14.080100125156443,-6.941795472511448,43,348,116,23458.052132555284,22710.790213904864,46168.84234646015,0.0161854159790886,43,348,34.74589538574219
34.80163788795471,1788289444.6806154,5.608667941363926,12.828535669586984,-7.2198677282230594,55,408,115,26295.63906046506,26238.796305668173,52534.43536613323,0.0010820094363007,55,408,34.798354625701904
34.84944200515747,1788289444.7284195,4.716379859783301,11.639549436795996,-6.923169577012694,53,404,115,28920.056751642016,29280.68189947013,58200.738651112144,0.0061962297418578,53,404,34.84615874290466
34.89930367469788,1788289444.7782812,4.1427660930529,10.888610763454318,-6.745844670401419,102,428,115,31773.83704803771,32648.277612027174,64422.11466006488,0.0135736085132195,102,428,34.89602041244507
34.94945192337036,1788289444.8284297,3.4416826003824093,10.387984981226534,-6.946302380844125,66,396,115,33081.356983587284,34111.68682747057,67193.04381105785,0.0153338766253914,66,396,34.94616889953613
34.999537229537964,1788289444.8785148,2.995538559592097,10.075093867334168,-7.079555307742071,86,464,114,34416.355552424546,35727.71288188691,70144.06843431146,0.0186951991627121,86,464,34.996253967285156
35.04947876930237,1788289444.9284563,2.8680688336520075,9.637046307884855,-6.768977474232848,77,428,114,35535.31666081032,36949.44047344961,72484.75713425994,0.0195092577880888,77,428,35.04619550704956
35.09955191612244,1788289444.9785297,2.8680688336520075,9.449311639549435,-6.581242805897428,86,432,114,36466.77640741583,38037.71528629644,74504.49169371228,0.0210851566552353,86,432,35.09626889228821
35.14970684051514,1788289445.0286844,2.8680688336520075,9.449311639549435,-6.581242805897428,94,436,114,36622.94613868812,38202.19751495073,74825.14365363885,0.0211058916715598,94,436,35.14642357826233
35.19985628128052,1788289445.0788338,2.8680688336520075,9.449311639549435,-6.581242805897428,95,436,114,36764.28217930664,38393.05690594004,75157.33908524667,0.0216715326335059,95,436,35.19657301902771
35.25000286102295,1788289445.1289804,2.8680688336520075,9.449311639549435,-6.581242805897428,94,436,114,36834.42496583557,38468.98592081304,75303.4108866486,0.0217063335608782,94,436,35.24671959877014
35.29986596107483,1788289445.1788435,2.8680688336520075,9.449311639549435,-6.581242805897428,97,436,114,36915.48434849606,38589.02544426751,75504.50979276357,0.0221647832740693,97,436,35.29658269882202
35.349966287612915,1788289445.2289438,2.8680688336520075,9.449311639549435,-6.581242805897428,87,436,114,36962.05757575431,38645.68719931149,75607.7447750658,0.0222679518952193,87,436,35.34668302536011
35.40002942085266,1788289445.279007,2.8680688336520075,9.449311639549435,-6.581242805897428,87,436,114,36975.52816216701,38689.50609900401,75665.03426117101,0.0226521794851887,87,436,35.39674615859985
35.450191020965576,1788289445.3291686,3.250478011472276,9.449311639549435,-6.19883362807716,89,436,114,36995.0579787789,38766.13167913808,75761.18965791698,0.0233770576776324,89,436,35.44690775871277
35.49998927116394,1788289445.3789668,3.4416826003824093,9.449311639549435,-6.007629039167027,71,396,114,37034.55614986805,38809.06422244223,75843.62037231028,0.02339693258132,71,396,35.49670600891113
35.550164222717285,1788289445.4291418,3.5054174633524537,9.449311639549435,-5.943894176196982,76,400,114,37071.50852462095,38845.73244415237,75917.24096877332,0.0233705005199174,76,400,35.54688096046448
35.60031819343567,1788289445.4792955,3.632887189292543,9.449311639549435,-5.816424450256893,71,392,114,37118.23492598521,38915.56401810038,76033.79894408559,0.0236385543939071,71,392,35.59703469276428
35.65028381347656,1788289445.5292614,4.588910133843212,9.449311639549435,-4.860401505706223,66,384,114,37141.13710456155,38927.06030729343,76068.19741185498,0.0234779219633978,66,384,35.647000551223755
35.70050549507141,1788289445.579483,6.437221159974506,9.449311639549435,-3.0120904795749297,34,308,115,37171.34058871419,38996.26749203872,76167.6080807529,0.0239593568619055,34,308,35.6972222328186
35.750585317611694,1788289445.6295629,8.604206500956023,9.386733416770964,-0.782526915814941,16,152,117,37201.35575379431,39011.94815247256,76213.30390626687,0.0237569073360874,16,152,35.74730205535889
35.80053162574768,1788289445.6795092,10.64372211599745,9.574468085106384,1.0692540308910663,2,40,118,36769.30098066991,38467.59642476308,75236.89740543299,0.0225726405880544,2,40,35.79724836349487
35.85077881813049,1788289445.7297564,12.173358827278522,10.638297872340424,1.5350609549380962,0,1076,118,34749.77271466054,36298.817787904765,71048.5905025653,0.0218026151157537,0,1076,35.847495555877686
35.900580167770386,1788289445.7795577,13.5755258126195,11.95244055068836,1.623085261931141,0,1052,118,30512.016798546287,31321.93321097235,61833.95000951864,0.0130982480061743,0,1052,35.89729690551758
35.95063662528992,1788289445.8296142,15.551306564690886,12.95369211514393,2.597614449546956,0,1092,118,28235.819193742307,28580.54331249935,56816.36250624165,0.0060673387656447,0,1092,35.94735336303711
36.00095009803772,1788289445.8799276,18.54684512428298,14.14267834793492,4.404166776348061,0,1136,118,24613.448927548136,24388.563197151638,49002.01212469977,0.0045893162473454,0,1136,35.99766683578491
36.05092811584473,1788289445.9299057,22.562141491395792,15.83229036295369,6.729851128442101,0,1224,118,21471.755276137083,20889.20745348876,42360.96272962584,0.0137519967703876,0,1224,36.04764485359192
36.10091423988342,1788289445.9798918,26.76864244741874,18.02252816020025,8.74611428721849,5,1304,117,15584.572775550683,15018.650195368822,30603.22297091951,0.0184922542543844,5,1304,36.097630977630615
36.15088701248169,1788289446.0298643,30.592734225621417,20.90112640801001,9.691607817611406,6,1380,117,11290.64312331044,10717.876582349658,22008.519705660092,0.0260247644376318,6,1380,36.1476035118103
36.200968742370605,1788289446.0799465,33.58827278521351,24.09261576971214,9.495657015501372,0,1392,118,8489.506313782294,7132.482165439625,15621.98847922192,0.0868662878703043,0,1392,36.19768571853638
36.25124955177307,1788289446.130227,36.07393244104525,28.09762202753442,7.976310413510831,1,1352,118,7954.759032320474,6616.617038020093,14571.376070340568,0.0918336049965873,1,1352,36.247966289520264
36.301116943359375,1788289446.1800945,38.24091778202677,31.1639549436796,7.076962838347171,0,1312,118,3587.5209315182747,6289.742665794888,9877.263597313162,0.2735799958818228,0,1312,36.29783368110657
36.35117936134338,1788289446.230157,40.66284257488847,33.97997496871089,6.682867606177574,3,1308,117,5887.678171328938,6029.497460512748,11917.175631841686,0.011900411101174,3,1308,36.347896099090576
36.40128040313721,1788289446.280258,43.59464627151052,36.60826032540676,6.986385946103759,5,1284,117,5786.807398384248,5861.990284743902,11648.797683128148,0.0064541327272381,5,1284,36.3979971408844
36.451557636260986,1788289446.3305352,46.97259400892288,39.04881101376721,7.923782995155676,5,1312,117,5768.691141500056,5773.127393542835,11541.81853504289,0.0003843633504815,5,1312,36.44827437400818
36.50155425071716,1788289446.3805318,50.66921606118547,41.92740926157697,8.741806799608504,6,1340,117,5798.811319236018,5617.523768344159,11416.335087580175,0.015879662737745,6,1340,36.498270988464355
36.5513973236084,1788289446.4303749,54.302103250478005,44.99374217772216,9.30836107275585,6,1368,117,5845.85362229428,5553.090530500619,11398.944152794898,0.0256833517095422,6,1368,36.54811406135559
36.60151839256287,1788289446.480496,57.74378585086042,48.372966207759696,9.370819643100724,6,1376,117,6260.146231829403,5467.371858545185,11727.51809037459,0.0675995012051945,6,1376,36.59823513031006
36.65182495117188,1788289446.5308025,61.12173358827279,51.8773466833542,9.244386904918592,5,1356,117,6325.102166096726,5400.633702443909,11725.735868540636,0.0788409762949807,5,1356,36.64854168891907
36.70176839828491,1788289446.580746,64.43594646271511,55.319148936170215,9.116797526544891,7,1364,117,6357.346059864653,5332.295722980522,11689.641782845176,0.0876887723273451,7,1364,36.698485136032104
36.751726150512695,1788289446.6307037,67.87762906309752,58.63579474342928,9.241834319668236,5,1360,117,6381.398938051745,5325.353049862375,11706.75198791412,0.0902082737619808,5,1360,36.74844288825989
36.80197954177856,1788289446.680957,71.00063734862971,62.140175219023774,8.860462129605935,6,1372,117,6441.198186827305,5247.7865706876255,11688.98475751493,0.1020971145823786,6,1372,36.79869627952576
36.85219073295593,1788289446.7311685,73.48629700446145,65.5819774718398,7.904319532621642,3,1340,117,6458.577288016741,5209.793380983458,11668.370669000198,0.107022989109437,3,1340,36.848907709121704
36.901983976364136,1788289446.7809615,75.0159337157425,68.77346683354193,6.242466882200574,2,1316,117,6534.360302989681,5160.500338696189,11694.860641685873,0.1174755310376613,2,1316,36.89870071411133
36.9524142742157,1788289446.8313918,75.46207775653282,71.52690863579474,3.935169120738081,0,1220,118,6778.987164072566,5146.55835135711,11925.545515429676,0.1368850431708439,0,1220,36.94913101196289
37.00217294692993,1788289446.8811505,75.33460803059273,73.34167709637046,1.9929309342222723,0,1132,117,6816.348942180529,5116.210281654123,11932.55922383465,0.1424789626964909,0,1132,36.998889684677124
37.05237364768982,1788289446.9313512,75.27087316762268,74.15519399249061,1.1156791751320725,1,1096,117,6805.359096753271,5092.485508305461,11897.844605058732,0.143965032769005,1,1096,37.04909038543701
37.10243844985962,1788289446.981416,75.1434034416826,74.53066332916146,0.6127401125211378,0,1072,118,6806.805538115105,5048.246916220045,11855.05245433515,0.1483383248339817,0,1072,37.09915518760681
37.152413845062256,1788289447.0313914,75.07966857871256,74.71839799749687,0.3612705812156918,0,1056,118,6790.095263102011,5054.585530005901,11844.680793107913,0.1465222882245973,0,1056,37.14913058280945
37.20251870155335,1788289447.0814962,75.07966857871256,74.71839799749687,0.3612705812156918,0,1056,118,6780.082778210621,5010.441743149797,11790.524521360418,0.1500901025950827,0,1056,37.19923543930054
37.25249624252319,1788289447.1314738,75.0159337157425,74.71839799749687,0.2975357182456406,0,1056,118,6767.350513777855,4982.2280464982005,11749.578560276055,0.1519307656969879,0,1056,37.249212980270386
37.302570819854736,1788289447.1815484,74.88846398980242,74.71839799749687,0.1700659923055525,0,1052,118,6759.535686017317,4968.641108674272,11728.17679469159,0.1527001688918639,0,1052,37.29928755760193
37.35275912284851,1788289447.231737,73.23135755258127,74.71839799749687,-1.4870404449155927,0,0,118,6761.025806472524,4951.325878608133,11712.351685080655,0.154512089162214,0,0,37.34947609901428
37.402827501297,1788289447.281805,69.8534098151689,74.6558197747184,-4.802409959549493,5,152,117,6745.662285968459,4931.4070629214,11677.06934888986,0.1553690544125731,5,152,37.39954423904419
37.45286750793457,1788289447.331845,65.51943913320586,73.27909887359199,-7.759659740386127,7,244,117,6734.4600891784485,4922.998227518197,11657.458316696646,0.1553908075369865,7,244,37.44958424568176
37.5029079914093,1788289447.3818855,61.057998725302745,70.90112640801001,-9.84312768270727,8,324,117,6805.267051274449,4898.885260298731,11704.15231157318,0.1628808084709107,8,324,37.499624729156494
37.55316948890686,1788289447.432147,57.36137667304016,67.64705882352942,-10.285682150489263,9,384,117,7329.577449806793,4873.419185173285,12202.996634980078,0.2012750095818999,9,384,37.54988622665405
37.60291409492493,1788289447.4818916,55.19439133205864,63.82978723404256,-8.63539590198392,6,364,117,8072.405590908893,4864.766745120734,12937.172336029627,0.2479397168463917,6,364,37.59963083267212
37.65295648574829,1788289447.531934,53.40981516889739,60.0125156445557,-6.60270047565831,0,284,118,5192.913854674574,4845.394498654551,10038.308353329125,0.0346193147080176,0,284,37.64967322349548
37.703187704086304,1788289447.5821652,52.19885277246655,57.133917396745936,-4.935064624279391,0,216,118,5875.727592256813,4820.755928861563,10696.483521118376,0.098627895916671,0,216,37.699904441833496
37.753175020217896,1788289447.6321526,50.92415551306565,54.943679599499376,-4.019524086433727,0,180,117,5866.756240722692,4827.042847221152,10693.799087943844,0.0972258207724988,0,180,37.74989175796509
37.80340528488159,1788289447.6823828,49.1395793499044,53.31664580725908,-4.177066457354677,2,168,117,5883.9178412629,4804.445308991205,10688.363150254105,0.1009951212451114,2,168,37.800122022628784
37.8535590171814,1788289447.7325366,46.8451242829828,51.68961201501877,-4.844487732035979,4,200,117,5885.112953066903,4804.749674703685,10689.862627770588,0.1010642808034411,4,200,37.85027575492859
37.90351581573486,1788289447.7824934,43.78585086042065,50.0,-6.214149139579348,4,220,117,5896.845716003012,4792.770688156034,10689.616404159044,0.1032848126727364,4,220,37.900232553482056
37.95357847213745,1788289447.832556,40.152963671128106,47.74718397997496,-7.594220308846857,7,276,117,5919.068792814798,4779.062655466237,10698.131448281034,0.1065612385545829,7,276,37.950295209884644
38.00367450714111,1788289447.882652,36.45634161886552,45.18147684605757,-8.725135227192055,7,320,117,6018.807329829581,4747.085531840503,10765.892861670083,0.1181250653642302,7,320,38.000391244888306
38.05378293991089,1788289447.9327605,33.20586360739324,42.11514392991239,-8.909280322519152,6,356,117,6044.653608305599,4756.854114495635,10801.507722801234,0.1192240497214577,6,356,38.05049967765808
38.10379576683045,1788289447.9827733,30.975143403441685,38.67334167709637,-7.698198273654683,4,328,117,6181.726410882055,4746.857959208373,10928.584370090428,0.1312949969623383,4,328,38.10051250457764
38.154173374176025,1788289448.033151,29.636711281070745,35.54443053817272,-5.907719257101977,1,292,117,6238.381956090462,4738.867673348981,10977.249629439444,0.1366020026291462,1,292,38.15089011192322
38.203840255737305,1788289448.0828178,28.999362651370294,32.7909887359199,-3.7916260845496055,0,184,118,6307.986874490397,4683.246293687165,10991.23316817756,0.1478215006399166,0,184,38.2005569934845
38.25395488739014,1788289448.1329324,28.999362651370294,31.10137672090113,-2.102014069530828,0,124,117,6341.145392477388,4706.475151390252,11047.62054386764,0.1479658207481171,0,124,38.25067162513733
38.30405426025391,1788289448.1830318,28.999362651370294,30.10012515644556,-1.1007625050752594,1,64,118,6422.182467676768,4713.922593152904,11136.105060829672,0.1533983260029152,1,64,38.3007709980011
38.354037284851074,1788289448.2330148,28.999362651370294,29.662077596996244,-0.6627149456259467,1,44,118,6436.136656279295,4684.138635185327,11120.275291464624,0.157549878503342,1,44,38.35075402259827
38.40417432785034,1788289448.283152,28.999362651370294,29.411764705882355,-0.4124020545120572,0,36,118,6432.916955294431,4681.5631148197845,11114.480070114216,0.1575740681909063,0,36,38.40089130401611
38.454269886016846,1788289448.3332474,28.87189292543021,29.28660826032541,-0.4147153348951988,0,28,118,6438.067263441707,4670.040286004112,11108.10754944582,0.1591654536623388,0,28,38.45098662376404
38.50416851043701,1788289448.383146,27.533460803059278,29.161451814768466,-1.627991011709188,0,28,118,6440.983104692157,4675.530224023607,11116.513328715764,0.1588135441809886,0,28,38.500885248184204
38.55445981025696,1788289448.433437,24.665391969407267,28.785982478097623,-4.120590508690356,4,116,117,6475.110773115451,4663.039952295203,11138.150725410656,0.1626904560275142,4,116,38.55117630958557
38.604506731033325,1788289448.4834845,21.66985340981517,27.659574468085108,-5.989721058269939,6,224,117,6492.743467238857,4659.443798900575,11152.187266139432,0.164389247112501,6,224,38.6012237071991
38.654316425323486,1788289448.533294,19.566602931803697,25.53191489361702,-5.965311961813324,6,248,117,6862.343817793997,4761.670652350305,11624.014470144302,0.1807183887149457,6,248,38.65103316307068
38.70459842681885,1788289448.583576,18.674314850223077,23.09136420525657,-4.417049355033498,4,248,117,7850.827356691409,5610.029674666939,13460.857031358348,0.1664676830609164,4,248,38.70131516456604
38.75459837913513,1788289448.633576,18.036966220522626,21.339173967459324,-3.3022077469366984,2,140,118,10762.990618114074,8702.856242499807,19465.84686061388,0.1058332776562949,2,140,38.751315116882324
38.80459785461426,1788289448.6835754,17.97323135755258,20.40050062578223,-2.4272692682296477,6,164,117,12016.366176777903,9873.762316782222,21890.12849356013,0.0978799124283814,6,164,38.80131459236145
38.854841232299805,1788289448.7338188,17.39961759082218,19.899874843554443,-2.5002572527322613,6,128,118,13519.20702686705,11182.927265725144,24702.134292592196,0.0945780527896539,6,128,38.851557970047
38.904916286468506,1788289448.7838938,16.252390057361378,19.524405506883603,-3.2720154495222253,0,152,117,14027.099580010006,11615.944157149252,25643.04373715926,0.0940276609740658,0,152,38.9016330242157
38.95489501953125,1788289448.8338726,14.977692797960485,18.961201501877348,-3.983508703916863,13,204,117,15311.649315089928,12718.108776558443,28029.75809164837,0.0925281099484138,13,204,38.95161175727844
39.00533652305603,1788289448.884314,14.08540471637986,18.21026282853567,-4.12485811215581,19,248,116,16772.07338478108,13866.822773658016,30638.896158439096,0.0948223002584527,19,248,39.00205326080322
39.05499267578125,1788289448.9339702,13.83046526449968,17.334167709637047,-3.5037024451373657,13,212,117,19331.551463142096,15969.587858919596,35301.13932206169,0.0952366883558746,13,212,39.05170941352844
39.10516548156738,1788289448.984143,13.702995538559591,16.83354192740926,-3.130546388849668,20,192,117,20577.319412457928,17113.454070797026,37690.77348325496,0.0919022089902136,20,192,39.101882219314575
39.155009508132935,1788289449.033987,13.702995538559591,16.64580725907384,-2.942811720514248,16,200,116,21511.46300283148,17924.01192693642,39435.47492976789,0.0909701501575443,16,200,39.15172624588013
39.20525479316712,1788289449.0842323,13.702995538559591,16.520650813516895,-2.8176552749573016,22,192,117,21866.46524496945,18287.45589007605,40153.9211350455,0.0891322504433999,22,192,39.20197153091431
39.255314350128174,1788289449.134292,13.639260675589547,16.520650813516895,-2.8813901379273457,16,196,116,21964.35345144292,18416.915196885977,40381.26864832889,0.087848608359751,16,196,39.252031087875366
39.30552959442139,1788289449.1845071,13.639260675589547,16.520650813516895,-2.8813901379273457,24,200,116,22022.61522602396,18490.397774306864,40513.01300033083,0.0871872317096793,24,200,39.30224633216858
39.35541868209839,1788289449.2343962,13.001912045889105,16.520650813516895,-3.5187387676277915,22,200,117,22070.17113539467,18539.950752500867,40610.12188789554,0.0869295687572422,22,200,39.35213541984558
39.40552043914795,1788289449.284498,11.47227533460803,16.33291614518148,-4.860640810573448,22,256,116,22189.154639430744,18681.20372598528,40870.358365416025,0.0858311757895875,22,256,39.40223717689514
39.4555230140686,1788289449.3345006,9.94263862332696,15.707133917396746,-5.764495294069786,40,328,116,23821.51017359093,20215.10196742631,44036.61214101724,0.0818956779557863,40,328,39.452239751815796
39.5062518119812,1788289449.385229,9.177820267686425,14.705882352941178,-5.528062085254753,39,320,116,25689.78063613632,22407.36177825465,48097.14241439097,0.0682456107184353,39,320,39.502968311309814
39.55583190917969,1788289449.4348094,9.050350541746337,13.829787234042554,-4.779436692296219,40,308,116,28356.538123184742,25644.87384117829,54001.41196436304,0.0502146922342688,40,308,39.55254864692688
39.60566210746765,1788289449.4846396,9.050350541746337,13.391739674593245,-4.341389132846908,32,288,116,28895.107434319525,27033.439223117497,55928.54665743702,0.0332865472547457,32,288,39.602378845214844
39.6557457447052,1788289449.5347233,9.050350541746337,13.266583229036296,-4.216232687289962,45,284,117,29167.26919021729,27799.77055504581,56967.0397452631,0.0240050850682511,45,284,39.65246248245239
39.70579123497009,1788289449.5847688,9.050350541746337,13.266583229036296,-4.216232687289962,34,284,116,29267.36647878986,27918.86895095557,57186.23542974543,0.0235808060751079,34,284,39.702507972717285
39.75642371177673,1788289449.6354012,9.050350541746337,13.266583229036296,-4.216232687289962,35,284,116,29360.319355831325,28049.704343135305,57410.02369896663,0.0228290275504556,35,284,39.753140449523926
39.805909395217896,1788289449.684887,8.922880815806247,13.266583229036296,-4.34370241323005,39,284,116,29417.88259044113,28134.808387004334,57552.69097744547,0.0222939046228025,39,284,39.80262613296509
39.85592412948608,1788289449.7349017,7.966857871255577,13.20400500625782,-5.237147135002244,35,288,117,29511.004934518078,28262.71844010055,57773.72337461863,0.0216064747346009,35,288,39.852640867233276
39.90621972084045,1788289449.7851973,5.289993626513703,13.016270337922403,-7.7262767114087,44,352,116,29642.058631257885,28487.719357997263,58129.77798925515,0.0198579680361757,44,352,39.90293645858765
39.95616316795349,1788289449.8351407,2.613129381771829,12.3279098873592,-9.71478050558737,83,468,114,31652.953921612858,30735.03274560184,62387.9866672147,0.0147131078441002,83,468,39.952879905700684
40.00635099411011,1788289449.8853283,2.103250478011472,11.076345431789738,-8.973094953778265,96,500,114,34358.757547436144,33696.55659736116,68055.3141447973,0.0097303341905976,96,500,40.00306749343872
40.05630803108215,1788289449.9352856,2.294455066921606,10.075093867334168,-7.780638800412562,107,500,113,37950.58660154906,37745.20084587701,75695.78744742606,0.0027133049618474,107,500,40.053024768829346
40.10646462440491,1788289449.9854422,2.294455066921606,9.637046307884855,-7.342591240963249,106,476,113,39738.03561732611,39640.0652653007,79378.10088262681,0.0012342239350154,106,476,40.1031813621521
40.15648102760315,1788289450.0354586,2.294455066921606,9.574468085106384,-7.2800130181847775,106,480,113,40201.61238595053,40541.898827704994,80743.51121365553,0.0042144122374617,106,480,40.15319776535034
40.2066445350647,1788289450.085622,2.294455066921606,9.574468085106384,-7.2800130181847775,104,480,113,40333.21549743165,40925.94907809152,81259.16457552317,0.007294359765525,104,480,40.20336127281189
40.25654363632202,1788289450.1355212,2.294455066921606,9.574468085106384,-7.2800130181847775,110,480,113,40472.85289485322,41257.10011815018,81729.9530130034,0.0095955912659362,110,480,40.253260374069214
40.3065927028656,1788289450.1855702,2.294455066921606,9.574468085106384,-7.2800130181847775,109,480,113,40547.74003578254,41370.70846350731,81918.44849928985,0.0100461915820086,109,480,40.30330944061279
40.35659384727478,1788289450.2355714,2.294455066921606,9.574468085106384,-7.2800130181847775,109,480,113,40645.66033028865,41550.00720070905,82195.6675309977,0.0110023666403019,109,480,40.35331058502197
40.40689945220947,1788289450.285877,2.294455066921606,9.574468085106384,-7.2800130181847775,107,480,113,40676.65223631038,41621.88069223676,82298.53292854714,0.0114853621600647,107,480,40.403616189956665
40.45689582824707,1788289450.3358734,2.294455066921606,9.574468085106384,-7.2800130181847775,109,480,113,40758.62712087585,41731.37020924164,82489.99733011749,0.0117922550593978,109,480,40.45361256599426
40.50703001022339,1788289450.3860075,2.294455066921606,9.574468085106384,-7.2800130181847775,102,480,113,40795.13936604588,41778.74530357441,82573.88466962028,0.0119118283155014,102,480,40.50374674797058
40.55687952041626,1788289450.435857,2.294455066921606,9.574468085106384,-7.2800130181847775,101,480,113,40875.843237184665,41896.19654245162,82772.03977963628,0.0123272702712587,101,480,40.55359625816345
40.60695290565491,1788289450.4859304,2.294455066921606,9.574468085106384,-7.2800130181847775,114,480,113,40882.88461299092,41954.28051517828,82837.1651281692,0.0129337586641171,114,480,40.6036696434021
40.65717434883118,1788289450.536152,2.3581899298916507,9.574468085106384,-7.216278155214733,110,480,113,40948.88103294945,42056.32462510994,83005.20565805939,0.013341857096561,110,480,40.65389108657837
40.70728349685669,1788289450.586261,2.5493945188017846,9.574468085106384,-7.025073566304599,100,476,114,40977.37529333455,42114.1222258497,83091.49751918425,0.0136806648869542,100,476,40.70400023460388
40.75729966163635,1788289450.6362772,4.525175270873167,9.574468085106384,-5.049292814233216,97,464,114,41004.05718498072,42147.27583505872,83151.33302003943,0.0137486509062035,97,464,40.754016399383545
40.80728340148926,1788289450.686261,8.094327597195667,9.574468085106384,-1.4801404879107167,37,292,116,41048.69886467845,42184.848238587765,83233.54710326622,0.0136501376362071,37,292,40.80400013923645
40.85736298561096,1788289450.7363403,11.918419375398342,9.574468085106384,2.343951290291958,3,64,118,40993.66022950788,42132.128863751685,83125.78909325956,0.0136957332575399,3,64,40.854079484939575
40.90746688842773,1788289450.7864444,14.404079031230085,10.638297872340424,3.7657811588896575,0,1136,118,39129.557166379294,40406.90481559172,79536.46198197102,0.0160599002945588,0,1136,40.90418362617493
40.95755982398987,1788289450.8365374,16.12492033142129,12.891113892365455,3.233806439055833,0,1124,113,31998.228984303383,32938.197013386685,64936.42599769007,0.0144752042423267,0,1124,40.95427656173706
41.00764513015747,1788289450.886623,17.208413001912046,14.831038798498122,2.377374203413924,0,1132,118,27592.02665164954,27672.146786017744,55264.17343766728,0.0014497662659982,0,1132,41.00436210632324
41.05777645111084,1788289450.936754,17.463352453792226,16.14518147684606,1.318170976946167,0,1100,118,22545.779092856494,22962.764302966258,45508.54339582275,0.0091627896433186,0,1100,41.05449318885803
41.107757568359375,1788289450.986735,17.52708731676227,17.146433041301627,0.3806542754606425,0,0,118,20143.827548604717,20603.68705392192,40747.51460252663,0.0112855841590075,0,0,41.10447430610657
41.15795540809631,1788289451.036933,18.54684512428298,17.39674593241552,1.1500991918674617,0,1044,118,18886.19379638728,19245.66643554669,38131.86023193397,0.0094270942191894,0,1044,41.154672145843506
41.2080602645874,1788289451.0870378,20.7138304652645,17.83479349186483,2.8790369733996712,0,1104,118,18056.01948257995,18385.411131040884,36441.43061362083,0.0090389329648824,0,1104,41.204777002334595
41.25807809829712,1788289451.1370556,24.02804333970682,18.71088861076345,5.317154728943365,3,1188,118,15574.862190920772,16038.860837704942,31613.723028625715,0.0146771275994297,3,1188,41.25479483604431
41.30817914009094,1788289451.187157,28.107074569789678,20.463078848560706,7.643995721228972,4,1276,118,12796.38744313402,13441.449176126936,26237.836619260957,0.0245851722591862,4,1276,41.304896116256714
41.35798096656799,1788289451.2369585,33.1421287444232,22.778473091364205,10.363655653058991,9,1352,117,8529.64878918816,8753.538913445716,17283.187702633877,0.0129542147033117,9,1352,41.354697704315186
41.4081621170044,1788289451.2871397,38.62332695984704,25.71964956195244,12.903677397894594,10,1448,117,7626.275137041197,7370.280515274499,14996.555652315696,0.0170702278377614,10,1448,41.40487885475159
41.45816946029663,1788289451.337147,44.04079031230083,29.91239048811013,14.128399824190694,7,1488,117,4882.945010232122,6619.847187327693,11502.792197559816,0.1509983095638322,7,1488,41.45488619804382
41.5084240436554,1788289451.3874016,48.88463989802422,34.54317897371715,14.341460924307071,11,1508,117,5910.478781992523,6399.243156088563,12309.721938081086,0.039705557652282,11,1508,41.50514078140259
41.55852270126343,1788289451.4375002,53.34608030592735,39.54943679599499,13.796643509932352,9,1524,117,6023.522721953344,6168.632539434562,12192.155261387908,0.0119019003917031,9,1524,41.55523943901062
41.60846185684204,1788289451.4874394,57.61631612492033,44.55569461827284,13.060621506647491,6,1472,118,6283.761116272164,6055.363625509206,12339.12474178137,0.0185100236477538,6,1472,41.60517859458923
41.65856599807739,1788289451.5375435,61.376673040152966,49.3116395494368,12.065033490716168,6,1472,117,6804.120746254638,5925.914707585425,12730.035453840064,0.0689869279511156,6,1472,41.655282735824585
41.70847487449646,1788289451.5874524,64.75462077756534,53.87984981226533,10.874770965300002,2,1424,117,6793.05159527439,5830.904662351453,12623.956257625843,0.0762159590296208,2,1424,41.70519161224365
41.75880575180054,1788289451.6377833,67.87762906309752,58.1351689612015,9.742460101896016,7,1420,117,6899.522335341949,5719.491014219257,12619.013349561206,0.0935121699640427,7,1420,41.75552248954773
41.80876350402832,1788289451.687741,70.87316762268962,62.01501877346684,8.858148849222786,3,1364,118,6997.994766136884,5672.392538613725,12670.38730475061,0.1046220763138108,3,1364,41.80548024177551
41.85883355140686,1788289451.737811,74.12364563416189,65.45682102628285,8.666824607879036,4,1364,117,7369.403389759537,5599.628377371761,12969.0317671313,0.1364616144185175,4,1364,41.85555028915405
41.90892839431763,1788289451.787906,78.0114722753346,68.64831038798498,9.36316188734962,6,1348,117,7475.213854076062,5558.179150520943,13033.393004597005,0.1470863882397286,6,1348,41.90564513206482
41.95889735221863,1788289451.837875,82.40917782026769,71.90237797246559,10.5067998478021,6,1388,117,7589.568288086853,5486.567990831175,13076.136278918028,0.1608273462740087,6,1388,41.95561408996582
42.00946497917175,1788289451.8884425,86.9980879541109,75.46933667083854,11.528751283272356,7,1416,117,7671.450467703101,5438.190599008958,13109.641066712058,0.1703524800816115,7,1416,42.006181716918945
42.05887722969055,1788289451.9378548,90.94964945825367,79.34918648310388,11.600462975149796,8,1448,117,7894.903184877532,5382.560233168615,13277.463418046147,0.1892185933869153,8,1448,42.055593967437744
42.10911202430725,1788289451.9880896,93.05289993626512,83.54192740926158,9.51097252700356,6,1440,117,7912.611214005162,5356.943488360641,13269.554702365804,0.1925963442608119,6,1440,42.10582876205444
42.15916395187378,1788289452.0381415,93.30783938814533,87.73466833541927,5.573171052726053,0,1340,118,7920.453126306281,5309.6755354098495,13230.128661716131,0.1973357672968977,0,1340,42.15588068962097
42.209243059158325,1788289452.0882206,93.30783938814533,90.42553191489364,2.8823074732517,0,1152,118,7918.934513128987,5282.306187511951,13201.240700640938,0.1997257974009234,0,1152,42.20595979690552
42.2596607208252,1788289452.1386385,93.30783938814533,91.67709637046308,1.6307430176822493,1,1108,118,7908.31443388967,5251.977094313436,13160.291528203106,0.2018448705246066,1,1108,42.25637769699097
42.30933737754822,1788289452.188315,93.30783938814533,92.36545682102629,0.94238256711904,1,1080,118,7892.353442160932,5205.354816281225,13097.708258442157,0.205150288345123,1,1080,42.30605411529541
42.359331130981445,1788289452.238309,93.30783938814533,92.67834793491863,0.6294914532266773,0,1064,118,7875.675622158433,5193.168677951991,13068.844300110424,0.2052596911100836,0,1064,42.35604810714722
42.409443378448486,1788289452.288421,93.24410452517527,92.86608260325406,0.3780219219212171,0,1056,118,7862.287996059163,5166.559852908476,13028.847848967638,0.2069045685696826,0,1056,42.40616011619568
42.45958113670349,1788289452.338559,93.24410452517527,92.86608260325406,0.3780219219212171,1,1060,118,7848.51775592719,5138.597332665073,12987.115088592262,0.2086622321259385,1,1060,42.45629811286926
42.509541273117065,1788289452.3885188,93.24410452517527,92.86608260325406,0.3780219219212171,0,1060,117,7841.387307138516,5122.013326351126,12963.400633489642,0.2097731959129737,0,1060,42.50625801086426
42.55970335006714,1788289452.438681,92.79796048438496,92.86608260325406,-0.0681221188690983,1,1060,118,7816.562510858992,5096.556163779327,12913.11867463832,0.2106389955527803,1,1060,42.55642008781433
42.610010862350464,1788289452.4889884,90.75844486934352,92.86608260325406,-2.107637733910522,0,24,118,7822.539937827067,5097.457509376953,12919.99744720402,0.2109197342790374,0,24,42.606727600097656
42.66130042076111,1788289452.540278,87.25302740599108,92.74092615769712,-5.487898751706041,6,184,118,7809.644213987505,5068.179729422877,12877.823943410382,0.2128825876647772,6,184,42.6580171585083
42.71017837524414,1788289452.589156,82.34544295729765,91.17647058823528,-8.83102763093764,6,268,117,7791.217258343504,5055.577636934279,12846.794895277784,0.2129433561996688,6,268,42.70689511299133
42.75998973846436,1788289452.6389673,76.73677501593372,88.36045056320401,-11.623675547270295,8,340,117,7761.127224896139,5020.667147617338,12781.794372513476,0.2144033926231832,8,340,42.75670647621155
42.80995917320252,1788289452.6889367,70.80943275971957,84.73091364205257,-13.921480882333,10,432,117,7724.137551861419,5024.767971202097,12748.905523063517,0.2117334367076455,10,432,42.80667591094971
42.86015224456787,1788289452.7391298,64.88209050350542,80.35043804755945,-15.468347544054026,13,496,117,7711.927399564071,5000.980561675071,12712.907961239143,0.2132436454471712,13,496,42.85686898231506
42.91016268730164,1788289452.7891402,59.27342256214149,75.3441802252816,-16.07075766314012,6,500,117,7680.83706759549,4969.372881272232,12650.209948867723,0.2143414375953461,6,500,42.90687942504883
42.96006178855896,1788289452.839039,54.49330783938815,70.0250312891114,-15.531723449723245,7,500,117,9048.396989091858,4964.344693835883,14012.74168292774,0.2914527640391553,7,500,42.95677828788757
43.0103759765625,1788289452.8893535,50.15933715742512,64.8936170212766,-14.734279863851484,5,500,117,5773.850802892209,4953.179501017643,10727.03030390985,0.0765049858743703,5,500,43.00709271430969
43.060513496398926,1788289452.939491,46.39898024219248,59.57446808510638,-13.175487842913904,7,500,117,6264.30044106623,4949.568239373803,11213.868680440031,0.1172416263430718,7,500,43.05723023414612
43.11048078536987,1788289452.9894583,43.02103250478012,54.50563204005007,-11.48459953526995,4,460,118,6277.667903145645,4933.110683044014,11210.77858618966,0.1199343301417053,4,460,43.107197523117065
43.16182661056519,1788289453.040804,40.280433397068194,49.74968710888611,-9.469253711817911,3,400,117,6263.947354820415,4898.464813434036,11162.41216825445,0.1223286258206598,3,400,43.1585431098938
43.2105815410614,1788289453.089559,38.177182919056726,45.86983729662077,-7.692654377564047,2,340,118,6257.040999488567,4904.793227897604,11161.83422738617,0.1211492433988267,2,340,43.207298278808594
43.26061534881592,1788289453.139593,36.96622052262588,42.490613266583225,-5.52439274395735,0,268,118,6285.570879969309,4890.368744975531,11175.93962494484,0.124839806031134,0,268,43.25733208656311
43.310457706451416,1788289453.1894352,36.45634161886552,40.05006257822278,-3.593720959357263,2,196,118,6301.141500381453,4881.275976444306,11182.417476825758,0.1269730384221167,2,196,43.30717444419861
43.36063838005066,1788289453.239616,36.45634161886552,38.360450563204,-1.904108944338489,0,100,118,6279.636764683541,4869.685957690553,11149.322722374094,0.1264606686972604,0,100,43.35735511779785
43.41077399253845,1788289453.2897515,36.39260675589547,37.546933667083856,-1.1543269111883845,0,64,118,6309.39575604894,4864.453732460745,11173.849488509684,0.1293146131128811,0,64,43.407490730285645
43.46092414855957,1788289453.3399017,36.39260675589547,37.10888610763454,-0.7162793517390682,0,48,118,6294.359309988343,4842.522869995275,11136.88217998362,0.1303629163467727,0,48,43.45764088630676
43.51120853424072,1788289453.390186,36.39260675589547,37.04630788485607,-0.6537011289605985,1,56,118,6300.517999334628,4844.282854523603,11144.800853858233,0.1306649767821458,1,56,43.507925271987915
43.56103563308716,1788289453.4400132,36.32887189292543,36.79599499374218,-0.4671231008167495,0,32,118,6303.221034174504,4823.826882067804,11127.047916242307,0.1329547749989651,0,32,43.55775237083435
43.61099910736084,1788289453.4899766,36.32887189292543,36.60826032540676,-0.2793884324813334,0,28,118,6319.063453434077,4814.822672922939,11133.886126357016,0.1351047391216064,0,28,43.60771584510803
43.66117262840271,1788289453.5401502,36.32887189292543,36.54568210262829,-0.2168102097028565,0,28,118,6295.323583853357,4796.984481708239,11092.308065561596,0.1350791100724137,0,28,43.6578893661499
43.71131443977356,1788289453.590292,36.32887189292543,36.54568210262829,-0.2168102097028565,0,28,118,6292.213590326811,4806.993958682241,11099.207549009052,0.1338131236024297,0,28,43.70803117752075
43.76123595237732,1788289453.6402135,36.32887189292543,36.54568210262829,-0.2168102097028565,0,28,118,6284.910533462907,4780.442050378499,11065.352583841406,0.1359620917350039,0,28,43.75795269012451
43.81126141548157,1788289453.690239,36.32887189292543,36.54568210262829,-0.2168102097028565,0,28,102,6280.322372470166,4796.569543345583,11076.891915815748,0.1339502850078422,0,28,43.80797815322876
43.86139941215515,1788289453.740377,36.26513702995538,36.54568210262829,-0.2805450726729006,0,28,118,6272.576114261196,4766.091062138957,11038.667176400151,0.1364734553590847,0,28,43.858116149902344
43.91157793998718,1788289453.7905557,36.26513702995538,36.54568210262829,-0.2805450726729006,0,32,118,6274.113409410534,4771.606116801919,11045.719526212451,0.136026203548174,0,32,43.908294916152954
43.96146368980408,1788289453.8404412,36.26513702995538,36.48310387984981,-0.2179668498944238,0,24,118,6284.121240226712,4763.204834615624,11047.326074842336,0.1376728083617097,0,24,43.95818042755127
44.01166653633118,1788289453.890644,35.24537922243467,36.42052565707134,-1.175146434636666,0,24,118,6265.039511540857,4756.698232046379,11021.737743587237,0.1368514942548033,0,24,44.00838327407837
44.06152081489563,1788289453.9404984,32.69598470363289,36.23279098873592,-3.536806285103033,2,116,118,6295.268885955927,4754.424742728621,11049.693628684548,0.1394467751782129,2,116,44.05823755264282
44.11170840263367,1788289453.990686,30.210325047801145,35.41927409261577,-5.208949044814627,7,200,118,6312.107511388975,4747.521018557663,11059.628529946636,0.1414682679978638,7,200,44.10842514038086
44.16202449798584,1788289454.041002,28.999362651370294,33.479349186483105,-4.479986535112808,5,256,117,6393.840175463241,4737.993191129149,11131.83336659239,0.1487488116111614,5,256,44.15874123573303
44.21186017990112,1788289454.0908377,28.489483747609945,31.289111389236545,-2.7996276416266,0,124,118,6417.038461130903,4729.797251831806,11146.835712962707,0.1513650378229757,0,124,44.208576917648315
44.26186847686768,1788289454.140846,28.29827915869981,30.037546933667088,-1.7392677749672814,0,100,118,6479.506802315362,4731.038983770492,11210.545786085851,0.1559663420415274,0,100,44.25858521461487
44.312018394470215,1788289454.190996,28.23454429572976,29.28660826032541,-1.0520639645956464,0,56,118,6452.014166748095,4731.007169690217,11183.021336438313,0.1538946359200994,0,56,44.30873513221741
44.3621563911438,1788289454.241134,28.23454429572976,28.848560700876096,-0.6140164051463337,0,40,118,6520.455053785147,4722.26437908619,11242.719432871338,0.1599426798325525,0,40,44.35887312889099
44.412171363830566,1788289454.291149,28.17080943275972,28.66082603254068,-0.490016599780958,0,36,118,6521.87290920132,4718.261268592811,11240.13417779413,0.1604617535769014,0,36,44.40888810157776
44.46228861808777,1788289454.3412662,28.17080943275972,28.53566958698373,-0.3648601542240115,0,32,118,6536.981059012948,4711.698404692017,11248.679463704964,0.1622663940429982,0,32,44.45900535583496
44.512473821640015,1788289454.3914514,28.17080943275972,28.410513141426787,-0.2397037086670685,0,24,118,6551.814660913623,4707.136765145366,11258.95142605899,0.1638410031238545,0,24,44.50919055938721
44.562480449676514,1788289454.441458,28.17080943275972,28.410513141426787,-0.2397037086670685,0,28,118,6530.316218125591,4711.448702382506,11241.764920508096,0.1617955479948674,0,28,44.559197187423706
44.6124541759491,1788289454.4914317,28.17080943275972,28.410513141426787,-0.2397037086670685,0,28,118,6541.034804035563,4708.954568989664,11249.989373025226,0.1628517302815225,0,28,44.60917091369629
44.66251969337464,1788289454.5414972,28.17080943275972,28.410513141426787,-0.2397037086670685,0,28,118,6532.761698461739,4687.913546830085,11220.675245291824,0.1644150740754884,0,28,44.659236431121826
44.71279430389404,1788289454.5917718,28.107074569789678,28.410513141426787,-0.3034385716371126,0,28,118,6538.104341425273,4695.143733257128,11233.2480746824,0.1640630204118635,0,28,44.709511041641235
44.76260852813721,1788289454.641586,28.107074569789678,28.410513141426787,-0.3034385716371126,0,32,118,6528.707550374587,4685.441956364448,11214.149506739035,0.1643696290032915,0,32,44.7593252658844
44.81271958351135,1788289454.6916971,28.107074569789678,28.410513141426787,-0.3034385716371126,0,32,118,6532.199041560589,4676.81086429174,11209.009905852328,0.1655264999186176,0,32,44.809436321258545
44.86291551589966,1788289454.741893,28.107074569789678,28.410513141426787,-0.3034385716371126,0,32,117,6532.764789906422,4682.217051337995,11214.981841244418,0.1650067529991729,0,32,44.85963225364685
44.91275215148926,1788289454.7917297,27.59719566602932,28.410513141426787,-0.8133174753974686,0,32,118,6525.459591632796,4670.901312847911,11196.360904480707,0.1656393800277288,0,32,44.90946888923645
44.96303176879883,1788289454.8420093,25.55768005098789,28.222778473091363,-2.6650984221034726,0,44,118,6534.486068357991,4676.652425430705,11211.138493788696,0.1657132006670492,0,44,44.95974850654602
45.01291036605835,1788289454.891888,23.32695984703633,27.659574468085108,-4.332614621048776,5,176,117,6586.846401658098,4666.3777062243225,11253.22410788242,0.1706594196492155,5,176,45.00962710380554
45.0631594657898,1788289454.942137,22.24346717654557,26.032540675844807,-3.789073499299239,2,192,118,6726.679860750812,4699.828481424408,11426.50834217522,0.1773815166130233,2,192,45.05987620353699
45.11315441131592,1788289454.992132,22.11599745060548,24.28035043804756,-2.1643529874420797,1,140,118,7763.186739985082,5543.107413837775,13306.294153822855,0.1668442994332486,1,140,45.10987114906311
45.16329288482666,1788289455.0422704,22.11599745060548,23.404255319148938,-1.2882578685434574,1,80,118,8513.514488107641,6409.232918691968,14922.747406799608,0.1410116724522757,1,80,45.16000962257385
45.21327304840088,1788289455.0922506,22.11599745060548,23.028785982478094,-0.912788531872618,2,64,118,9094.851656954776,7063.647646911719,16158.499303866494,0.1257049910295208,2,64,45.20998978614807
45.26330542564392,1788289455.142283,22.11599745060548,22.84105131414268,-0.7250538635371981,1,56,118,9302.772032483304,7307.4693587970705,16610.241391280375,0.1201248450689991,1,56,45.26002216339111
45.31344771385193,1788289455.1924253,22.11599745060548,22.84105131414268,-0.7250538635371981,1,60,118,9336.834216591047,7443.238750686282,16780.07296727733,0.1128478683970831,1,60,45.31016445159912
45.363380908966064,1788289455.2423584,22.11599745060548,22.84105131414268,-0.7250538635371981,2,60,118,9325.489491202685,7468.450267263401,16793.939758466084,0.1105779376755903,2,60,45.36009764671326
45.41341805458069,1788289455.2923956,21.988527724665392,22.84105131414268,-0.8525235894772862,2,60,118,9294.685104966944,7509.023381382212,16803.708486349155,0.1062659308232674,2,60,45.41013479232788
45.46379852294922,1788289455.342776,21.733588272785216,22.84105131414268,-1.1074630413574624,2,68,118,9299.982538194325,7521.201009729431,16821.183547923752,0.1057465144112554,2,68,45.46051526069641
45.51365351676941,1788289455.392631,21.54238368387508,22.71589486858573,-1.1735111847106516,2,68,117,9440.446098002123,7726.090442347624,17166.53654034975,0.0998661350019514,2,68,45.5103702545166
45.56383681297302,1788289455.4428144,21.47864882090504,22.46558197747184,-0.9869331565668062,2,72,118,9756.218968017149,8003.738572132523,17759.95754014967,0.0986759338766896,2,72,45.560553550720215
45.61380362510681,1788289455.4927812,21.47864882090504,22.34042553191489,-0.8617767110098562,1,64,118,10023.3022886422,8269.302733419621,18292.60502206182,0.0958857173763476,1,64,45.610520362854004
45.66394400596619,1788289455.5429215,21.414913957934992,22.34042553191489,-0.9255115739799002,2,72,118,10032.7179476606,8279.947095637348,18312.665043297948,0.0957135866286556,2,72,45.66066074371338
45.71400475502014,1788289455.5929823,21.351179094964944,22.34042553191489,-0.9892464369499478,2,72,118,10034.649063559182,8303.843783290706,18338.492846849887,0.0943809992851068,2,72,45.710721492767334
45.76400446891785,1788289455.642982,21.2874442319949,22.34042553191489,-1.052981299919992,3,80,118,10040.061526184089,8311.42881005973,18351.49033624382,0.094195767452758,3,80,45.76072120666504
45.81389546394348,1788289455.692873,20.140216698534097,22.215269086357942,-2.075052387823849,2,68,118,10287.110866021196,8528.38708188065,18815.497947901844,0.0934720829079447,2,68,45.810612201690674
45.86395978927612,1788289455.742937,18.291905672402805,21.90237797246558,-3.6104723000627743,7,172,117,10531.917330246237,8733.248776656346,19265.16610690258,0.0933637708395069,7,172,45.860676288604736
45.91415095329285,1788289455.7931285,17.52708731676227,21.151439299123904,-3.6243519823616346,11,224,117,12129.024357476868,10074.049218978107,22203.07357645497,0.0925536336860108,11,224,45.91086769104004
45.96416163444519,1788289455.8431392,17.590822179732314,19.899874843554443,-2.309052663822129,6,152,118,13985.497949851902,11709.674608157144,25695.17255800905,0.0885700742642179,6,152,45.96087837219238
46.01414132118225,1788289455.8931189,17.590822179732314,19.524405506883603,-1.9335833271512897,8,128,117,15292.68152022311,12842.695077475551,28135.37659769866,0.087078501837006,8,128,46.01085805892944
46.064430236816406,1788289455.9434078,17.590822179732314,19.524405506883603,-1.9335833271512897,9,136,118,15367.148407611228,12893.46836931804,28260.616776929262,0.0875309996883221,9,136,46.0611469745636
46.11414885520935,1788289455.9931264,17.590822179732314,19.39924906132666,-1.8084268815943467,6,124,118,15676.466529325522,13162.918265438757,28839.38479476428,0.0871567920666288,6,124,46.11086559295654
46.164464712142944,1788289456.0434422,17.590822179732314,19.336670838548184,-1.74584865881587,5,124,118,15894.584757742685,13318.835122501025,29213.419880243702,0.0881700823046593,5,124,46.16118144989014
46.21429657936096,1788289456.093274,17.590822179732314,19.336670838548184,-1.74584865881587,7,124,117,15941.42183860845,13339.63686221899,29281.05870082744,0.0888555636929869,7,124,46.211013317108154
46.26453733444214,1788289456.1435149,17.52708731676227,19.336670838548184,-1.809583521785914,7,128,117,15956.216904094055,13358.882766161489,29315.099670255546,0.0886005562712768,7,128,46.26125407218933
46.31463360786438,1788289456.1936111,17.208413001912046,19.336670838548184,-2.1282578366361378,7,128,117,15993.082315508798,13376.239564415326,29369.32187992412,0.0891012316114202,7,128,46.31135034561157
46.36467409133911,1788289456.2436516,17.144678138942,19.21151439299124,-2.0668362540492358,7,160,116,16158.278534757756,13501.106302660955,29659.384837418715,0.0895895935354827,7,160,46.361390829086304
46.41484236717224,1788289456.29382,17.144678138942,18.961201501877348,-1.8165233629353457,6,128,117,16867.784018139366,14098.89102329067,30966.675041430037,0.0894152501404887,6,128,46.411559104919434
46.46470546722412,1788289456.343683,17.080943275971958,18.961201501877348,-1.88025822590539,8,140,118,16939.46137329747,14141.2686601261,31080.73003342357,0.0900298258812534,8,140,46.46142220497131
46.51493573188782,1788289456.3939133,17.01720841300191,18.961201501877348,-1.943993088875437,9,136,118,17015.75106711579,14167.890714405246,31183.64178152104,0.0913254575159385,9,136,46.51165246963501
46.56507229804993,1788289456.4440498,17.01720841300191,18.89862327909887,-1.8814148660969607,8,132,118,17048.780049883866,14171.090606234462,31219.870656118328,0.0921749316435892,8,132,46.56178903579712
46.61508297920227,1788289456.4940605,17.01720841300191,18.89862327909887,-1.8814148660969607,8,136,117,17139.854077122618,14192.945260450142,31332.79933757276,0.094051884254679,8,136,46.61179971694946
46.66529560089111,1788289456.5442731,17.01720841300191,18.89862327909887,-1.8814148660969607,9,136,117,17167.840427511084,14187.362626035614,31355.2030535467,0.095055286243421,9,136,46.662012338638306
46.71543478965759,1788289456.5944123,17.01720841300191,18.89862327909887,-1.8814148660969607,10,136,117,17189.11016574292,14181.7459558091,31370.856121552024,0.0958649071699301,10,136,46.712151527404785
46.76514482498169,1788289456.6441224,17.01720841300191,18.89862327909887,-1.8814148660969607,8,136,118,17208.791385254033,14170.818892103754,31379.610277357788,0.0968135826512272,8,136,46.76186156272888
46.815489768981934,1788289456.6944673,16.953473550031866,18.89862327909887,-1.9451497290670048,10,136,117,17211.977330171037,14202.09516819755,31414.072498368587,0.0958131793364199,10,136,46.812206506729126
46.86568021774292,1788289456.7446578,16.953473550031866,18.89862327909887,-1.9451497290670048,8,140,117,17262.309604616246,14222.500124480095,31484.80972909634,0.0965484468952322,8,140,46.86239695549011
46.91545653343201,1788289456.794434,16.698534098151686,18.89862327909887,-2.2000891809471845,11,140,117,17291.59165541837,14243.074947109131,31534.666602527504,0.0966719181380183,11,140,46.9121732711792
46.96550965309143,1788289456.8444872,15.16889738687062,18.71088861076345,-3.5419912238928344,6,136,117,17635.761517494906,14531.76196202039,32167.523479515294,0.0964948252062731,6,136,46.96222639083862
47.01576662063599,1788289456.8947442,13.448056086679411,18.39799749687109,-4.949941410191675,24,260,116,18665.6150417712,15352.12510753432,34017.74014930552,0.0974047635055652,24,260,47.01248335838318
47.06577944755554,1788289456.944757,12.938177182919055,17.334167709637047,-4.395990526717991,21,280,117,20646.264145888515,17070.052667344877,37716.3168132334,0.0948186827534778,21,280,47.062496185302734
47.11575102806091,1788289456.9947286,12.810707456978967,16.39549436795995,-3.584786910980984,24,228,116,23691.90832009869,19652.29559272432,43344.20391282301,0.0931984524505083,24,228,47.112467765808105
47.16588306427002,1788289457.0448606,12.68323773103888,16.082603254067585,-3.399365523028706,23,212,117,24591.940261527707,20453.970822297084,45045.91108382479,0.0918611554227503,23,212,47.16259980201721
47.21632099151611,1788289457.0952983,12.68323773103888,15.894868585732166,-3.2116308546932864,19,216,116,25311.38703594977,21124.417044922488,46435.80408087226,0.0901668459048385,19,216,47.21303749084473
47.26598739624024,1788289457.144965,12.68323773103888,15.83229036295369,-3.1490526319148118,21,216,117,25562.25563397416,21358.04161309853,46920.29724707269,0.0896033117338769,21,216,47.26270413398743
47.31596565246582,1788289457.1949432,12.68323773103888,15.83229036295369,-3.1490526319148118,19,216,117,25672.520911147185,21457.747219573328,47130.26813072051,0.0894281712950106,19,216,47.31268239021301
47.36617469787598,1788289457.2451522,12.619502868068832,15.83229036295369,-3.212787494884859,26,216,117,25706.042359011848,21492.231536624608,47198.273895636456,0.0892789179473958,26,216,47.36289143562317
47.41631817817688,1788289457.2952957,12.619502868068832,15.83229036295369,-3.212787494884859,21,220,116,25792.426030664425,21558.669576082146,47351.095606746574,0.0894120062129893,21,220,47.41303491592407
47.466142416000366,1788289457.34512,12.492033142128744,15.83229036295369,-3.340257220824947,22,220,116,25828.39785617484,21586.974968453946,47415.37282462878,0.0894524841849982,22,220,47.46285915374756
47.51627326011658,1788289457.3952508,11.536010197578076,15.83229036295369,-4.296280165375615,31,228,116,25884.23197968061,21630.22362621208,47514.4556058927,0.0895308238139837,31,228,47.51298999786377
47.56645178794861,1788289457.445429,9.11408540471638,15.5819774718398,-6.467892067123421,34,300,116,26114.55573974608,21864.56078471142,47979.116524457495,0.0885801003206929,34,300,47.56316828727722
47.61644411087036,1788289457.4954216,7.202039515615041,14.893617021276595,-7.691577505661554,56,404,116,28330.206241080832,24214.656546804446,52544.86278788528,0.0783244921751944,56,404,47.613160848617554
47.66651582717896,1788289457.5454934,6.373486297004462,13.32916145181477,-6.955675154810308,68,428,115,31359.85419539497,27580.4765708946,58940.33076628957,0.0641220973035657,68,428,47.66323256492615
47.71679759025574,1788289457.5957751,5.927342256214149,12.265331664580724,-6.337989408366576,65,388,115,35260.498168368766,31609.045180585188,66869.54334895396,0.0546056217062636,65,388,47.71351432800293
47.76696467399597,1788289457.6459422,5.863607393244105,11.702127659574469,-5.838520266330364,68,380,115,36729.59546271879,33075.378837939206,69804.974300658,0.0523489430572734,68,380,47.763681411743164
47.81678295135498,1788289457.6957605,5.79987253027406,11.639549436795996,-5.839676906521936,70,384,115,37398.769319697065,33817.50721930666,71216.27653900372,0.0502871292130671,70,384,47.81349968910217
47.86673331260681,1788289457.7457108,5.736137667304015,11.639549436795996,-5.9034117694919805,66,388,116,37546.057883619935,33958.347824276105,71504.40570789605,0.0501746713901804,66,388,47.863450050354004
47.91714119911194,1788289457.7961187,5.736137667304015,11.639549436795996,-5.9034117694919805,69,392,115,37675.71790715068,34102.56841785341,71778.2863250041,0.0497803677440619,69,392,47.91385793685913
47.96713423728943,1788289457.8461118,5.736137667304015,11.639549436795996,-5.9034117694919805,78,392,114,37755.77220455048,34155.84562484813,71911.6178293986,0.0500604309618332,78,392,47.96385097503662
48.01703882217407,1788289457.8960164,5.736137667304015,11.639549436795996,-5.9034117694919805,72,392,114,37835.27995558474,34264.449546430726,72099.72950201546,0.049526266378769,72,392,48.013755559921265
48.06707215309143,1788289457.9460497,5.79987253027406,11.639549436795996,-5.839676906521936,74,392,114,37882.77295976656,34292.49340293858,72175.26636270514,0.0497439044947283,74,392,48.06378889083862
48.11751174926758,1788289457.9964893,6.309751434034416,11.639549436795996,-5.32979800276158,76,388,116,37942.81146056452,34352.69368745815,72295.50514802267,0.0496589347533531,76,388,48.11422848701477
48.16746544837952,1788289458.046443,6.373486297004462,11.576971214017522,-5.203484917013061,54,332,115,38007.80224720092,34395.57715695394,72403.37940415487,0.0498902830223375,54,332,48.16418218612671
48.21740508079529,1788289458.0963826,6.437221159974506,11.576971214017522,-5.1397500540430165,54,348,115,38046.45263799896,34445.66529188908,72492.11792988803,0.0496714325492937,54,348,48.21412181854248
48.267409801483154,1788289458.146387,7.074569789674952,11.576971214017522,-4.502401424342571,60,344,115,38073.11548282352,34470.53729824646,72543.65278106998,0.0496608324293967,60,344,48.26412630081177
48.31736183166504,1788289458.1963394,9.751434034416825,11.576971214017522,-1.8255371796006976,40,280,116,38108.27720125007,34559.331222237466,72667.60842348753,0.0488380731939089,40,280,48.31407856941223
48.367475271224976,1788289458.2464528,13.702995538559591,11.576971214017522,2.1260243245420707,7,128,118,38135.369123714205,34559.23086449133,72694.59998820553,0.0491940014774562,7,128,48.36419200897217
48.4180109500885,1788289458.2969885,18.674314850223077,12.3279098873592,6.346404962863874,0,1136,118,36032.94844372492,32477.11092781361,68510.05937153853,0.0519024147479943,0,1136,48.41472768783569
48.46802091598511,1788289458.3469985,24.091778202676863,14.518147684605756,9.573630518071107,0,1244,118,31488.91615447388,27795.39781064288,59284.31396511676,0.0623017809737039,0,1244,48.4647376537323
48.51790308952332,1788289458.3968806,29.44550669216061,17.521902377972467,11.923604314188143,3,1388,117,21486.94520156024,18270.72173108705,39757.66693264729,0.0808956792138162,3,1388,48.51461982727051
48.56815123558045,1788289458.4471288,34.73550031867432,21.4017521902378,13.333748128436522,5,1448,117,13967.793859667938,12191.97293184108,26159.766791509017,0.0678836681527014,5,1448,48.56486797332764
48.61785650253296,1788289458.496834,39.96175908221797,25.344180225281605,14.617578856936367,8,1524,117,8539.4776335607,7032.325391579698,15571.803025140398,0.0967872660312831,8,1524,48.61457324028015
48.6679744720459,1788289458.546952,45.25175270873167,30.287859824780977,14.963892883950695,9,1520,117,8199.388049422432,6755.956699431799,14955.344748854232,0.0965160866720386,9,1520,48.66469120979309
48.71805596351624,1788289458.5970335,50.54174633524538,35.41927409261577,15.122472242629604,8,1524,117,6823.895336569071,6364.075794517745,13187.971131086815,0.0348665869435697,8,1524,48.71477270126343
48.76856827735901,1788289458.6475458,55.95920968769917,40.42553191489361,15.53367777280556,7,1524,117,3207.937976995017,6209.5216994951,9417.459676490116,0.3187254127557647,7,1524,48.7652850151062
48.81817841529846,1788289458.697156,61.376673040152966,45.68210262828536,15.694570411867607,6,1524,117,5949.813111133391,5997.708312633844,11947.521423767235,0.0040087981265448,6,1524,48.814895153045654
48.86853790283203,1788289458.7475154,66.47546207775653,50.87609511889863,15.599366958857908,5,1524,117,6139.753221021859,5911.136283948079,12050.88950496994,0.0189709595278834,5,1524,48.865254640579224
48.91841244697571,1788289458.79739,71.06437221159975,56.19524405506884,14.869128156530904,9,1524,117,6575.78033434528,5787.394971168609,12363.175305513889,0.0637688412316742,9,1524,48.9151291847229
48.96870708465576,1788289458.8476846,75.58954748247291,61.3892365456821,14.200310936790808,9,1524,118,6624.257165290294,5704.644130860364,12328.90129615066,0.0745900232583622,9,1524,48.965423822402954
49.01856541633606,1788289458.897543,79.79604843849586,66.45807259073842,13.337975847757434,7,1524,117,6692.657388304661,5594.6222653067725,12287.279653611433,0.0893635657324001,7,1524,49.01528215408325
49.0689971446991,1788289458.9479747,83.4289356277884,71.46433041301627,11.964605214772137,6,1488,117,6762.439371312333,5542.17919456698,12304.618565879313,0.099170906453706,6,1488,49.06571388244629
49.11858582496643,1788289458.9975634,85.91459528362014,76.0325406758448,9.882054607775345,6,1452,117,7001.223096528803,5487.253752482673,12488.476849011477,0.1212293030087146,6,1452,49.11530256271362
49.16857647895813,1788289459.047554,87.12555768005099,80.16270337922403,6.962854300826962,0,1340,118,7016.386422574443,5446.685977635935,12463.072400210378,0.1259481125145362,0,1340,49.16529321670532
49.21866703033447,1788289459.0976446,87.76290630975143,83.29161451814768,4.471291791603747,0,1260,118,7037.119166176128,5389.647153084371,12426.7663192605,0.132574474385851,0,1260,49.215383768081665
49.268883228302,1788289459.1478608,87.69917144678139,85.29411764705883,2.405053799722566,0,1160,118,7035.491369496445,5358.1920204741655,12393.68338997061,0.1353350167376074,0,1160,49.265599966049194
49.31904149055481,1788289459.198019,87.69917144678139,86.35794743429287,1.3412240124885244,1,1092,118,7021.282045604956,5301.950762296816,12323.232807901772,0.1395195002893793,1,1092,49.315758228302
49.36913800239563,1788289459.2481155,87.69917144678139,86.85857321652065,0.8405982302607384,0,1076,118,6992.592477225662,5279.492021909174,12272.084499134837,0.1395932741041067,0,1076,49.36585474014282
49.419025182724,1788289459.2980027,87.31676226896113,87.10888610763455,0.2078761613265811,0,1052,117,6984.185233367183,5242.856045059576,12227.04127842676,0.1424162353471388,0,1052,49.41574192047119
49.46918249130249,1788289459.34816,87.63543658381134,87.17146433041302,0.4639722533983246,0,1044,118,6960.010398905128,5223.49437890381,12183.504777808936,0.142530088974415,0,1044,49.46589922904968
49.5192449092865,1788289459.3982224,87.25302740599108,87.2340425531915,0.0189848527995764,0,1052,117,6951.454357567369,5201.37854020259,12152.832897769958,0.1440055855360208,0,1052,49.51596164703369
49.56949830055237,1788289459.4484758,87.12555768005099,87.29662077596996,-0.1710630959189671,0,0,118,6921.736338679481,5157.730100660686,12079.466439340167,0.1460334565998556,0,0,49.56621503829956
49.61914539337158,1788289459.498123,87.06182281708095,87.29662077596996,-0.2347979588890041,0,28,118,6923.460947011099,5149.89729823224,12073.35824524334,0.1468989499651107,0,28,49.615862131118774
49.66924858093262,1788289459.548226,87.06182281708095,87.2340425531915,-0.1722197361105486,0,24,118,6900.230660561119,5130.789090773388,12031.019751334508,0.147073282760712,0,24,49.66596531867981
49.71948289871216,1788289459.5984604,86.23326959847036,87.2340425531915,-1.0007729547211426,0,28,118,6898.93939236852,5110.148482315238,12009.08787468376,0.1489531035761854,0,28,49.71619963645935
49.769444942474365,1788289459.6484225,83.30146590184832,87.10888610763455,-3.807420205786229,1,96,118,6877.012967475578,5083.340442914581,11960.353410390158,0.1499681876459272,1,96,49.76616168022156
49.81949615478516,1788289459.6984737,78.26641172721479,86.2953692115144,-8.02895748429961,7,204,117,6870.274000159794,5054.122191673023,11924.396191832817,0.1523055573858472,7,204,49.81621289253235
49.86959290504456,1788289459.7485704,71.89292543021033,84.29286608260325,-12.399940652392928,10,368,117,6863.986845430316,5054.65859295594,11918.645438386257,0.151806533873983,10,368,49.86630964279175
49.91967105865479,1788289459.7986486,64.81835564053537,80.66332916145181,-15.84497352091644,19,460,117,6830.868375942262,5040.956796939076,11871.825172881336,0.1507697049895797,19,460,49.91638779640198
49.96979832649231,1788289459.848776,57.36137667304016,75.90738423028786,-18.546007557247705,9,500,117,6791.511581566776,5029.664929178625,11821.1765107454,0.1490415654301954,9,500,49.96651530265808
50.019864559173584,1788289459.898842,50.47801147227533,70.77596996245306,-20.29795849017773,7,500,117,7410.67560049964,5002.957802783178,12413.633403282816,0.1939575400285089,7,500,50.016581296920776
50.07016396522522,1788289459.9491415,44.29572976418101,65.64455569461826,-21.348825930437258,6,500,117,7753.872440851002,4988.905669117385,12742.778109968389,0.2169830430909447,6,500,50.06688070297241
50.11999821662903,1788289459.9989758,39.133205863607394,60.38798498122653,-21.254779117619137,9,500,117,6359.774447063548,4971.023586358591,11330.79803342214,0.1225642586346166,9,500,50.11671495437622
50.170140981674194,1788289460.0491185,34.41682600382409,55.06883604505632,-20.65201004123223,5,500,117,6340.0480424584,4962.220268612481,11302.268311070882,0.1219071903023483,5,500,50.16685771942139
50.21989631652832,1788289460.098874,30.46526449968133,49.87484355444305,-19.409579054761725,6,500,117,6377.582391968573,4953.9269039174205,11331.509295885991,0.1256368812730024,6,500,50.21661329269409
50.27043986320496,1788289460.1494174,27.151051625239003,44.680851063829785,-17.529799438590782,7,500,117,6336.524338491169,4924.627835303401,11261.15217379457,0.1253776240119854,7,500,50.26715660095215
50.32042574882507,1788289460.1994033,24.155513065646907,39.361702127659576,-15.206189062012667,7,500,117,6297.916630169103,4920.469257735003,11218.385887904107,0.1227848093475988,7,500,50.317142486572266
50.37068033218384,1788289460.249658,21.79732313575526,34.60575719649562,-12.808434060740357,8,500,117,6524.833069581136,4888.246369366895,11413.07943894803,0.1433957162016466,8,500,50.36739730834961
50.42042398452759,1788289460.2994015,20.203951561504145,29.59949937421777,-9.39554781271363,0,440,118,6832.652787536821,4913.6257750694485,11746.278562606269,0.1633731911123328,0,440,50.41714072227478
50.47053527832031,1788289460.3495128,19.37539834289356,25.344180225281605,-5.968781882388043,0,272,118,7709.351221327502,5119.309699399193,12828.660920726696,0.2018949240246652,0,272,50.467252016067505
50.52042722702026,1788289460.3994048,19.120458891013385,22.84105131414268,-3.720592423129293,3,204,117,9510.540712350274,6820.105121214769,16330.645833565042,0.1647476541072088,3,204,50.517143964767456
50.57041811943054,1788289460.4493957,19.120458891013385,21.526908635794744,-2.406449744781358,4,144,117,12219.362527008676,9464.382194002024,21683.7447210107,0.1270527931615604,4,144,50.567134857177734
50.62068247795105,1788289460.49966,19.120458891013385,20.963704630788484,-1.8432457397750996,6,124,117,13107.523598332296,10320.269477317932,23427.79307565023,0.1189721162387808,6,124,50.61739921569824
50.67064666748047,1788289460.5496242,19.120458891013385,20.77596996245307,-1.6555110714396832,6,120,117,13748.489509707117,10939.006632048908,24687.496141756023,0.1138018558676873,6,120,50.66736340522766
50.72090744972229,1788289460.599885,19.120458891013385,20.713391739674595,-1.59293284866121,6,116,117,13795.473244966794,10994.071997115634,24789.54524208243,0.1130073674403488,6,116,50.71762418746948
50.77081990242005,1788289460.6497974,19.120458891013385,20.713391739674595,-1.59293284866121,6,116,117,13870.683212759774,11082.404814918213,24953.088027677983,0.1117408151948488,6,116,50.767536640167236
50.82097029685974,1788289460.6999478,19.05672402804334,20.52565707133917,-1.4689330432958307,4,100,118,14208.948967082944,11388.157532417425,25597.106499500365,0.1101996209892152,4,100,50.817687034606934
50.870766401290894,1788289460.749744,19.05672402804334,20.52565707133917,-1.4689330432958307,5,108,117,14282.583127485994,11450.294988949368,25732.878116435364,0.110064957589321,5,108,50.867483139038086
50.92111110687256,1788289460.8000886,19.05672402804334,20.52565707133917,-1.4689330432958307,5,108,117,14283.96531965298,11476.456547809968,25760.421867462945,0.1089853569280663,5,108,50.91782784461975
50.9711344242096,1788289460.850112,18.992989165073297,20.52565707133917,-1.5326679062658748,6,108,117,14296.796981835048,11504.066299909686,25800.863281744736,0.1082417534416898,6,108,50.96785116195679
51.02114248275757,1788289460.90012,18.992989165073297,20.52565707133917,-1.5326679062658748,6,112,117,14307.306872970916,11520.47820552466,25827.785078495577,0.1079004126361029,6,112,51.01785922050476
51.071144342422485,1788289460.950122,18.992989165073297,20.52565707133917,-1.5326679062658748,7,112,117,14315.20173323764,11547.586810705005,25862.788543942643,0.107011466216424,7,112,51.06786131858826
51.12148642539978,1788289461.000464,18.992989165073297,20.52565707133917,-1.5326679062658748,6,112,118,14303.568347691862,11559.51632167212,25863.084669363983,0.1060991780794886,6,112,51.11820316314697
51.17140030860901,1788289461.0503778,18.929254302103253,20.52565707133917,-1.5964027692359188,5,112,117,14320.387497198764,11577.06339924568,25897.450896444443,0.1059302751040152,5,112,51.1681170463562
51.22120928764343,1788289461.1001868,18.036966220522626,20.52565707133917,-2.488690850816546,5,120,117,14329.676001518292,11571.649344672096,25901.325346190388,0.1064820668434193,5,120,51.217926025390625
51.27186179161072,1788289461.150839,15.61504142766093,20.212765957446805,-4.597724529785875,6,164,117,14946.00205675409,12116.414928101636,27062.41698485573,0.1045578127864893,6,164,51.26857829093933
51.32158088684082,1788289461.2005584,13.001912045889105,19.524405506883603,-6.5224934609945,23,268,117,15933.082645241397,12998.091610542466,28931.174255783862,0.101447352559918,23,268,51.31829762458801
51.371697425842285,1788289461.250675,11.536010197578076,17.897371714643302,-6.361361517065227,28,352,116,19970.472774390422,16523.499752726697,36493.97252711712,0.0944532146809292,28,352,51.36841416358948
51.42157673835754,1788289461.3005545,11.089866156787762,16.270337922403,-5.18047176561524,28,296,116,23734.948459248222,19587.51490189285,43322.46336114107,0.0957340196189189,28,296,51.418293714523315
51.47191405296326,1788289461.3508916,11.089866156787762,15.331664580725906,-4.241798423938144,25,272,116,27267.267411571505,22947.382639988584,50214.65005156009,0.0860283755268092,25,272,51.46863079071045
51.5217969417572,1788289461.4007745,10.962396430847674,15.018773466833544,-4.05637703598587,32,260,117,28172.549999622934,23885.201036742325,52057.751036365255,0.0823575524783169,32,260,51.518513679504395
51.57188868522644,1788289461.4508662,10.707456978967496,14.768460575719647,-4.061003596752153,28,252,116,29022.776351809,24744.805372370924,53767.58172417992,0.0795641321825381,28,252,51.56860542297363
51.622018814086914,1788289461.5009964,10.579987253027406,14.580725907384233,-4.000738654356825,27,260,116,29431.36363997272,25211.43708947417,54642.80072944688,0.0772274937258924,27,260,51.618735551834106
51.672141790390015,1788289461.551119,10.51625239005736,14.455569461827285,-3.9393170717699215,33,256,116,29998.75153858382,25830.409996359584,55829.1615349434,0.0746624421291958,33,256,51.66885828971863
51.722283363342285,1788289461.601261,10.452517527087316,14.455569461827285,-4.003051934739967,34,264,116,30093.284822794594,25926.62148805788,56019.90631085247,0.0743782631769508,34,264,51.71900010108948
51.77221155166626,1788289461.651189,10.452517527087316,14.455569461827285,-4.003051934739967,31,268,116,30186.800948107146,26016.418529474035,56203.21947758118,0.0742018421257277,31,268,51.76892828941345
51.8221333026886,1788289461.7011108,10.388782664117272,14.455569461827285,-4.0667867977100105,31,268,116,30238.015643007373,26062.40715671137,56300.42279971874,0.0741665564599785,31,268,51.81885004043579
51.87225341796875,1788289461.751231,9.560229445506693,14.455569461827285,-4.89534001632059,34,272,116,30313.11142679433,26143.427553671387,56456.53898046572,0.07385652660298,34,272,51.86897015571594
51.92238211631775,1788289461.8013597,6.373486297004462,14.267834793491865,-7.894348496487403,37,320,116,30554.40625089397,26410.677280954493,56965.08353184847,0.0727415587413784,37,320,51.91909885406494
51.97238516807556,1788289461.8513627,2.2307202039515617,13.57947434292866,-11.3487541389771,72,440,114,32676.81232222121,28692.489102231277,61369.30142445248,0.0649237180073617,72,440,51.969101905822754
52.022385358810425,1788289461.901363,1.5933715742511154,12.077596996245306,-10.484225421994193,83,500,114,35795.85703586906,31998.18887850991,67794.04591437898,0.0560177240661436,83,500,52.01910209655762
52.07250928878784,1788289461.9514868,2.48565965583174,10.95118898623279,-8.46552933040105,116,500,114,40041.14176457365,36273.239085433845,76314.3808500075,0.049373429190829,116,500,52.069226026535034
52.12295866012573,1788289462.0019362,2.676864244741874,10.32540675844806,-7.648542513706185,106,480,113,41725.40179497571,37907.68058832998,79633.0823833057,0.0479413968715855,106,480,52.119675397872925
52.17275714874268,1788289462.0517347,2.676864244741874,10.262828535669586,-7.585964290927712,117,496,100,42392.01262369068,38601.82606063136,80993.83868432204,0.0467959862704098,117,496,52.16947388648987
52.22285199165344,1788289462.1018295,2.676864244741874,10.262828535669586,-7.585964290927712,115,500,113,42553.6886023838,38793.47387440476,81347.16247678857,0.0462242887580986,115,500,52.219568729400635
52.27277731895447,1788289462.1517549,2.676864244741874,10.262828535669586,-7.585964290927712,115,500,113,42741.38541737112,38939.57700347394,81680.96242084506,0.0465446084524458,115,500,52.26949405670166
52.32320785522461,1788289462.2021854,2.676864244741874,10.262828535669586,-7.585964290927712,112,500,113,42837.64530445734,39062.20669267174,81899.85199712908,0.0460982348529512,112,500,52.3199245929718
52.37291741371155,1788289462.251895,2.9318036966220524,10.262828535669586,-7.331024839047533,121,500,113,42927.69709695052,39160.66594931923,82088.36304626975,0.0458899533117498,121,500,52.36963415145874
52.42300987243652,1788289462.3019874,2.995538559592097,10.262828535669586,-7.267289976077489,112,484,113,42994.84712476688,39204.30946055704,82199.15658532392,0.0461140700424974,112,484,52.419726610183716
52.47298192977905,1788289462.3519597,3.0592734225621414,10.262828535669586,-7.203555113107445,109,480,113,43067.77441728717,39295.42313699625,82363.19755428343,0.0458014185013234,109,480,52.469698905944824
52.524088621139526,1788289462.4030662,2.7405991077119185,10.262828535669586,-7.522229427957667,108,480,113,43095.48427403618,39333.687804406254,82429.17207844244,0.0456367130079878,108,480,52.52080535888672
52.57318186759949,1788289462.4521594,2.995538559592097,10.262828535669586,-7.267289976077489,121,496,113,43168.25045932249,39416.97347464471,82585.2239339672,0.0454231012036389,121,496,52.56989860534668
52.62322545051575,1788289462.502203,3.250478011472276,10.262828535669586,-7.01235052419731,104,476,113,43203.01255341318,39452.222318183296,82655.23487159648,0.0453787378507444,104,476,52.61994218826294
52.67321300506592,1788289462.5521903,4.270235818992989,10.262828535669586,-5.992592716676596,98,464,114,43242.76864391107,39502.38476522113,82745.15340913221,0.0452036611763309,98,464,52.66992950439453
52.72349548339844,1788289462.602473,8.859145952836203,10.262828535669586,-1.4036825828333832,53,352,115,43290.95803079185,39556.213154647296,82847.17118543915,0.0450799323948547,53,352,52.72021222114563
52.773529052734375,1788289462.6525066,16.5710643722116,10.262828535669586,6.308235836542012,16,188,117,43341.16561429876,39593.0785410963,82934.24415539506,0.0451934796219957,16,188,52.77024579048157
52.82342338562012,1788289462.702401,26.19502868068834,11.013767209011265,15.181261471677074,0,1252,118,42358.620950132696,38346.1572709031,80704.7782210358,0.0497177957448836,0,1252,52.82014012336731
52.87361884117127,1788289462.7525964,36.90248565965583,14.580725907384233,22.3217597522716,1,1472,118,30602.74797504916,26971.114045653627,57573.86202070279,0.063077823893239,1,1472,52.87033557891846
52.92379903793335,1788289462.8027766,48.24729126832377,19.58698372966208,28.66030753866169,1,1524,117,19245.377878274816,16906.688044298833,36152.065922573645,0.0646903510019239,1,1524,52.92051577568054
52.974271297454834,1788289462.8532488,59.78330146590185,24.28035043804756,35.502951027854294,7,1524,117,9140.127082231911,7916.542024741829,17056.669106973743,0.0717364597868532,7,1524,52.970988035202026
53.0242600440979,1788289462.9032376,71.19184193753983,29.411764705882355,41.78007723165748,7,1524,117,8448.253791939358,7239.81769527568,15688.071487215038,0.0770289769299235,7,1524,53.02097678184509
53.07386922836304,1788289462.9528468,82.09050350541747,34.54317897371715,47.547324531700326,6,1524,117,7071.964000864211,6695.497377767048,13767.461378631258,0.0273446652758717,6,1524,53.07058596611023
53.12385964393616,1788289463.0028372,92.09687699171448,39.67459324155194,52.42228375016253,7,1524,105,7061.929498443956,6487.770371698613,13549.69987014257,0.0423743058700901,7,1524,53.12057638168335
53.17412519454956,1788289463.0531027,99.04397705544932,44.931163954943685,54.11281310050565,7,1524,117,7044.792964292438,6224.905685558439,13269.698649850878,0.0617864278887157,7,1524,53.17084193229675
53.22412467002869,1788289463.1031022,99.87253027405993,50.12515644555696,49.74737382850296,5,1524,117,7123.430108718423,6123.784073217354,13247.214181935777,0.0754608494866951,5,1524,53.22084140777588
53.274250507354736,1788289463.153228,99.68132568514976,55.44430538172716,44.23702030342262,9,1524,117,7484.151488429339,5973.196052947516,13457.347541376856,0.1122773585831932,9,1524,53.27096724510193
53.32420349121094,1788289463.203181,99.68132568514976,60.51314142678348,39.168184258366296,9,1524,117,7505.565392280523,5891.63502402453,13397.200416305051,0.1204677334147931,9,1524,53.32092022895813
53.37419629096985,1788289463.2531738,99.68132568514976,65.76971214017522,33.91161354497456,8,1524,117,7484.718932354802,5778.059633192524,13262.778565547324,0.1286803734773693,8,1524,53.37091302871704
53.42452311515808,1788289463.303501,99.68132568514976,70.83854818523155,28.842777499918228,8,1524,117,7535.329976672873,5716.50256098784,13251.832537660714,0.1372510111726859,8,1524,53.42124009132385
53.474491119384766,1788289463.353469,99.68132568514976,76.09511889862328,23.58620678652649,5,1524,117,7550.17331191094,5634.693703828928,13184.867015739868,0.1452786445092958,5,1524,53.47120809555054
53.52449774742127,1788289463.4034753,99.68132568514976,81.1639549436796,18.51737074147017,6,1524,117,7733.400004088058,5616.741157701743,13350.1411617898,0.1585495479586781,6,1524,53.52121448516846
53.57442760467529,1788289463.4534051,99.68132568514976,86.35794743429287,13.323378250856903,7,1524,117,7956.105064968528,5535.522012113033,13491.62707708156,0.1794137237136785,7,1524,53.571144342422485
53.62455105781555,1788289463.5035286,99.61759082217974,91.36420525657071,8.253385565609022,0,1424,118,7978.785743663841,5515.309022124107,13494.094765787948,0.1825596132454525,0,1424,53.621267795562744
53.6746039390564,1788289463.5535817,99.61759082217974,94.93116395494368,4.686426867236065,1,1252,118,8144.406070701746,5443.937936310673,13588.34400701242,0.1987341601741511,1,1252,53.67132091522217
53.72524905204773,1788289463.6042266,99.61759082217974,96.55819774718398,3.0593930749957536,6,1196,117,8132.686562631532,5407.256545056899,13539.943107688432,0.2012881439676835,6,1196,53.72196578979492
53.77475881576538,1788289463.6537364,99.61759082217974,97.18397997496872,2.433610847211014,7,1172,117,8108.00083623156,5365.874833083246,13473.875669314806,0.2035142723925521,7,1172,53.77147555351257
53.82494735717773,1788289463.703925,99.61759082217974,97.30913642052566,2.3084544016540747,10,1180,117,8090.542545041827,5345.667159540939,13436.209704582763,0.204289412405098,10,1180,53.82166409492493
53.87496685981751,1788289463.7539444,99.61759082217974,97.4342928660826,2.1832979560971357,8,1168,117,8059.712852754601,5307.860696755927,13367.57354951053,0.2058602592165604,8,1168,53.8716835975647
53.92518424987793,1788289463.8041618,99.61759082217974,97.4342928660826,2.1832979560971357,10,1172,117,8047.798919583654,5282.412178179135,13330.211097762787,0.2074525842931801,10,1172,53.92190098762512
53.97513937950134,1788289463.854117,99.61759082217974,97.4342928660826,2.1832979560971357,11,1172,117,8014.474000936404,5255.7356623732285,13270.209663309632,0.2078895818949055,11,1172,53.971856117248535
54.02511644363403,1788289463.904094,99.61759082217974,97.4342928660826,2.1832979560971357,9,1172,117,8016.228819746431,5236.66595389951,13252.89477364594,0.2097325085063094,9,1172,54.021833181381226
54.07528734207153,1788289463.9542649,99.61759082217974,97.4342928660826,2.1832979560971357,8,1172,117,7977.2831358307985,5193.213737463878,13170.496873294676,0.2113868159379828,8,1172,54.072004079818726
54.12540411949158,1788289464.0043817,99.61759082217974,97.4342928660826,2.1832979560971357,11,1172,116,7977.949087231386,5142.344217310175,13120.29330454156,0.2161235884063409,11,1172,54.12212085723877
54.17539358139038,1788289464.054371,99.61759082217974,97.49687108886108,2.1207197333186514,8,1164,117,7966.875486412093,4299.944877392369,12266.820363804462,0.2989308150170427,8,1164,54.17211031913757
54.22546410560608,1788289464.1044416,99.61759082217974,97.49687108886108,2.1207197333186514,11,1168,117,7954.962001564145,3955.4045775295417,11910.366579093688,0.335804729222612,11,1168,54.22218084335327
54.27586722373962,1788289464.1548448,99.61759082217974,97.49687108886108,2.1207197333186514,11,1168,117,7946.44300069594,3901.552721681033,11847.995722376974,0.3413986950869198,11,1168,54.272583961486816
54.32554292678833,1788289464.2045205,99.61759082217974,97.49687108886108,2.1207197333186514,8,1168,117,7921.815317429589,3880.2871632776496,11802.10248070724,0.3424413709979708,8,1168,54.32225966453552
54.3756799697876,1788289464.2546575,99.61759082217974,97.49687108886108,2.1207197333186514,8,1168,117,7905.999776716759,3860.567078666766,11766.566855383524,0.3438073949496235,8,1168,54.37239670753479
54.42556691169739,1788289464.3045444,99.61759082217974,97.49687108886108,2.1207197333186514,8,1168,117,7909.641251748385,3821.979213701957,11731.620465450342,0.3484311523787021,8,1168,54.42228364944458
54.47565245628357,1788289464.35463,99.61759082217974,97.55944931163954,2.058141510540196,8,1160,117,7898.518036350291,3834.643314606135,11733.161350956429,0.346358036013277,8,1160,54.47236919403076
54.52584981918335,1788289464.4048274,99.61759082217974,97.55944931163954,2.058141510540196,8,1164,117,7892.399340900774,3816.815244447831,11709.214585348604,0.3480663939281291,8,1164,54.52256655693054
54.57616019248962,1788289464.4551375,99.61759082217974,97.55944931163954,2.058141510540196,8,1164,117,7890.605269319518,3826.606416755312,11717.21168607483,0.3468400982627986,8,1164,54.57287669181824
54.62590932846069,1788289464.5048869,99.61759082217974,97.55944931163954,2.058141510540196,8,1164,117,7837.817378522621,3823.701837845343,11661.519216367964,0.344218919181912,8,1164,54.622626066207886
54.67639207839966,1788289464.5553696,99.61759082217974,97.55944931163954,2.058141510540196,8,1164,117,7833.162914772707,3833.0901816698174,11666.253096442526,0.3428755316754322,8,1164,54.67310881614685
54.72604823112488,1788289464.6050258,99.61759082217974,97.55944931163954,2.058141510540196,9,1164,117,7830.01960296984,3804.86147809732,11634.88108106716,0.3459561036186653,9,1164,54.72276496887207
54.7763934135437,1788289464.655371,99.61759082217974,97.55944931163954,2.058141510540196,9,1164,117,7800.523930799607,3806.013018862888,11606.536949662495,0.3441604441756311,9,1164,54.773110151290894
54.82622790336609,1788289464.7052054,99.61759082217974,97.55944931163954,2.058141510540196,11,1164,117,7781.59988109938,3818.0058703503055,11599.605751449686,0.3417007522220067,11,1164,54.82294464111328
54.8764123916626,1788289464.75539,99.61759082217974,97.55944931163954,2.058141510540196,10,1164,117,7803.584981172564,3772.934684484314,11576.519665656877,0.3481746166462839,10,1164,54.87312912940979
54.92671060562134,1788289464.805688,99.61759082217974,97.55944931163954,2.058141510540196,8,1164,117,7816.254040478207,3759.164270184997,11575.418310663204,0.3504918493144945,8,1164,54.92342710494995
54.976662158966064,1788289464.8556397,99.61759082217974,97.55944931163954,2.058141510540196,8,1164,117,7788.529246098848,3748.00696718012,11536.536213278969,0.3502370385894461,8,1164,54.97337889671326
55.02653408050537,1788289464.9055116,99.61759082217974,97.55944931163954,2.058141510540196,8,1164,117,7779.738637507361,3744.53514163814,11524.2737791455,0.3501481805449108,8,1164,55.02325081825256
55.07673001289368,1788289464.9557076,99.61759082217974,97.55944931163954,2.058141510540196,7,1164,117,7756.0219951903055,3727.9865017823504,11484.008496972656,0.3507516991536362,7,1164,55.07344675064087
55.1269371509552,1788289465.0059147,99.61759082217974,97.55944931163954,2.058141510540196,10,1164,117,7747.078601175812,3720.5191133505177,11467.59771452633,0.3511249337535391,10,1164,55.12365388870239
55.17691612243652,1788289465.0558937,99.61759082217974,97.55944931163954,2.058141510540196,7,1164,117,7739.678958983765,3699.5074066700886,11439.186365653852,0.3531869683008477,7,1164,55.173632860183716
55.22674250602722,1788289465.10572,99.61759082217974,97.55944931163954,2.058141510540196,8,1164,117,7744.036171165491,3645.966842762564,11390.003013928055,0.3597952804219348,8,1164,55.223459243774414
55.2769730091095,1788289465.1559503,99.61759082217974,97.55944931163954,2.058141510540196,10,1164,117,7745.138093741943,3640.7066443119143,11385.844738053856,0.3604854575007655,10,1164,55.27368950843811
55.32685685157776,1788289465.2058344,99.61759082217974,97.55944931163954,2.058141510540196,8,1164,117,7739.608329303761,3601.079726236354,11340.688055540117,0.3649274702557105,8,1164,55.32357358932495
55.37701296806336,1788289465.2559905,99.61759082217974,97.55944931163954,2.058141510540196,8,1164,117,7727.189166547733,3600.5215140322766,11327.71068058001,0.3642984684972691,8,1164,55.37372970581055
55.42713379859924,1788289465.306111,99.61759082217974,97.55944931163954,2.058141510540196,8,1164,117,7536.121858164467,3538.8809639388883,11075.002822103355,0.3609245937389681,8,1164,55.423850297927856
55.477128982543945,1788289465.3561063,99.61759082217974,97.55944931163954,2.058141510540196,8,1164,117,7544.157772686266,3462.914632152939,11007.072404839204,0.3707837098208811,8,1164,55.47384548187256
55.52724719047546,1788289465.4062247,99.61759082217974,97.55944931163954,2.058141510540196,9,1164,113,7555.288166855445,3457.7307017845906,11013.018868640036,0.3720648728514208,9,1164,55.523963928222656
55.57719612121582,1788289465.4561737,99.61759082217974,97.55944931163954,2.058141510540196,8,1164,117,7573.009076355456,3395.0552619225227,10968.064338277978,0.3809198857315315,8,1164,55.57391285896301
55.627126932144165,1788289465.5061045,99.61759082217974,97.55944931163954,2.058141510540196,10,1164,117,7545.820407031575,3354.594488475565,10900.41489550714,0.3845015037256538,10,1164,55.62384366989136
55.67760443687439,1788289465.556582,99.61759082217974,97.55944931163954,2.058141510540196,8,1164,117,7413.795129619863,3309.391364730973,10723.186494350835,0.3827597111223573,8,1164,55.67432117462158
55.72752523422241,1788289465.6065028,99.61759082217974,97.55944931163954,2.058141510540196,8,1164,117,7438.284959410459,3272.6325049276866,10710.917464338145,0.3889164927609849,8,1164,55.724241971969604
55.7775821685791,1788289465.6565597,99.61759082217974,97.55944931163954,2.058141510540196,8,1164,117,7420.495168526584,3230.530440705937,10651.025609232522,0.3933860345043863,8,1164,55.774298906326294
55.82753658294678,1788289465.706514,99.61759082217974,97.55944931163954,2.058141510540196,8,1164,117,7415.903546792574,3192.612737269043,10608.516284061618,0.3981038155042153,8,1164,55.82425308227539
55.87757015228272,1788289465.7565477,99.61759082217974,97.55944931163954,2.058141510540196,9,1164,117,7404.626893458108,3231.012296426616,10635.639189884723,0.3924178436779716,9,1164,55.87428689002991
55.92791819572449,1788289465.8068955,99.61759082217974,97.55944931163954,2.058141510540196,8,1164,117,7390.164907403856,3205.1212900603377,10595.286197464193,0.3949910874842757,8,1164,55.9246346950531
55.97804260253906,1788289465.85702,99.61759082217974,97.55944931163954,2.058141510540196,8,1164,117,7393.837106865164,3181.73985856693,10575.576965432094,0.3982853381963107,8,1164,55.974759101867676
56.02786135673523,1788289465.906839,99.61759082217974,97.55944931163954,2.058141510540196,8,1164,116,7395.268419710412,3189.4806161005217,10584.749035810932,0.3973441211861165,8,1164,56.02457809448242
56.07784366607666,1788289465.9568212,99.61759082217974,97.55944931163954,2.058141510540196,9,1164,117,7411.927733626025,3170.9262961073314,10582.854029733357,0.400742694324543,9,1164,56.07456040382385
56.12795758247376,1788289466.0069351,99.61759082217974,97.55944931163954,2.058141510540196,8,1164,117,7420.231855624502,3165.3322678407085,10585.56412346521,0.4019530313317814,8,1164,56.12467432022095
56.17812252044678,1788289466.0571,99.61759082217974,97.55944931163954,2.058141510540196,8,1164,117,7416.89048510264,3183.514618343127,10600.405103445766,0.399359819313265,8,1164,56.17483925819397
56.22817349433899,1788289466.107151,99.61759082217974,97.55944931163954,2.058141510540196,8,1164,117,7427.196272897326,3177.390827646592,10604.587100543918,0.400751618611606,8,1164,56.22489023208618
56.28026628494263,1788289466.1592438,99.5538559592097,97.55944931163954,1.994406647570159,9,1164,117,7434.956666998835,3197.4964321499506,10632.453099148786,0.3985402235339394,9,1164,56.27698302268982
56.32834267616272,1788289466.2073202,99.5538559592097,97.55944931163954,1.994406647570159,7,1160,117,7473.472205141766,3226.0170429740865,10699.489248115851,0.3969773756177794,7,1160,56.32505941390991
56.37817478179932,1788289466.2571523,99.5538559592097,97.55944931163954,1.994406647570159,7,1160,117,7527.735638902619,3193.2887683762992,10721.024407278916,0.4042940959619023,7,1160,56.37489151954651
56.42812442779541,1788289466.307102,99.5538559592097,97.55944931163954,1.994406647570159,8,1160,117,7488.939227447433,3286.5283059301128,10775.467533377545,0.3899980124760382,8,1160,56.4248411655426
56.47862792015076,1788289466.3576057,99.5538559592097,97.55944931163954,1.994406647570159,10,1160,117,7562.312145475377,3305.275828444416,10867.587973919794,0.3917185972864506,10,1160,56.47534489631653
56.52841472625733,1788289466.4073925,99.5538559592097,97.55944931163954,1.994406647570159,7,1160,117,7535.961910862325,3380.250287979341,10916.212198841666,0.3806917222920924,7,1160,56.525131702423096
56.578542947769165,1788289466.4575205,99.5538559592097,97.55944931163954,1.994406647570159,10,1160,117,7551.7516142312925,3402.3856913490413,10954.137305580334,0.3787944049933034,10,1160,56.57525968551636
56.62842845916748,1788289466.507406,99.5538559592097,97.55944931163954,1.994406647570159,10,1160,117,7558.133930536967,3494.5539171900864,11052.687847727057,0.3676553675749145,10,1160,56.62514519691467
56.67885518074036,1788289466.5578327,99.5538559592097,97.55944931163954,1.994406647570159,7,1160,117,7552.732790991787,3530.417416979661,11083.150207971448,0.3629216692487948,7,1160,56.67557191848755
56.72857093811035,1788289466.6075485,99.5538559592097,97.55944931163954,1.994406647570159,7,1160,117,7553.193142851253,3577.9305005133874,11131.12364336464,0.3571304002815164,7,1160,56.725287675857544
56.77892827987671,1788289466.6579058,99.5538559592097,97.55944931163954,1.994406647570159,7,1160,117,7554.308613225192,3768.2547042653537,11322.563317490543,0.3343813412914482,7,1160,56.7756450176239
56.82882595062256,1788289466.7078035,99.5538559592097,97.55944931163954,1.994406647570159,10,1160,117,7578.619620331399,4228.244158480873,11806.863778812272,0.2837650645095833,10,1160,56.82554268836975
56.87885236740112,1788289466.75783,99.5538559592097,97.55944931163954,1.994406647570159,8,1160,117,7573.343517163296,4573.27581256194,12146.619329725236,0.2469878756519176,8,1160,56.875569105148315
56.92906212806702,1788289466.8080397,99.5538559592097,97.55944931163954,1.994406647570159,8,1160,117,7582.217467794637,4616.166657949738,12198.384125744376,0.2431511238923133,8,1160,56.92577886581421
56.97911310195923,1788289466.8580906,99.5538559592097,97.55944931163954,1.994406647570159,9,1160,117,7569.947124372774,4673.255542728546,12243.20266710132,0.2365959022656646,9,1160,56.97582983970642
57.029027700424194,1788289466.9080052,99.5538559592097,97.55944931163954,1.994406647570159,7,1160,117,7530.39511403944,5035.1092997368005,12565.504413776242,0.1985822241697613,7,1160,57.02574443817139
57.07915592193604,1788289466.9581337,99.5538559592097,97.55944931163954,1.994406647570159,10,1160,117,7605.043933695506,4942.686425492998,12547.730359188505,0.2121784125089129,10,1160,57.07587289810181
57.129130125045776,1788289467.0081077,99.5538559592097,97.55944931163954,1.994406647570159,8,1160,117,7730.198598565309,4917.971873902518,12648.170472467827,0.2223425696850279,8,1160,57.12584686279297
57.179349184036255,1788289467.0583267,99.5538559592097,97.55944931163954,1.994406647570159,9,1160,117,7713.515200838528,4948.738086239574,12662.2532870781,0.2183479552901081,9,1160,57.17606592178345
57.22941994667053,1788289467.1083975,99.5538559592097,97.55944931163954,1.994406647570159,8,1160,117,7694.934035400292,5058.323252564206,12753.257287964498,0.2067401859228785,8,1160,57.226136684417725
57.2796950340271,1788289467.1586726,99.5538559592097,97.55944931163954,1.994406647570159,9,1160,117,7717.645194631402,5093.195844977429,12810.841039608831,0.2048615966383194,9,1160,57.27641177177429
57.32945227622986,1788289467.2084298,99.5538559592097,97.55944931163954,1.994406647570159,9,1160,117,7704.9990061748,5134.701425655832,12839.700431830632,0.2001836097473892,9,1160,57.32616901397705
57.37950301170349,1788289467.2584803,99.5538559592097,97.55944931163954,1.994406647570159,8,1160,117,7686.164072020887,5239.20546550162,12925.369537522509,0.1893144021465472,8,1160,57.376219511032104
57.429779052734375,1788289467.3087566,99.5538559592097,97.55944931163954,1.994406647570159,8,1160,118,7671.78080455284,5219.977697497209,12891.758502050048,0.1901837601647397,8,1160,57.42649579048157
57.47973036766052,1788289467.358708,99.5538559592097,97.55944931163954,1.994406647570159,7,1160,118,7697.446946210684,5545.452634579133,13242.899580789815,0.1625017465777086,7,1160,57.476447105407715
57.52976846694946,1788289467.408746,99.5538559592097,97.55944931163954,1.994406647570159,8,1160,118,7689.400180602003,5543.892070607082,13233.292251209084,0.1621295796440143,8,1160,57.526485204696655
57.58002519607544,1788289467.4590027,99.5538559592097,97.55944931163954,1.994406647570159,8,1160,117,7669.234745967133,5389.146366344451,13058.381112311585,0.1746072778863062,8,1160,57.57674193382263
57.62986779212952,1788289467.508845,99.5538559592097,97.55944931163954,1.994406647570159,9,1160,117,7680.369128735194,4848.934448350808,12529.303577086,0.2259850009191737,9,1160,57.62658429145813
57.67994260787964,1788289467.55892,99.5538559592097,97.55944931163954,1.994406647570159,7,1160,117,7687.860279854797,4821.442136866462,12509.30241672126,0.2291429248010486,7,1160,57.67665910720825
57.72990512847901,1788289467.608883,99.5538559592097,97.55944931163954,1.994406647570159,8,1160,111,7608.269843959933,4826.944748357751,12435.214592317683,0.2236652270818429,8,1160,57.726622104644775
57.78011703491211,1788289467.6590946,99.5538559592097,97.55944931163954,1.994406647570159,7,1160,118,7664.651499842397,4792.139263585332,12456.790763427727,0.230598096316313,7,1160,57.7768337726593
57.83011984825134,1788289467.7090974,99.5538559592097,97.55944931163954,1.994406647570159,9,1160,117,7647.639938750416,4869.560872460237,12517.200811210652,0.2219409201937606,9,1160,57.826836585998535
57.8803493976593,1788289467.759327,99.5538559592097,97.55944931163954,1.994406647570159,8,1160,117,7659.94517564795,4847.225045268152,12507.1702209161,0.2248886103489665,8,1160,57.877066135406494
57.9306480884552,1788289467.8096256,99.5538559592097,97.55944931163954,1.994406647570159,8,1160,117,7626.38414718121,4832.25802975214,12458.64217693335,0.2242721219333417,8,1160,57.92736482620239
57.98071432113648,1788289467.859692,99.5538559592097,97.55944931163954,1.994406647570159,7,1160,117,7619.407492555122,4830.034673782056,12449.44216633718,0.2240560485766522,7,1160,57.977431297302246
58.03039741516113,1788289467.909375,99.5538559592097,97.55944931163954,1.994406647570159,8,1160,118,7624.5464653527215,4821.235065115589,12445.78153046831,0.2252418936789459,8,1160,58.027114152908325
58.080443382263184,1788289467.959421,99.5538559592097,97.55944931163954,1.994406647570159,7,1160,118,7616.644770519862,4812.128472240706,12428.773242760568,0.2256470726033007,7,1160,58.077160120010376
58.13062834739685,1788289468.009606,99.5538559592097,97.55944931163954,1.994406647570159,7,1160,118,7618.318658511363,4795.2080831024205,12413.526741613785,0.2274221205763425,7,1160,58.12734508514404
58.18046712875366,1788289468.059445,99.5538559592097,97.55944931163954,1.994406647570159,10,1160,118,7624.192301839582,4792.64782304897,12416.840124888551,0.2280406649607261,10,1160,58.177184104919434
58.23058104515076,1788289468.1095586,99.5538559592097,97.55944931163954,1.994406647570159,9,1160,117,7630.14092518264,4214.017807200733,11844.158732383374,0.2884226051987812,9,1160,58.22729778289795
58.28078842163086,1788289468.159766,99.5538559592097,97.55944931163954,1.994406647570159,9,1160,117,7614.369860536299,3683.203028611715,11297.572889148014,0.3479656091177514,9,1160,58.27750515937805
58.33076190948486,1788289468.2097394,99.5538559592097,97.55944931163954,1.994406647570159,8,1160,117,7610.091496422998,3670.4814921983966,11280.572988621394,0.3492384658295681,8,1160,58.327478647232056
58.38112282752991,1788289468.2601004,99.5538559592097,97.55944931163954,1.994406647570159,9,1160,117,7490.537803134616,3644.133827242332,11134.671630376948,0.3454438625202699,9,1160,58.3778395652771
58.430853843688965,1788289468.3098314,99.5538559592097,97.55944931163954,1.994406647570159,9,1160,117,7453.768391244951,3665.880700332304,11119.649091577256,0.3406481319434656,9,1160,58.42757058143616
58.48096776008606,1788289468.3599453,99.5538559592097,97.55944931163954,1.994406647570159,10,1160,117,7428.1051047187875,3644.770551933109,11072.875656651897,0.3416758816859725,10,1160,58.47768449783325
58.53113579750061,1788289468.410113,99.5538559592097,97.55944931163954,1.994406647570159,9,1160,117,7439.328811470474,3615.559767203077,11054.888578673552,0.3458894241271675,9,1160,58.527852296829224
58.58111548423767,1788289468.460093,99.5538559592097,97.55944931163954,1.994406647570159,7,1160,117,7437.37871493133,3627.352606246388,11064.731321177718,0.3443396859888151,7,1160,58.57783222198486
58.631134033203125,1788289468.5101116,99.5538559592097,97.55944931163954,1.994406647570159,8,1160,118,7434.024857887825,3631.3689156849873,11065.393773572812,0.3436530158813345,8,1160,58.62785077095032
58.68124055862427,1788289468.560218,99.5538559592097,97.55944931163954,1.994406647570159,7,1160,117,7450.613010195763,3639.249056271111,11089.862066466874,0.343680014330324,7,1160,58.67795729637146
58.73127007484436,1788289468.6102476,99.5538559592097,97.55944931163954,1.994406647570159,7,1160,117,7436.856309582137,3625.16229066672,11062.018600248855,0.3445749059606235,7,1160,58.72798681259155
58.78138208389282,1788289468.6603596,99.5538559592097,97.55944931163954,1.994406647570159,9,1160,118,7428.713976972425,3622.178281542845,11050.89225851527,0.3444550545225389,9,1160,58.778098821640015
58.83150792121887,1788289468.7104857,99.5538559592097,97.55944931163954,1.994406647570159,7,1160,118,7443.743854154966,3615.987244237627,11059.731098392593,0.3460985240837962,7,1160,58.828224897384644
58.88164830207825,1788289468.7606258,99.5538559592097,97.55944931163954,1.994406647570159,8,1160,117,7426.532978315178,3612.0520819222784,11038.585060237456,0.3455588624427237,8,1160,58.87836503982544
58.93179535865784,1788289468.810773,99.5538559592097,97.55944931163954,1.994406647570159,7,1160,118,7430.75009301335,3619.957536245212,11050.707629258564,0.3448460211433374,7,1160,58.92851209640503
58.98195552825928,1788289468.860933,99.5538559592097,97.55944931163954,1.994406647570159,7,1160,118,7422.451116630155,3627.114598463501,11049.565715093657,0.3434828676553542,7,1160,58.97867226600647
59.03178882598877,1788289468.9107664,99.5538559592097,97.55944931163954,1.994406647570159,8,1160,117,7432.968616719116,3623.204876788818,11056.173493507931,0.3445824852664758,8,1160,59.02850556373596
59.08189749717712,1788289468.960875,99.5538559592097,97.55944931163954,1.994406647570159,8,1160,117,7422.683932758515,3635.238667508377,11057.922600266891,0.342509655941951,8,1160,59.078614234924316
59.13193392753601,1788289469.0109117,99.5538559592097,97.55944931163954,1.994406647570159,8,1160,117,7426.049174016147,3617.96470772766,11044.013881743807,0.3448098225033383,8,1160,59.12865090370178
59.18217611312866,1788289469.0611537,99.5538559592097,97.55944931163954,1.994406647570159,8,1160,117,7441.027638940434,3613.715437378881,11054.743076319315,0.3462144868622184,8,1160,59.178892850875854
59.23242235183716,1788289469.1114,99.5538559592097,97.55944931163954,1.994406647570159,8,1160,117,7424.453010355813,3614.8690029836607,11039.322013339472,0.3450922079063192,8,1160,59.22913908958435
59.28232479095459,1788289469.1613023,99.5538559592097,97.55944931163954,1.994406647570159,10,1160,117,7418.6957308797155,3629.558089992835,11048.253820872553,0.3429625805417663,10,1160,59.27904152870178
59.33233904838562,1788289469.2113166,99.5538559592097,97.55944931163954,1.994406647570159,8,1160,117,7428.995214620693,3603.389673576294,11032.384888196988,0.3467614282689891,8,1160,59.32905578613281
59.38213515281677,1788289469.2611127,99.5538559592097,97.55944931163954,1.994406647570159,8,1160,117,7426.542012104619,3602.548066271678,11029.090078376295,0.3467188969043137,8,1160,59.378851890563965
59.43228268623352,1788289469.3112602,99.5538559592097,97.55944931163954,1.994406647570159,8,1160,118,7411.56032114506,3605.982093748167,11017.542414893229,0.3454108079722581,8,1160,59.42899942398071
59.48229289054871,1788289469.3612704,99.5538559592097,97.55944931163954,1.994406647570159,7,1160,117,7422.353015184532,3604.2414714875777,11026.594486672113,0.3462638939259008,7,1160,59.4790096282959
59.53264260292053,1788289469.41162,99.5538559592097,97.55944931163954,1.994406647570159,8,1160,117,7407.727529014951,3606.054943196516,11013.782472211467,0.3451741121100146,8,1160,59.529359102249146
59.58250045776367,1788289469.461478,99.5538559592097,97.55944931163954,1.994406647570159,10,1160,117,7414.961179987724,3601.3990652668595,11016.360245254584,0.3461726041832734,10,1160,59.579217195510864
59.63245177268982,1788289469.5114293,99.5538559592097,97.55944931163954,1.994406647570159,8,1160,118,7413.1975302108,3596.1242720618984,11009.321802272698,0.3467128426894496,8,1160,59.62916851043701
59.68288278579712,1788289469.5618603,99.5538559592097,97.55944931163954,1.994406647570159,7,1160,117,7420.412518441589,3591.098084381696,11011.510602823284,0.3477555961375617,7,1160,59.67959952354431
59.73265624046326,1788289469.6116338,99.5538559592097,97.55944931163954,1.994406647570159,9,1160,118,7404.439486644409,3598.9108365045563,11003.350323148965,0.3458518122551948,9,1160,59.72937297821045
59.7831552028656,1788289469.6621327,99.5538559592097,97.55944931163954,1.994406647570159,9,1160,117,7405.822517195886,3590.3542726286155,10996.176789824502,0.3469813479261245,9,1160,59.77987194061279
59.83287954330444,1788289469.711857,99.5538559592097,97.55944931163954,1.994406647570159,8,1160,118,7421.044444288832,3611.510580916354,11032.555025205183,0.3452993304514815,8,1160,59.829596281051636
59.88286709785461,1788289469.7618446,99.5538559592097,97.55944931163954,1.994406647570159,7,1160,117,7414.044890986251,3593.936538935332,11007.981429921583,0.3470307772928476,7,1160,59.87958383560181
59.93280053138733,1788289469.811778,99.5538559592097,97.55944931163954,1.994406647570159,8,1160,118,7418.116510177808,3589.8637125293344,11007.98022270714,0.3477706827408351,8,1160,59.92951726913452
59.98311758041382,1788289469.862095,99.5538559592097,97.55944931163954,1.994406647570159,7,1160,117,7409.218552001127,3595.8566468880204,11005.075198889148,0.3465093910033461,7,1160,59.97983431816101
60.03303098678589,1788289469.9120083,99.5538559592097,97.55944931163954,1.994406647570159,8,1160,118,7406.634916802352,3593.737716483315,11000.372633285668,0.3466152763572495,8,1160,60.0297474861145
60.08297514915466,1788289469.9619527,99.5538559592097,97.55944931163954,1.994406647570159,9,1160,117,7410.783969860023,3583.3884199960085,10994.17238985603,0.3481294829791307,9,1160,60.079691886901855
60.13312029838562,1788289470.0120978,99.5538559592097,97.55944931163954,1.994406647570159,8,1160,118,7404.5597101608,3581.013831561346,10985.573541722146,0.3480515481579543,8,1160,60.12983703613281
60.183212995529175,1788289470.0621903,99.5538559592097,97.55944931163954,1.994406647570159,8,1160,117,7414.470973810975,3587.4218683487125,11001.892842159688,0.3478536975743719,8,1160,60.17992949485779
60.23340439796448,1788289470.112382,99.5538559592097,97.55944931163954,1.994406647570159,8,1160,117,7414.984199305302,3582.7128717204805,10997.697071025785,0.3484612553732921,8,1160,60.23012113571167
60.2836058139801,1788289470.1625834,99.5538559592097,97.55944931163954,1.994406647570159,7,1160,118,7407.615423036671,3583.4299742048893,10991.04539724156,0.3479364619667155,7,1160,60.280322551727295
60.33348059654236,1788289470.212458,99.5538559592097,97.55944931163954,1.994406647570159,8,1160,118,7408.997890091342,3566.8496042584966,10975.84749434984,0.3500548169798015,8,1160,60.33019709587097
60.38337397575378,1788289470.2623515,99.5538559592097,97.55944931163954,1.994406647570159,7,1160,117,7408.480756400978,3570.3204817293717,10978.801238130349,0.3495973915022103,7,1160,60.38009071350098
60.43343496322632,1788289470.3124125,99.5538559592097,97.55944931163954,1.994406647570159,7,1160,117,7401.927717372976,3583.3822044075623,10985.30992178054,0.3476047139457027,7,1160,60.43015170097351
60.48348021507263,1788289470.3624578,99.5538559592097,97.55944931163954,1.994406647570159,9,1160,117,7390.468514240404,3585.1967051685683,10975.665219408971,0.3467007906129215,9,1160,60.480196952819824
60.53356885910034,1788289470.4125464,99.5538559592097,97.55944931163954,1.994406647570159,9,1160,118,7397.089978590058,3569.5289146875502,10966.61889327761,0.3490192466019542,9,1160,60.530285596847534
60.58379626274109,1788289470.4627738,99.5538559592097,97.55944931163954,1.994406647570159,9,1160,117,7396.156274248553,3558.009434264247,10954.1657085128,0.3503823971734854,9,1160,60.58051300048828
60.63367652893066,1788289470.512654,99.5538559592097,97.55944931163954,1.994406647570159,8,1160,117,7395.391414532998,3564.836333817745,10960.227748350742,0.3494959382839158,8,1160,60.630393266677856
60.68370413780213,1788289470.5626817,99.5538559592097,97.55944931163954,1.994406647570159,10,1160,117,7394.163177220578,3553.2936381450577,10947.456815365636,0.3508458269216053,10,1160,60.680420875549316
60.733806848526,1788289470.6127844,99.5538559592097,97.55944931163954,1.994406647570159,7,1160,117,7400.940736670347,3553.97959462898,10954.920331299329,0.3511628588525839,7,1160,60.73052358627319
60.7838921546936,1788289470.6628697,99.5538559592097,97.55944931163954,1.994406647570159,8,1160,117,7392.676351945725,3553.741495207088,10946.417847152814,0.3507023859624683,8,1160,60.780608892440796
60.83401656150818,1788289470.712994,99.5538559592097,97.55944931163954,1.994406647570159,8,1160,117,7401.681391022438,3546.887110581991,10948.56850160443,0.35208203518803,8,1160,60.83073329925537
60.88396239280701,1788289470.76294,99.5538559592097,97.55944931163954,1.994406647570159,8,1160,116,7396.125225215361,3551.332789567981,10947.458014783342,0.3512041270635986,8,1160,60.8806791305542
60.93410849571228,1788289470.813086,99.5538559592097,97.55944931163954,1.994406647570159,8,1160,117,7394.565354243802,3551.63235961528,10946.19771385908,0.3510746923347593,8,1160,60.93082523345947
60.98431921005249,1788289470.8632967,99.5538559592097,97.55944931163954,1.994406647570159,8,1160,117,7399.683873697074,3561.419070165077,10961.102943862152,0.3501714036616448,8,1160,60.98103594779968
61.034287214279175,1788289470.9132648,99.5538559592097,97.55944931163954,1.994406647570159,9,1160,117,7394.775170185521,3546.0129472154567,10940.788117400978,0.3517810766162932,9,1160,61.03100395202637
61.08413219451904,1788289470.9631095,99.5538559592097,97.55944931163954,1.994406647570159,7,1160,117,7377.717807631352,3558.368646922971,10936.086454554325,0.3492427731419238,7,1160,61.080848693847656
61.13434648513794,1788289471.013324,99.5538559592097,97.55944931163954,1.994406647570159,7,1160,117,7389.409287913872,3547.0414841026504,10936.450772016522,0.3513359026534295,7,1160,61.13106322288513
61.184714794158936,1788289471.0636923,99.5538559592097,97.55944931163954,1.994406647570159,8,1160,118,7394.723923934322,3540.019486879354,10934.743410813677,0.3525189656707391,8,1160,61.18143153190613
61.23470497131348,1788289471.1136825,99.5538559592097,97.55944931163954,1.994406647570159,8,1160,118,7384.09677904589,3548.211048617078,10932.307827662968,0.3508761179156094,8,1160,61.23142170906067
61.28484296798706,1788289471.1638205,99.5538559592097,97.55944931163954,1.994406647570159,9,1160,117,7391.15440963028,3560.4787425626487,10951.633152192928,0.3497812256704915,9,1160,61.28155970573425
61.33481907844544,1788289471.2137966,99.5538559592097,97.55944931163954,1.994406647570159,8,1160,117,7396.706192556256,3543.2190381870687,10939.925230743323,0.3522407213113428,8,1160,61.33153581619263
61.38471174240112,1788289471.2636893,99.5538559592097,97.55944931163954,1.994406647570159,8,1160,117,7393.808796735347,3547.675224809272,10941.484021544618,0.3515184562124063,8,1160,61.381428480148315
61.43474721908569,1788289471.3137248,99.5538559592097,97.55944931163954,1.994406647570159,9,1160,117,7381.939929830884,3547.459774806631,10929.399704637515,0.3508408749473426,9,1160,61.431463956832886
61.484888315200806,1788289471.363866,99.5538559592097,97.55944931163954,1.994406647570159,8,1160,117,7372.099090242675,3541.527139188218,10913.626229430893,0.3509898424709206,8,1160,61.48160529136658
61.53668451309204,1788289471.415662,99.5538559592097,97.55944931163954,1.994406647570159,8,1160,118,7386.845649851677,3548.6538052780106,10935.499455129688,0.3509845947432446,8,1160,61.53340125083923
61.58513712882996,1788289471.464115,99.5538559592097,97.55944931163954,1.994406647570159,7,1160,118,7379.078752745259,3549.494986919736,10928.573739664997,0.3504193554485652,7,1160,61.58185410499573
61.635146141052246,1788289471.5141237,99.5538559592097,97.55944931163954,1.994406647570159,8,1160,117,7387.176838814028,3534.494310153817,10921.671148967846,0.3527557711737465,8,1160,61.63186287879944
61.685131549835205,1788289471.564109,99.5538559592097,97.55944931163954,1.994406647570159,8,1160,118,7380.28971684224,3544.3265380889243,10924.616254931165,0.3511302446913716,8,1160,61.6818482875824
61.73520183563232,1788289471.6141794,99.5538559592097,97.55944931163954,1.994406647570159,8,1160,117,7371.371576213631,3536.152394062491,10907.52397027612,0.3516122625632013,8,1160,61.73191857337952
61.78536772727966,1788289471.6643453,99.5538559592097,97.55944931163954,1.994406647570159,9,1160,117,7392.944124455519,3529.1829498149937,10922.127074270513,0.3537553764360122,9,1160,61.782084465026855
61.83545064926148,1788289471.7144282,99.5538559592097,97.55944931163954,1.994406647570159,10,1160,117,7367.122844013325,3526.040602940297,10893.163446953622,0.3526140280349161,10,1160,61.83216738700867
61.88538765907288,1788289471.7643652,99.5538559592097,97.55944931163954,1.994406647570159,8,1160,117,7376.95624938833,3532.230799257111,10909.18704864544,0.3524300603690361,8,1160,61.88210439682007
61.93537092208862,1788289471.8143485,99.5538559592097,97.55944931163954,1.994406647570159,7,1160,118,7389.639128160335,3518.9145745283413,10908.553702688676,0.3548338908280719,7,1160,61.932087659835815
61.98548030853272,1788289471.8644578,99.5538559592097,97.55944931163954,1.994406647570159,7,1160,117,7374.407349392683,3517.39645042902,10891.803799821702,0.3541204900355257,7,1160,61.98219704627991
62.03568124771118,1788289471.9146588,99.5538559592097,97.55944931163954,1.994406647570159,7,1160,117,7377.412199481194,3505.35807038675,10882.770269867944,0.355796734937549,7,1160,62.032397985458374
62.085684061050415,1788289471.9646616,99.5538559592097,97.55944931163954,1.994406647570159,8,1160,117,7374.486509176347,3523.156092120279,10897.642601296626,0.3534094994634736,8,1160,62.08240079879761
62.13574767112732,1788289472.0147252,99.5538559592097,97.55944931163954,1.994406647570159,8,1160,117,7381.827232336178,3519.4700455062098,10901.297277842388,0.3543025282578493,8,1160,62.13246440887451
62.185932874679565,1788289472.0649104,99.5538559592097,97.55944931163954,1.994406647570159,7,1160,117,7368.928541066388,3518.873603551844,10887.802144618232,0.3536117653844032,7,1160,62.18264961242676
62.23581552505493,1788289472.114793,99.5538559592097,97.55944931163954,1.994406647570159,7,1160,118,7385.550276455084,3527.651067783143,10913.201344238229,0.3535075627197853,7,1160,62.232532262802124
62.28613758087158,1788289472.165115,99.5538559592097,97.55944931163954,1.994406647570159,10,1160,117,7377.545049528539,3528.899285925998,10906.444335454536,0.3528781374779872,10,1160,62.282854318618774
62.33613395690918,1788289472.2151115,99.5538559592097,97.55944931163954,1.994406647570159,7,1160,117,7374.017151210742,3540.034967591592,10914.052118802334,0.3512886086565505,7,1160,62.33285069465637
62.38621783256531,1788289472.2651954,99.5538559592097,97.55944931163954,1.994406647570159,7,1160,118,7381.606707588449,3560.7142529087505,10942.3209604972,0.3491848272842185,7,1160,62.3829345703125
62.43624711036682,1788289472.3152246,99.5538559592097,97.55944931163954,1.994406647570159,7,1160,117,7369.1689723214195,3539.5509529283827,10908.719925249805,0.3510602568985967,7,1160,62.432963848114014
62.48624658584595,1788289472.365224,99.5538559592097,97.55944931163954,1.994406647570159,7,1160,117,7364.471664562145,3535.400824060901,10899.872488623045,0.3512950123497235,7,1160,62.48296308517456
62.53645372390747,1788289472.4154313,99.5538559592097,97.55944931163954,1.994406647570159,7,1160,117,7371.499949017112,3525.7189737290537,10897.218922746166,0.3529139868210428,7,1160,62.53317046165466
62.5864052772522,1788289472.4653828,99.5538559592097,97.55944931163954,1.994406647570159,8,1160,117,7374.172917043656,3540.960393704426,10915.133310748082,0.3511832988392989,8,1160,62.58312201499939
62.63671398162842,1788289472.5156915,99.5538559592097,97.55944931163954,1.994406647570159,10,1160,117,7376.633231272579,3538.8635696368638,10915.496800909445,0.3515890968257135,10,1160,62.63343071937561
62.68648624420166,1788289472.5654638,99.5538559592097,97.55944931163954,1.994406647570159,8,1160,117,7373.494939364062,3536.3155118761424,10909.810451240204,0.3517182488767911,8,1160,62.68320298194885
62.73686814308167,1788289472.6158457,99.5538559592097,97.55944931163954,1.994406647570159,7,1160,117,7364.686075144443,3540.888874458846,10905.57494960329,0.3506277494177136,7,1160,62.73358488082886
62.78672099113464,1788289472.6656983,99.5538559592097,97.55944931163954,1.994406647570159,7,1160,118,7368.473842005252,3535.836685646297,10904.310527651549,0.3514790913776724,7,1160,62.78343749046326
62.83659267425537,1788289472.7155702,99.5538559592097,97.55944931163954,1.994406647570159,8,1160,117,7366.969966147806,3536.7917078774685,10903.761674025274,0.3512712743341147,8,1160,62.83330941200256
62.88679504394531,1788289472.7657726,99.5538559592097,97.55944931163954,1.994406647570159,7,1160,117,7366.785463176946,3536.409959301658,10903.195422478604,0.3513076080410687,7,1160,62.883511781692505
62.93682503700256,1788289472.8158026,99.5538559592097,97.55944931163954,1.994406647570159,10,1160,117,7365.253840583072,3555.571330871179,10920.825171454251,0.3488456641234358,10,1160,62.933541774749756
62.986907958984375,1788289472.8658855,99.5538559592097,97.55944931163954,1.994406647570159,7,1160,117,7369.243914879688,3535.941871333886,10905.185786213577,0.3515118512141163,7,1160,62.98362469673157
63.03697538375855,1788289472.915953,99.5538559592097,97.55944931163954,1.994406647570159,9,1160,117,7362.454767081729,3533.849677877597,10896.304444959324,0.3513673015051686,9,1160,63.03369212150574
63.08684754371643,1788289472.965825,99.5538559592097,97.55944931163954,1.994406647570159,8,1160,117,7358.498162521245,3541.0967589886022,10899.594921509848,0.350233328029391,8,1160,63.08356428146362
63.137120485305786,1788289473.016098,99.5538559592097,97.55944931163954,1.994406647570159,7,1160,117,7367.542659291434,3544.83140091209,10912.374060203523,0.3503097710259437,7,1160,63.13383722305298
63.18716883659363,1788289473.0661464,99.5538559592097,97.55944931163954,1.994406647570159,10,1160,117,7357.689347776783,3528.304589179096,10885.993936955878,0.3517717151759247,10,1160,63.18388557434082
63.23731470108032,1788289473.1162922,99.5538559592097,97.55944931163954,1.994406647570159,7,1160,117,7360.206410731048,3533.0144723537705,10893.220883084818,0.3513370360753639,7,1160,63.234031438827515
63.28710842132568,1788289473.166086,99.5538559592097,97.55944931163954,1.994406647570159,7,1160,118,7365.305897158581,3534.4724530317662,10899.778350190349,0.3514597564325622,7,1160,63.283825159072876
63.33735275268555,1788289473.2163303,99.5538559592097,97.55944931163954,1.994406647570159,8,1160,117,7356.336373566233,3527.5916043829266,10883.92797794916,0.3517796862438216,8,1160,63.33406949043274
